date,household_count,common_clean_day,dfl__bill_aud,dfl__voltage_percentage_points,dfl__mean_voltage_excursion_pu,dfl__daily_import_peak_kw,dfl__daily_export_peak_kw,dfl__loss_kwh,dfl__voltage_090_110_percentage_points,mlp__bill_aud,mlp__voltage_percentage_points,mlp__mean_voltage_excursion_pu,mlp__daily_import_peak_kw,mlp__daily_export_peak_kw,mlp__loss_kwh,mlp__voltage_090_110_percentage_points,msecont__bill_aud,msecont__voltage_percentage_points,msecont__mean_voltage_excursion_pu,msecont__daily_import_peak_kw,msecont__daily_export_peak_kw,msecont__loss_kwh,msecont__voltage_090_110_percentage_points,dfl_minus_mlp__bill_aud,dfl_minus_mlp__voltage_percentage_points,dfl_minus_mlp__mean_voltage_excursion_pu,dfl_minus_mlp__daily_import_peak_kw,dfl_minus_mlp__daily_export_peak_kw,dfl_minus_mlp__loss_kwh,dfl_minus_mlp__voltage_090_110_percentage_points,dfl_minus_msecont__bill_aud,dfl_minus_msecont__voltage_percentage_points,dfl_minus_msecont__mean_voltage_excursion_pu,dfl_minus_msecont__daily_import_peak_kw,dfl_minus_msecont__daily_export_peak_kw,dfl_minus_msecont__loss_kwh,dfl_minus_msecont__voltage_090_110_percentage_points
2012-07-01,27,True,6.38121630722702,9.25925925925926,0.00011014504987217096,103.41390571140857,0.0,7.043390392268586,0.0,6.380798352979259,10.339506172839503,0.0001255594006319851,104.95093998206531,0.0,7.200916662360934,0.0,6.38403121015748,10.339506172839506,0.00012640550205789703,104.83055261396429,0.0,7.186584322735619,0.0,0.00041795424776136514,-1.0802469135802433,-1.5414350759814137e-05,-1.5370342706567328,0.0,-0.15752627009234832,0.0,-0.0028149029304600504,-1.0802469135802468,-1.626045218572606e-05,-1.416646902555712,0.0,-0.14319393046703333,0.0
2012-07-02,27,True,5.331617646166529,15.123456790123457,0.0003022339586614411,104.35843805756636,6.040772888082749,6.819641866485356,0.0,5.362891061409332,15.817901234567902,0.0003277780238124602,105.40254177567904,7.085569402575337,7.022674861496013,0.0,5.36205140651639,15.74074074074074,0.00032728377095149935,105.28320334125763,6.608364291792779,7.014573999541854,0.0,-0.03127341524280336,-0.6944444444444446,-2.5544065151019086e-05,-1.0441037181126802,-1.044796514492588,-0.20303299501065641,0.0,-0.030433760349860783,-0.6172839506172831,-2.5049812290058265e-05,-0.9247652836912721,-0.56759140371003,-0.19493213305649792,0.0
2012-07-03,27,True,5.051860685014398,18.209876543209877,0.0002832313636869479,102.70518873914006,6.418741031816816,6.159688610552594,0.0,5.098293407817086,19.058641975308642,0.0003176744442273875,103.27603687918902,7.1988247004418815,6.345254232004267,0.0,5.090667207234991,19.521604938271604,0.00031160808244936776,103.05090529672164,7.0366402451867955,6.319247291633155,0.0,-0.046432722802688176,-0.8487654320987659,-3.44430805404396e-05,-0.570848140048966,-0.7800836686250658,-0.18556562145167277,0.0,-0.03880652222059311,-1.3117283950617278,-2.837671876241985e-05,-0.34571655758158215,-0.6178992133699799,-0.15955868108056048,0.0
2012-07-04,27,True,5.7653085998642215,15.972222222222223,0.00027136329226663114,111.65093538127118,0.0,6.549893805368401,0.0,5.784365642779472,17.978395061728396,0.0002954517670477143,112.53986838483749,0.0,6.686479649136084,0.0,5.7819275464978315,16.74382716049383,0.0002773239954805508,112.41736571695867,0.0,6.649690958031412,0.0,-0.019057042915250122,-2.0061728395061724,-2.4088474781083172e-05,-0.8889330035663079,0.0,-0.13658584376768257,0.0,-0.016618946633609966,-0.7716049382716061,-5.960703213919662e-06,-0.7664303356874882,0.0,-0.09979715266301081,0.0
2012-07-05,27,True,5.2181651659373065,15.277777777777779,0.00022834745379996996,117.19695732489575,1.2740783529753417,6.587072209400825,0.0,5.2267391382595445,15.432098765432098,0.00024916280402963826,118.09613364823355,1.896759242332471,6.748971027414613,0.0,5.227501279055134,15.50925925925926,0.000244730360493474,117.6866031195446,1.8955485500530023,6.701470735174938,0.0,-0.008573972322238,-0.15432098765431945,-2.0815350229668302e-05,-0.8991763233377981,-0.6226808893571294,-0.16189881801378814,0.0,-0.009336113117827338,-0.23148148148148096,-1.6382906693504057e-05,-0.48964579464885105,-0.6214701970776606,-0.11439852577411358,0.0
2012-07-06,27,True,5.427056039981896,10.339506172839503,0.00010453216214401249,117.5717174214125,0.5103603305719778,6.981115229367508,0.0,5.417681811530736,11.651234567901234,0.00012166687169199468,117.93709404445065,1.16292662715285,7.136565465933105,0.0,5.426413888228756,10.95679012345679,0.00011711052226950288,117.93044329932727,1.1563468450107426,7.100179684652989,0.0,0.009374228451160427,-1.3117283950617313,-1.7134709547982194e-05,-0.365376623038145,-0.6525662965808722,-0.15545023656559653,0.0,0.0006421517531407517,-0.6172839506172867,-1.2578360125490396e-05,-0.3587258779147646,-0.6459865144387648,-0.11906445528548115,0.0
2012-07-07,27,True,6.116170138382727,10.570987654320986,0.00015909670415691662,115.98519322458368,3.7979982616789494,7.8358810109522565,0.0,6.118773637727695,11.265432098765432,0.00017401979146795671,116.67223941981565,3.693571951280602,7.952424304119367,0.0,6.119613948244267,11.111111111111112,0.00017226905350722107,116.31659348961232,3.7074471570193746,7.9214429459956115,0.0,-0.00260349934496773,-0.6944444444444464,-1.492308731104009e-05,-0.6870461952319715,0.1044263103983476,-0.1165432931671102,0.0,-0.003443809861540359,-0.540123456790127,-1.3172349350304451e-05,-0.33140026502863407,0.09055110465957483,-0.08556193504335496,0.0
2012-07-08,27,True,5.1444721072830655,20.37037037037037,0.00040277128133529177,94.99369885994727,11.247512680650752,6.975475375876438,0.0,5.177453865630031,21.527777777777775,0.0004326229931128861,95.32865614914677,11.424813280183255,7.083647210756714,0.0,5.174480188141778,21.296296296296294,0.00043201384458919873,95.32865614914677,11.436213612391025,7.077057369790381,0.0,-0.03298175834696515,-1.1574074074074048,-2.985171177759434e-05,-0.33495728919949386,-0.17730059953250255,-0.10817183488027649,0.0,-0.030008080858712205,-0.9259259259259238,-2.9242563253906965e-05,-0.33495728919949386,-0.18870093174027325,-0.10158199391394351,0.0
2012-07-09,27,True,4.847362310111084,19.212962962962962,0.0003094305646947888,90.79327046311678,4.218504533040131,5.733939370203704,0.0,4.874541476429897,19.907407407407405,0.00034033522262701555,92.16111846751328,5.792025892983597,5.934946445992778,0.0,4.872100111700542,19.444444444444443,0.00033499951523897914,91.9864411268501,5.379050675849274,5.913731988734842,0.0,-0.02717916631881323,-0.6944444444444429,-3.090465793222677e-05,-1.3678480043964925,-1.5735213599434656,-0.20100707578907429,0.0,-0.02473780158945793,-0.23148148148148096,-2.5568950544190353e-05,-1.1931706637333122,-1.1605461428091424,-0.17979261853113826,0.0
2012-07-10,27,True,4.656103940907207,16.049382716049383,0.00025510609372474347,93.91818953110935,8.282099305042884,5.367688310887849,0.0,4.669544234097673,18.132716049382715,0.0002839378462538783,95.6879079809154,8.145726297382474,5.542834409940277,0.0,4.673115404524434,17.74691358024691,0.0002783540119954506,95.44593689240085,8.155224393863406,5.517772132656609,0.0,-0.013440293190465802,-2.083333333333332,-2.8831752529134814e-05,-1.7697184498060494,0.13637300766040994,-0.17514609905242828,0.0,-0.017011463617226497,-1.6975308641975282,-2.3247918270707143e-05,-1.5277473612915031,0.12687491117947758,-0.15008382176876012,0.0
2012-07-11,27,True,4.061464108029669,27.23765432098765,0.00040749143765780887,99.97373728530512,11.08175825313661,5.259268012249442,0.0,4.070238713382734,28.549382716049383,0.0004447357630399066,101.73635759761937,11.085306518235871,5.47269666083181,0.0,4.068879025576744,28.16358024691358,0.0004393700192582119,101.50912082072685,11.124079407780256,5.4459691830187005,0.0,-0.00877460535306529,-1.3117283950617313,-3.7244325382097755e-05,-1.7626203123142545,-0.0035482650992619824,-0.21342864858236776,0.0,-0.007414917547075461,-0.9259259259259274,-3.187858160040303e-05,-1.5353835354217296,-0.04232115464364661,-0.18670117076925852,0.0
2012-07-12,27,True,5.2878269354589875,11.265432098765432,0.00026817377081113527,100.0392085019585,7.422838425159363,5.514629263520305,0.0,5.265406844091308,12.577160493827158,0.0002906881050169982,102.65874918605073,7.666607020351299,5.718621988179837,0.0,5.27900961084553,12.191358024691358,0.00028596841414871033,102.2238757066652,7.693989404454153,5.699598277425258,0.0,0.022420091367679085,-1.311728395061726,-2.2514334205862917e-05,-2.619540684092229,-0.24376859519193594,-0.2039927246595319,0.0,0.008817324613457522,-0.9259259259259256,-1.7794643337575066e-05,-2.184667204706699,-0.2711509792947897,-0.18496901390495246,0.0
2012-07-13,27,True,4.082924400233922,25.385802469135797,0.00031575577796506826,103.71581493145705,11.159767806375209,4.939380088643576,0.0,4.096254651211407,25.848765432098762,0.00034873714857102094,104.95891116487672,11.472058734418784,5.075736327295765,0.0,4.098192778231567,25.925925925925924,0.0003492868956556151,104.96648023796453,11.50341450883775,5.083359325144649,0.0,-0.013330250977484859,-0.46296296296296546,-3.298137060595268e-05,-1.2430962334196778,-0.3122909280435753,-0.13635623865218882,0.0,-0.015268377997645466,-0.540123456790127,-3.353111769054682e-05,-1.2506653065074858,-0.34364670246254114,-0.1439792365010728,0.0
2012-07-14,27,True,4.464199180168756,21.91358024691358,0.00033528094335976316,107.93652993150384,8.445494711072305,5.744544259041627,0.0,4.48824810662357,24.305555555555554,0.00037022409456360065,109.5556292162037,9.008031975725412,5.921860295369278,0.0,4.488577271797087,24.151234567901234,0.00036806021454927236,109.41283907754418,8.672936126441337,5.9171592218181335,0.0,-0.024048926454813824,-2.3919753086419746,-3.494315120383749e-05,-1.6190992846998569,-0.5625372646531073,-0.17731603632765136,0.0,-0.024378091628331156,-2.237654320987655,-3.2779271189509196e-05,-1.476309146040336,-0.22744141536903228,-0.1726149627765068,0.0
2012-07-15,27,True,4.729674115666103,18.51851851851852,0.00022045127062653947,97.69470949860019,4.164231510456811,5.328897426040882,0.0,4.751177417856195,20.061728395061728,0.00025797496919749587,99.70962674731614,4.958098615501377,5.52878820302019,0.0,4.750983001303865,19.83024691358025,0.00025202474106903746,99.37678611969103,5.31059909033305,5.517656461337991,0.0,-0.021503302190092555,-1.5432098765432087,-3.75236985709564e-05,-2.014917248715946,-0.7938671050445656,-0.19989077697930746,0.0,-0.021308885637762565,-1.3117283950617313,-3.157347044249799e-05,-1.682076621090843,-1.1463675798762392,-0.18875903529710847,0.0
2012-07-16,27,True,4.892279863400436,17.20679012345679,0.0002470631887293763,110.97423902876757,2.374886996460233,6.216263692389948,0.0,4.930801635599859,18.672839506172835,0.0002834670034570629,113.45817903309526,4.249977530574302,6.4796389590107015,0.0,4.919700261211777,18.132716049382715,0.0002668686819614311,113.03174004984659,3.2952940143936056,6.410504981278303,0.0,-0.03852177219942288,-1.4660493827160437,-3.6403814727686585e-05,-2.4839400043276925,-1.8750905341140691,-0.26337526662075383,0.0,-0.027420397811341424,-0.9259259259259238,-1.9805493232054772e-05,-2.0575010210790197,-0.9204070179333725,-0.1942412888883549,0.0
2012-07-17,27,True,4.473996336311043,21.759259259259256,0.000273153825008242,109.08991498517949,5.13047607427237,5.666437187877852,0.0,4.5125304395178,23.84259259259259,0.0003154518286994431,111.50935513323407,6.271463406094273,5.900870736586936,0.0,4.498999486912642,22.685185185185187,0.0002933275106534046,110.94054094940473,5.9531981676038175,5.837462145819938,0.0,-0.03853410320675721,-2.0833333333333357,-4.229800369120112e-05,-2.4194401480545764,-1.1409873318219024,-0.23443354870908362,0.0,-0.025003150601599522,-0.9259259259259309,-2.017368564516262e-05,-1.8506259642252445,-0.8227220933314472,-0.17102495794208572,0.0
2012-07-18,27,True,4.123044927425313,22.299382716049383,0.0003183415763009138,106.58565428314158,7.68537292988865,5.647696160189394,0.0,4.152642705375947,23.45679012345679,0.00033365427258169193,107.8505710603644,8.383124900925317,5.824107481912917,0.0,4.152938118024338,22.685185185185183,0.00031976621357449243,107.77478985818455,8.47744557757258,5.786144718534592,0.0,-0.029597777950634452,-1.1574074074074083,-1.5312696280778116e-05,-1.2649167772228225,-0.6977519710366673,-0.17641132172352325,0.0,-0.029893190599024955,-0.3858024691358004,-1.4246372735786123e-06,-1.1891355750429682,-0.7920726476839297,-0.13844855834519798,0.0
2012-07-19,27,True,5.419820644969599,16.666666666666664,0.0001829647373511338,105.21489474681826,4.717762435266002,6.352133425993312,0.0,5.428859446218955,18.827160493827158,0.0002165368947844129,107.14520752111005,5.280840039269664,6.5495032543651135,0.0,5.429097321667012,18.209876543209877,0.00020082882498983427,106.97123910817592,4.6160454148380285,6.508805029320042,0.0,-0.009038801249356077,-2.1604938271604937,-3.357215743327911e-05,-1.9303127742917923,-0.563077604003662,-0.1973698283718015,0.0,-0.009276676697412611,-1.5432098765432123,-1.7864087638700473e-05,-1.7563443613576624,0.10171702042797381,-0.15667160332673014,0.0
2012-07-20,27,True,4.297869122640782,27.006172839506178,0.00043998062961834745,108.51544569641378,6.264555726422201,5.821985290820088,0.0,4.318849833132992,28.163580246913583,0.0004682544182425064,108.98024389592531,6.765908155956902,5.936961593364673,0.0,4.314663459854004,27.77777777777778,0.0004584995618803765,108.99713637954466,6.682321835713357,5.923575902129904,0.0,-0.02098071049220973,-1.1574074074074048,-2.827378862415897e-05,-0.46479819951153445,-0.5013524295347009,-0.11497630254458535,0.0,-0.016794337213221766,-0.7716049382716008,-1.851893226202905e-05,-0.4816906831308785,-0.417766109291156,-0.10159061130981595,0.0
2012-07-21,27,True,5.62447096845917,11.959876543209875,0.00028210753122116485,114.64071412427893,7.635954083944677,6.693070977866662,0.0,5.626144068390613,12.73148148148148,0.0002906815989611853,116.20576068651997,7.592268307242432,6.792389320014766,0.0,5.640340581631442,12.5,0.00029063666918086213,115.91768962153142,7.6050802061378615,6.7715983526261585,0.0,-0.001673099931442934,-0.7716049382716044,-8.574067740020424e-06,-1.5650465622410366,0.043685776702244716,-0.09931834214810387,0.0,-0.015869613172271535,-0.5401234567901252,-8.529137959697281e-06,-1.2769754972524936,0.030873877806815386,-0.07852737475949656,0.0
2012-07-22,27,True,5.944014158994305,14.891975308641975,0.0002208168280104728,94.74086114245185,0.0,6.531622096356753,0.0,5.938748348514999,14.814814814814813,0.000236194679782619,96.05564429989685,0.0,6.63646294858617,0.0,5.945927426053872,14.891975308641973,0.0002340645169832301,95.86863427115006,0.0,6.62424240595435,0.0,0.005265810479305522,0.0771604938271615,-1.537785177214621e-05,-1.3147831574450066,0.0,-0.10484085222941708,0.0,-0.0019132670595674028,1.7763568394002505e-15,-1.3247688972757295e-05,-1.127773128698209,0.0,-0.0926203095975966,0.0
2012-07-23,27,True,4.617876007018184,16.820987654320987,0.00020207863018505527,110.97322907500869,4.200551720390867,5.830452656713993,0.0,4.624994611951105,18.51851851851852,0.0002129999682295078,112.2891402308018,5.118005570494337,5.969307959862631,0.0,4.6279618743290944,17.82407407407407,0.00021080967180595113,112.2724333017035,5.151912775281067,5.952514983899696,0.0,-0.0071186049329208245,-1.6975308641975317,-1.0921338044452537e-05,-1.315911155793117,-0.9174538501034704,-0.13885530314863814,0.0,-0.010085867310910324,-1.0030864197530818,-8.731041620895852e-06,-1.2992042266948118,-0.9513610548902003,-0.12206232718570309,0.0
2012-07-24,27,True,4.740548670233687,15.432098765432098,0.00017788061249994922,105.20901696952217,2.4079900053947054,5.563160990629791,0.0,4.745578578305639,15.817901234567902,0.00019827762195337561,106.31115220138449,2.9469186232338687,5.707382822776438,0.0,4.745554002053928,15.817901234567902,0.00019820891312826057,106.27067936672867,2.6238938889593446,5.708450336615343,0.0,-0.005029908071952249,-0.38580246913580396,-2.0397009453426392e-05,-1.10213523186232,-0.5389286178391632,-0.14422183214664663,0.0,-0.00500533182024121,-0.38580246913580396,-2.0328300628311347e-05,-1.0616623972065042,-0.2159038835646392,-0.14528934598555132,0.0
2012-07-25,27,True,3.7990310577537616,32.63888888888889,0.000518647592188981,103.5449095168693,9.410399960221945,5.609417052973514,0.0,3.8527623467357976,34.722222222222214,0.0005689881728999188,104.40118176125618,9.749117722268045,5.816934565672375,0.0,3.85081100209369,34.722222222222214,0.0005668494172538416,104.40118176125029,9.856116078128773,5.812021148895134,0.0,-0.05373128898203605,-2.0833333333333215,-5.034058071093773e-05,-0.8562722443868864,-0.33871776204609993,-0.20751751269886132,0.0,-0.051779944339928274,-2.0833333333333215,-4.820182506486061e-05,-0.8562722443809889,-0.4457161179068283,-0.20260409592162,0.0
2012-07-26,27,True,4.439606374394365,18.055555555555557,0.00029458913982399184,100.3196988149115,5.013763944735036,5.198803600258111,0.0,4.442282239590622,18.98148148148148,0.00031675475685456067,102.69039156881868,6.719343887106528,5.406968511961702,0.0,4.456126896307696,18.287037037037038,0.00031461330695871576,102.280744685146,6.703140512506888,5.37395083533285,0.0,-0.0026758651962568436,-0.9259259259259238,-2.2165617030568826e-05,-2.3706927539071785,-1.7055799423714921,-0.20816491170359175,0.0,-0.016520521913331088,-0.23148148148148096,-2.0024167134723918e-05,-1.9610458702345,-1.689376567771852,-0.17514723507473917,0.0
2012-07-27,27,True,4.2576300878041184,29.089506172839506,0.0004964299149384611,116.27892724247835,9.249755218922626,6.262459786759085,0.0,4.288465979172853,31.48148148148148,0.0005405362498225465,119.48069854422255,9.572767840706016,6.522870394074889,0.0,4.282471769016058,30.864197530864196,0.0005310872423044742,119.01928378417337,9.611387001784646,6.4827932103946555,0.0,-0.03083589136873499,-2.3919753086419746,-4.410633488408544e-05,-3.201771301744202,-0.3230126217833895,-0.2604106073158041,0.0,-0.024841681211939637,-1.7746913580246897,-3.46573273660131e-05,-2.7403565416950215,-0.3616317828620197,-0.2203334236355703,0.0
2012-07-28,27,True,4.490996656680301,26.080246913580247,0.0005787515558149927,106.91798926222403,6.386607170370017,6.159602310208989,0.0,4.530121158799393,26.543209876543212,0.0006096540686571413,108.31579304041752,6.576966055295479,6.361244145258361,0.0,4.522130644258082,26.543209876543212,0.000602056413467744,108.44857604967497,6.714093531620542,6.340587789064413,0.0,-0.03912450211909135,-0.46296296296296546,-3.09025128421486e-05,-1.3978037781934916,-0.1903588849254616,-0.20164183504937228,0.0,-0.031133987577780964,-0.46296296296296546,-2.330485765275126e-05,-1.5305867874509431,-0.327486361250525,-0.18098547885542438,0.0
2012-07-29,27,True,4.86488750892691,18.518518518518515,0.00024815341997578075,99.47440621959714,4.5840815493101035,5.9630971242164605,0.0,4.871693928866459,19.598765432098762,0.0002769265310578488,101.64100992016567,4.856490458388313,6.1370591426633325,0.0,4.875259312852095,19.367283950617285,0.0002705163931783342,101.69278441420076,4.888859022783785,6.124856388878536,0.0,-0.006806419939549002,-1.0802469135802468,-2.8773111082068027e-05,-2.1666037005685297,-0.2724089090782096,-0.17396201844687198,0.0,-0.010371803925185219,-0.8487654320987694,-2.236297320255343e-05,-2.2183781946036163,-0.3047774734736812,-0.16175926466207535,0.0
2012-07-30,27,True,4.924514401904266,24.614197530864192,0.0004196608404603197,103.39469403381467,4.200605531976578,6.384417040399829,0.0,4.948299812765132,26.77469135802469,0.000463712848388934,105.87919822197256,4.901713396393571,6.66536797590487,0.0,4.9401810379583715,25.385802469135797,0.00044182308248923613,105.34277264454632,4.603954838244094,6.572574296555867,0.0,-0.023785410860866385,-2.160493827160497,-4.40520079286143e-05,-2.484504188157885,-0.7011078644169935,-0.28095093550504036,0.0,-0.015666636054105787,-0.7716049382716044,-2.2162242028916435e-05,-1.948078610731642,-0.40334930626751575,-0.18815725615603807,0.0
2012-07-31,27,True,4.7765398224895,21.527777777777775,0.00023530236600794805,102.62836886461142,2.9856984128026656,5.892013749913587,0.0,4.792399690126437,22.916666666666664,0.00026558356542226777,105.17156110850331,3.0295101062266476,6.1226359143885976,0.0,4.799381114214282,22.145061728395063,0.00024919426406295537,104.64547387305288,2.2676306444926357,6.056081812646031,0.0,-0.015859867636937253,-1.3888888888888893,-3.0281199414319723e-05,-2.5431922438918946,-0.04381169342398206,-0.23062216447501083,0.0,-0.022841291724781776,-0.6172839506172885,-1.3891898055007319e-05,-2.0171050084414617,0.7180677683100298,-0.16406806273244445,0.0
2012-08-01,27,True,4.8862641720572855,20.52469135802469,0.0002662011690672693,102.94629083394952,4.784561790929423,6.1663194812905395,0.0,4.904396347580469,21.373456790123456,0.0003075995647919395,106.5343672110845,5.876950054497876,6.517261282900325,0.0,4.898478348810268,20.987654320987655,0.0002912073768185509,105.48537990949583,5.309738326245531,6.411468927947045,0.0,-0.018132175523183136,-0.8487654320987659,-4.139839572467021e-05,-3.588076377134982,-1.092388263568453,-0.3509418016097854,0.0,-0.012214176752982198,-0.46296296296296546,-2.5006207751281616e-05,-2.5390890755463147,-0.525176535316108,-0.24514944665650518,0.0
2012-08-02,27,True,4.721594039329082,24.537037037037038,0.00020454485027288595,103.56021609774558,4.619727957554151,5.763379808959466,0.0,4.74384225750335,27.00617283950617,0.0002523796840278165,105.76074967001249,5.591036559894613,6.022769310835665,0.0,4.735379771009074,25.308641975308642,0.00022715811717889103,105.47061614123415,5.236068006343405,5.9393434095751285,0.0,-0.022248218174268253,-2.4691358024691326,-4.783483375493054e-05,-2.200533572266906,-0.9713086023404625,-0.2593895018761989,0.0,-0.01378573167999253,-0.7716049382716044,-2.2613266906005078e-05,-1.9104000434885648,-0.6163400487892545,-0.1759636006156624,0.0
2012-08-03,27,True,5.3856929294907205,12.885802469135802,0.00022613591657284584,113.36118976318251,1.446092285408566,6.580756747689483,0.0,5.393161104682785,15.58641975308642,0.00024906049667080345,115.03388680607311,2.6020314518088714,6.765036608210581,0.0,5.4024674459658835,14.583333333333332,0.0002416136115509992,114.8252775240141,2.481373699058675,6.7182707937969965,0.0,-0.007468175192064663,-2.700617283950617,-2.292458009795761e-05,-1.6726970428906043,-1.1559391664003054,-0.18427986052109802,0.0,-0.016774516475162926,-1.69753086419753,-1.5477694978153356e-05,-1.464087760831589,-1.035281413650109,-0.13751404610751372,0.0
2012-08-04,27,True,5.147965985632639,18.518518518518515,0.00036689093478223294,115.46003711124273,8.84857424714594,7.213619097359806,0.0,5.174678207776899,18.672839506172835,0.00039857247676201906,116.86203334657571,9.074005097256025,7.402852765925796,0.0,5.1678179413026495,18.441358024691358,0.000389109517242011,116.55061032540519,9.084420811453795,7.349780784007932,0.0,-0.026712222144260167,-0.15432098765431945,-3.168154197978612e-05,-1.4019962353329873,-0.2254308501100848,-0.1892336685659899,0.0,-0.019851955670010746,0.07716049382715795,-2.2218582459778064e-05,-1.0905732141624611,-0.23584656430785422,-0.13616168664812633,0.0
2012-08-05,27,True,4.259536646340269,22.376543209876544,0.00042258877083287653,102.34194499973464,5.499742875679278,5.666852369941516,0.0,4.279730268095135,22.993827160493826,0.00046468900057728145,103.67279674760938,5.488121502823184,5.8590152257422705,0.0,4.276341551589507,22.53086419753086,0.0004445710265465897,103.31622929368416,5.499464305033374,5.793680799030305,0.0,-0.020193621754866165,-0.6172839506172814,-4.210022974440492e-05,-1.3308517478747461,0.011621372856094325,-0.19216285580075443,0.0,-0.016804905249237834,-0.1543209876543159,-2.198225571371315e-05,-0.9742842939495233,0.0002785706459036419,-0.1268284290887891,0.0
2012-08-06,27,True,3.8336762940708207,25.54012345679012,0.00031257813650961735,94.3784377761292,10.157978204254379,4.9441580529144815,0.0,3.865012442445471,27.314814814814813,0.0003633081283131269,96.16419658110894,10.328773528762426,5.153764988632578,0.0,3.855346733522856,26.620370370370367,0.00033930932736001696,95.5858952678366,10.34992981864241,5.072723103549812,0.0,-0.031336148374650374,-1.7746913580246932,-5.0729991803509554e-05,-1.7857588049797357,-0.17079532450804713,-0.20960693571809674,0.0,-0.021670439452035506,-1.0802469135802468,-2.673119085039961e-05,-1.2074574917074017,-0.19195161438803154,-0.12856505063533064,0.0
2012-08-07,27,True,4.521741855272762,28.780864197530864,0.00031136025972146114,104.21555364888712,6.673615423635659,5.978929224446259,0.0,4.556357032465555,28.472222222222225,0.00036236748052286704,105.95779195112168,7.5114948169142775,6.209116343142821,0.0,4.54349938944133,28.703703703703702,0.00033890262099249097,105.4816586867971,7.248838764627274,6.128084624533692,0.0,-0.0346151771927925,0.3086419753086389,-5.100722080140591e-05,-1.7422383022345542,-0.8378793932786186,-0.23018711869656183,0.0,-0.021757534168567183,0.0771604938271615,-2.754236127102983e-05,-1.2661050379099805,-0.5752233409916148,-0.1491554000874329,0.0
2012-08-08,27,True,4.007003332384354,28.626543209876544,0.000401530900270757,102.341139998864,6.711074491573551,5.517121124882824,0.0,4.041896301337254,29.938271604938272,0.00043307956033593743,104.19280521695433,7.819158176893722,5.720257957585682,0.0,4.031842893815888,30.015432098765434,0.00040898082874790584,103.7050151471071,7.656445916339619,5.638776628012477,0.0,-0.03489296895290028,-1.3117283950617278,-3.1548660065180414e-05,-1.8516652180903321,-1.108083685320171,-0.20313683270285843,0.0,-0.024839561431534207,-1.3888888888888893,-7.449928477148819e-06,-1.3638751482431104,-0.9453714247660683,-0.12165550312965312,0.0
2012-08-09,27,True,4.526375306218124,17.28395061728395,0.00022472506737683117,95.33795653408649,5.64460155741461,5.111633485142627,0.0,4.534443352035271,18.132716049382715,0.0002443008856263952,97.58446517781299,6.244697646686136,5.298560893623695,0.0,4.554563856227708,17.746913580246915,0.0002338932978471712,96.92321100577476,6.213640832242145,5.23270375747218,0.0,-0.008068045817147151,-0.8487654320987659,-1.9575818249564054e-05,-2.2465086437265,-0.6000960892715259,-0.18692740848106837,0.0,-0.028188550009584645,-0.46296296296296546,-9.168230470340042e-06,-1.5852544716882733,-0.569039274827535,-0.12107027232955314,0.0
2012-08-10,27,True,5.75052828579705,10.95679012345679,0.00012353650401531702,103.76920473424899,0.0,6.067497419215546,0.0,5.737022687577267,10.570987654320989,0.00013717543538279035,105.98563877961361,0.0,6.241763038908957,0.0,5.746485384179271,10.339506172839508,0.00013509163651671406,105.18181760945282,0.0,6.1878146544374,0.0,0.013505598219783366,0.3858024691358004,-1.3638931367473332e-05,-2.216434045364622,0.0,-0.17426561969341048,0.0,0.00404290161777876,0.6172839506172814,-1.1555132501397041e-05,-1.412612875203834,0.0,-0.12031723522185356,0.0
2012-08-11,27,True,6.8929813842113825,9.799382716049383,0.00014562807870314534,105.5343107944784,0.0,7.396461093439437,0.0,6.874075374822498,10.879629629629628,0.00015497893338345186,107.37028819281105,0.0,7.505764983402769,0.0,6.888415964918458,10.802469135802468,0.00015318202282712785,106.63576052989302,0.0,7.471666507222161,0.0,0.018906009388884648,-1.080246913580245,-9.350854680306519e-06,-1.8359773983326448,0.0,-0.10930388996333207,0.0,0.004565419292924311,-1.0030864197530853,-7.553944123982512e-06,-1.1014497354146187,0.0,-0.07520541378272405,0.0
2012-08-12,27,True,6.259821778501198,10.493827160493826,0.00024381718498383097,99.70305247898959,0.0,6.9004985630545255,0.0,6.259626738708405,10.262345679012345,0.0002484257879243799,101.54226789613598,0.0,7.0367232594314295,0.0,6.266194417115675,10.185185185185185,0.00024708343760806035,101.27893960322243,0.0,7.015397829154706,0.0,0.000195039792793672,0.23148148148148096,-4.608602940548936e-06,-1.8392154171463915,0.0,-0.13622469637690404,0.0,-0.006372638614476678,0.3086419753086407,-3.2662526242293753e-06,-1.5758871242328354,0.0,-0.11489926610018042,0.0
2012-08-13,27,True,4.076182701194588,29.629629629629626,0.0005632982356880246,102.13237749556694,10.777282365365496,6.006134366255473,0.0,4.1044878066770165,29.55246913580247,0.0005912040265776715,103.76431868113019,11.016117377021894,6.18878821810527,0.0,4.099323179135534,29.243827160493822,0.0005839209865340348,103.51737396779419,10.80833981841154,6.161147734885509,0.0,-0.028305105482428594,0.07716049382715795,-2.7905790889646903e-05,-1.6319411855632495,-0.23883501165639842,-0.1826538518497962,0.0,-0.02314047794094609,0.38580246913580396,-2.0622750846010238e-05,-1.3849964722272432,-0.031057453046043904,-0.15501336863003523,0.0
2012-08-14,27,True,4.280851947800702,21.450617283950614,0.0002757680825435404,95.40386800479004,5.866503830204651,5.269378433303437,0.0,4.303340097275301,22.762345679012345,0.0003062396878487788,98.02562196087531,6.785473982303213,5.49365205699794,0.0,4.300543810409455,22.22222222222222,0.00029423798006150486,97.61421819638771,5.948038950072264,5.434506798329078,0.0,-0.022488149474598984,-1.3117283950617313,-3.04716053052384e-05,-2.6217539560852714,-0.918970152098562,-0.22427362369450243,0.0,-0.01969186260875322,-0.7716049382716079,-1.846989751796448e-05,-2.2103501915976693,-0.0815351198676133,-0.165128365025641,0.0
2012-08-15,27,True,3.9778394382347866,24.459876543209877,0.0004213904688551845,104.1194474343835,12.625625277089577,5.57137033056112,0.0,4.008252530453287,25.46296296296296,0.00047063496767414166,105.92374614460586,13.591444404908046,5.833798378119191,0.0,4.001708353339034,24.614197530864192,0.0004517029424441644,105.47895973605965,13.558329812188903,5.750040697833149,0.0,-0.030413092218500637,-1.0030864197530818,-4.924449881895716e-05,-1.8042987102223549,-0.9658191278184685,-0.26242804755807114,0.0,-0.023868915104247712,-0.1543209876543159,-3.0312473588979885e-05,-1.3595123016761477,-0.9327045350993259,-0.17867036727202912,0.0
2012-08-16,27,True,3.8093935232647578,30.632716049382715,0.0005230979080841914,102.60459748885411,9.85918868676325,5.294478243977719,0.0,3.85113566243488,32.407407407407405,0.0005815974164474696,105.28110043924494,11.53293474216641,5.5927745169035825,0.0,3.8380615139433125,31.635802469135804,0.0005652696349388752,104.98417538414479,10.834553556870521,5.5251875374013,0.0,-0.04174213917012226,-1.7746913580246897,-5.8499508363278174e-05,-2.6765029503908266,-1.673746055403159,-0.2982962729258638,0.0,-0.028667990678554744,-1.0030864197530889,-4.217172685468378e-05,-2.37957789529068,-0.9753648701072706,-0.23070929342358149,0.0
2012-08-17,27,True,4.173169781590051,24.537037037037038,0.00036075165900912014,103.77299074155862,3.8040023206526,5.470910669138426,0.0,4.195442466257587,26.543209876543212,0.00038630355961905607,104.67165665835061,5.030776253072524,5.632247922341756,0.0,4.193477718581233,25.540123456790127,0.0003769180465329908,104.66639441658386,4.830134395493418,5.597525271061922,0.0,-0.02227268466753607,-2.006172839506174,-2.5551900609935925e-05,-0.8986659167919981,-1.226773932419924,-0.16133725320332992,0.0,-0.020307936991182274,-1.0030864197530889,-1.6166387523870653e-05,-0.8934036750252403,-1.0261320748408176,-0.12661460192349594,0.0
2012-08-18,27,True,4.451456847240879,19.444444444444443,0.0002845718585652935,92.9510812904053,5.2971581923926365,5.1470029798043795,0.0,4.4897910513412675,20.370370370370374,0.00033568820350712023,94.2141380114924,7.3402068967770715,5.352968270873506,0.0,4.480289724244686,19.90740740740741,0.0003152351914022522,93.82738744512447,5.929377509089386,5.263473744890492,0.0,-0.0383342041003889,-0.9259259259259309,-5.1116344941826706e-05,-1.2630567210870964,-2.043048704384435,-0.2059652910691261,0.0,-0.028832877003807766,-0.46296296296296546,-3.066333283695868e-05,-0.876306154719174,-0.6322193166967498,-0.11647076508611232,0.0
2012-08-19,27,True,3.977316503742552,24.76851851851852,0.0003317249489590308,99.91329672573556,5.271386688544358,5.239221290246229,0.0,4.0088572794259605,26.697530864197528,0.00038009035783184074,101.30785557355681,6.419636500005601,5.42861142844059,0.0,4.000696217511487,26.003086419753085,0.0003541024510582611,100.75729028778291,5.6666544512945825,5.3430374613931235,0.0,-0.031540775683408295,-1.9290123456790091,-4.836540887280993e-05,-1.3945588478212443,-1.148249811461243,-0.18939013819436035,0.0,-0.02337971376893444,-1.2345679012345663,-2.2377502099230268e-05,-0.8439935620473449,-0.39526776275022435,-0.10381617114689412,0.0
2012-08-20,27,True,3.9434852423068674,22.916666666666664,0.00023003320413626725,104.96122295286213,5.593204995702449,5.091868643462969,0.0,3.9658606461059085,23.996913580246915,0.00025795791970245055,106.95225427373512,6.4224457166170135,5.2965734410837015,0.0,3.960797157713492,23.45679012345679,0.00024154212030400656,106.50705775692853,6.279890531096901,5.22793467761066,0.0,-0.022375403799041127,-1.0802469135802504,-2.792471556618329e-05,-1.9910313208729917,-0.8292407209145649,-0.20470479762073257,0.0,-0.01731191540662458,-0.540123456790127,-1.1508916167739301e-05,-1.545834804066402,-0.6866855353944521,-0.13606603414769136,0.0
2012-08-21,27,True,3.521016505305946,28.78086419753086,0.00032051617358109114,98.92509816798606,6.700268080038385,4.628316749460773,0.0,3.548412169377242,29.32098765432099,0.0003360421531398491,101.01305358049873,6.82882332200077,4.801846690471134,0.0,3.5402559649591145,28.703703703703702,0.0003098182652388543,100.61713681306001,6.480419133820125,4.722792158540527,0.0,-0.02739566407129601,-0.5401234567901305,-1.5525979558757958e-05,-2.0879554125126703,-0.12855524196238477,-0.17352994101036057,0.0,-0.019239459653168645,0.07716049382715795,1.0697908342236818e-05,-1.69203864507395,0.21984894621826,-0.09447540907975327,0.0
2012-08-22,27,False,nan,nan,nan,nan,nan,nan,nan,nan,nan,nan,nan,nan,nan,nan,nan,nan,nan,nan,nan,nan,nan,nan,nan,nan,nan,nan,nan,nan,nan,nan,nan,nan,nan,nan,nan
2012-08-23,27,False,nan,nan,nan,nan,nan,nan,nan,nan,nan,nan,nan,nan,nan,nan,nan,nan,nan,nan,nan,nan,nan,nan,nan,nan,nan,nan,nan,nan,nan,nan,nan,nan,nan,nan,nan
2012-08-24,27,False,nan,nan,nan,nan,nan,nan,nan,nan,nan,nan,nan,nan,nan,nan,nan,nan,nan,nan,nan,nan,nan,nan,nan,nan,nan,nan,nan,nan,nan,nan,nan,nan,nan,nan,nan
2012-08-25,27,False,nan,nan,nan,nan,nan,nan,nan,nan,nan,nan,nan,nan,nan,nan,nan,nan,nan,nan,nan,nan,nan,nan,nan,nan,nan,nan,nan,nan,nan,nan,nan,nan,nan,nan,nan
2012-08-26,27,False,nan,nan,nan,nan,nan,nan,nan,nan,nan,nan,nan,nan,nan,nan,nan,nan,nan,nan,nan,nan,nan,nan,nan,nan,nan,nan,nan,nan,nan,nan,nan,nan,nan,nan,nan
2012-08-27,27,False,nan,nan,nan,nan,nan,nan,nan,nan,nan,nan,nan,nan,nan,nan,nan,nan,nan,nan,nan,nan,nan,nan,nan,nan,nan,nan,nan,nan,nan,nan,nan,nan,nan,nan,nan
2012-08-28,27,False,nan,nan,nan,nan,nan,nan,nan,nan,nan,nan,nan,nan,nan,nan,nan,nan,nan,nan,nan,nan,nan,nan,nan,nan,nan,nan,nan,nan,nan,nan,nan,nan,nan,nan,nan
2012-08-29,27,False,nan,nan,nan,nan,nan,nan,nan,nan,nan,nan,nan,nan,nan,nan,nan,nan,nan,nan,nan,nan,nan,nan,nan,nan,nan,nan,nan,nan,nan,nan,nan,nan,nan,nan,nan
2012-08-30,27,True,2.6172206585569864,39.04320987654321,0.0004683315513985687,86.97866589470827,8.106203615782174,3.4855712722925993,0.0,2.657644579496107,39.96913580246913,0.0005234706790664515,89.4018887615397,9.005381408155932,3.706401745631285,0.0,2.64399726832577,39.6604938271605,0.0004992189558514758,88.69769380037805,8.32572507476886,3.628741605885942,0.0,-0.04042392093912062,-0.9259259259259238,-5.513912766788278e-05,-2.4232228668314235,-0.8991777923737576,-0.22083047333868588,0.0,-0.02677660976878382,-0.617283950617292,-3.088740445290715e-05,-1.7190279056697761,-0.2195214589866854,-0.14317033359334275,0.0
2012-08-31,27,True,3.500908526255944,20.216049382716047,0.00024127413934717422,86.5002641595007,5.792848613492864,3.6649429615014433,0.0,3.5114464245161026,21.45061728395062,0.00028119428374939883,89.99352750702747,6.321190095201358,3.890650266783703,0.0,3.513904039224462,21.141975308641978,0.0002625915961004495,88.45079497711241,4.5073231493982755,3.7890048443030215,0.0,-0.010537898260158496,-1.2345679012345734,-3.992014440222462e-05,-3.4932633475267636,-0.5283414817084946,-0.2257073052822598,0.0,-0.012995512968517975,-0.9259259259259309,-2.1317456753275284e-05,-1.9505308176117069,1.2855254640945883,-0.12406188280157826,0.0
2012-09-01,27,True,3.6467334781287293,25.154320987654316,0.0004629318938342041,96.25438047362485,4.884790394519055,4.293638890305513,0.0,3.679149116369707,26.234567901234566,0.0005145695656980315,99.39012356068885,5.23959075815486,4.537814759880128,0.0,3.664609204484642,25.925925925925924,0.0004828215174219213,98.34758418898679,4.785568498630711,4.447533204133837,0.0,-0.03241563824097771,-1.0802469135802504,-5.163767186382737e-05,-3.135743087064,-0.354800363635805,-0.24417586957461435,0.0,-0.017875726355912835,-0.7716049382716079,-1.98896235877172e-05,-2.0932037153619376,0.09922189588834396,-0.15389431382832353,0.0
2012-09-02,27,True,3.2151892483345845,33.4104938271605,0.0006041602181937391,80.73304558190617,7.611492980898993,4.180658487250506,0.0,3.252624479573795,35.18518518518518,0.0006656183630264382,84.12084083844988,8.726003081685358,4.4639547386600675,0.0,3.236488274561629,34.876543209876544,0.0006225276309210072,82.63186249753107,7.817513942373879,4.308221001566152,0.0,-0.03743523123921033,-1.7746913580246826,-6.145814483269913e-05,-3.3877952565437113,-1.1145101007863643,-0.2832962514095616,0.0,-0.021299026227044493,-1.4660493827160437,-1.8367412727268088e-05,-1.8988169156249057,-0.20602096147488602,-0.12756251431564625,0.0
2012-09-03,27,True,2.9317919162024393,32.0216049382716,0.0003639500316247845,85.06018861000605,6.361356703176251,3.357706991212904,0.0,2.9607426722576924,34.49074074074075,0.00037851768968477916,88.85313516479312,7.759668619822891,3.570316763073001,0.0,2.9484742121027705,32.94753086419753,0.00035714906630716984,87.1593816698232,6.626070918692596,3.468774546196962,0.0,-0.028950756055253102,-2.4691358024691468,-1.4567658059994677e-05,-3.792946554787065,-1.39831191664664,-0.21260977186009677,0.0,-0.016682295900331212,-0.9259259259259309,6.800965317614637e-06,-2.0991930598171535,-0.2647142155163449,-0.11106755498405807,0.0
2012-09-04,27,True,2.6542711073768777,35.57098765432099,0.0003344749106875488,79.24690828260066,6.109681227414079,2.979380441204903,0.0,2.689593518214575,37.65432098765433,0.0003643169875789493,82.65758605080109,6.425208170447161,3.2039796206731372,0.0,2.671376657740063,36.34259259259259,0.0003272249032004007,80.87232885936683,5.291082876983228,3.0778418417072873,0.0,-0.03532241083769749,-2.083333333333343,-2.9842076891400504e-05,-3.4106777682004292,-0.31552694303308204,-0.22459917946823404,0.0,-0.017105550363185174,-0.7716049382716008,7.250007487148095e-06,-1.6254205767661745,0.8185983504308512,-0.09846140050238406,0.0
2012-09-05,27,True,2.333724009634697,40.74074074074075,0.00048124208205352847,85.08495610525146,8.862345741084805,3.2109529314583316,0.0,2.365011920580177,43.90432098765433,0.000504109374151739,88.69364212294266,8.905409713809588,3.4550521745757266,0.0,2.3487381333986836,42.36111111111111,0.0004788867472213954,87.06239512323194,8.918823587649225,3.3272887352397227,0.0,-0.03128791094547978,-3.1635802469135825,-2.286729209821051e-05,-3.6086860176911983,-0.04306397272478257,-0.24409924311739495,0.0,-0.015014123763986476,-1.6203703703703596,2.355334832133049e-06,-1.9774390179804726,-0.056477846564419565,-0.11633580378139108,0.0
2012-09-06,27,True,2.2235636393675167,37.03703703703704,0.00037266429603739255,78.26435922410532,6.192259705720738,2.6244563124961178,0.0,2.2548742425405273,39.50617283950617,0.0003987204607147707,82.97183934405761,6.798597957796916,2.8244341640439243,0.0,2.239428494890672,38.81172839506172,0.00036761618259792986,80.65737745691298,6.736309162034338,2.7158795037642243,0.0,-0.0313106031730106,-2.4691358024691326,-2.6056164677378175e-05,-4.707480119952294,-0.6063382520761778,-0.19997785154780656,0.0,-0.01586485552315553,-1.7746913580246826,5.0481134394626944e-06,-2.3930182328076626,-0.5440494563136005,-0.0914231912681065,0.0
2012-09-07,27,True,2.899986502105117,27.314814814814813,0.0002946115392035795,85.61099064897721,5.353485922989044,3.211979719774093,0.0,2.915407114714672,27.391975308641975,0.0003284528102205938,89.9935661458917,5.124592540445248,3.40952433193024,0.0,2.917098468755885,27.546296296296298,0.0003085940100671983,87.88118664160615,4.376414217359961,3.306643788738472,0.0,-0.015420612609554851,-0.0771604938271615,-3.3841271017014335e-05,-4.382575496914498,0.228893382543796,-0.19754461215614683,0.0,-0.01711196665076775,-0.2314814814814845,-1.3982470863618823e-05,-2.270195992628942,0.9770717056290836,-0.09466406896437896,0.0
2012-09-08,27,True,2.5707678805938463,36.49691358024691,0.0005361468040308544,85.18153281397312,10.689826141893711,3.247897378721648,0.0,2.610913586367178,39.42901234567901,0.000618358271033026,89.20055020480906,11.65697402341074,3.55716461292665,0.0,2.5911297492564396,38.2716049382716,0.0005706799138312605,87.34780433699164,10.13688516987696,3.401855964343209,0.0,-0.04014570577333165,-2.9320987654321016,-8.221146700217164e-05,-4.019017390835941,-0.9671478815170289,-0.30926723420500224,0.0,-0.020361868662593263,-1.7746913580246897,-3.4533109800406075e-05,-2.1662715230185228,0.5529409720167511,-0.15395858562156128,0.0
2012-09-09,27,True,2.5123078472954217,27.314814814814813,0.0002936727923832766,73.12687735747221,3.6356862512867947,2.787731126000872,0.0,2.5442750350771584,29.55246913580247,0.000320643856339094,77.42648851189617,4.486031581321193,3.002238006180492,0.0,2.5310019325840756,29.24382716049383,0.00029836600545178133,75.22812013019688,3.5654310321854235,2.8965467171239316,0.0,-0.03196718778173668,-2.237654320987655,-2.6971063955817404e-05,-4.299611154423957,-0.8503453300343979,-0.21450688017961994,0.0,-0.018694085288653906,-1.9290123456790162,-4.693213068504738e-06,-2.1012427727246745,0.07025521910137122,-0.10881559112305972,0.0
2012-09-10,27,True,2.1504888447914996,40.20061728395062,0.00048501921306452907,78.88463138943146,8.274041145464297,2.774839106496911,0.0,2.1864015840167146,40.972222222222214,0.0005177929570741178,83.05966547152845,8.812595508979578,2.974478050557751,0.0,2.169218835506949,40.58641975308642,0.0004801103319076298,81.06094364794002,8.325567395892586,2.8584976702455647,0.0,-0.035912739225214985,-0.7716049382715937,-3.2773744009588685e-05,-4.175034082096985,-0.5385543635152814,-0.19963894406083993,0.0,-0.01872999071544923,-0.38580246913579685,4.908881156899265e-06,-2.1763122585085597,-0.051526250428288733,-0.08365856374865377,0.0
2012-09-11,27,True,2.3749034780264084,34.027777777777786,0.00027518527777340747,83.91249072936392,6.92571025495375,2.731735801778955,0.0,2.398176022881241,34.79938271604938,0.00028552793490891015,87.96562818901249,7.941818689435199,2.9170679732627804,0.0,2.3902031928903247,33.873456790123456,0.00025819570070468407,85.93399862519776,6.104949238303445,2.8161838944198223,0.0,-0.023272544854832766,-0.7716049382715937,-1.0342657135502687e-05,-4.053137459648568,-1.016108434481449,-0.18533217148382564,0.0,-0.015299714863916236,0.1543209876543301,1.6989577068723396e-05,-2.0215078958338353,0.8207610166503052,-0.0844480926408675,0.0
2012-09-12,27,True,2.191863699492756,34.876543209876544,0.0003451857631858795,77.5089278126148,6.103646037324024,2.610448174991361,0.0,2.214607924021514,38.42592592592593,0.0003850455162275582,82.41195469674236,6.6579205115426925,2.832879205580305,0.0,2.207866501660967,35.648148148148145,0.00035189499360610365,80.41798191675771,5.545310668939218,2.7347718513702537,0.0,-0.022744224528758128,-3.5493827160493865,-3.985975304167871e-05,-4.903026884127556,-0.5542744742186683,-0.2224310305889441,0.0,-0.01600280216821126,-0.7716049382716008,-6.709230420224167e-06,-2.9090541041429105,0.5583353683848058,-0.12432367637889286,0.0
2012-09-13,27,True,3.59698076691971,18.75,0.00019394537812834914,72.85646483897722,7.5807604572621266,3.1359637644513683,0.0,3.605810889866808,20.60185185185185,0.00022074771197443335,77.28379747049382,8.063684739858862,3.327075340529308,0.0,3.630348756378855,20.833333333333336,0.00021405403989185578,75.22792221789629,6.749135153568148,3.2503502475910655,0.0,-0.008830122947098396,-1.8518518518518512,-2.680233384608422e-05,-4.427332631516606,-0.4829242825967359,-0.19111157607793983,0.0,-0.03336798945914499,-2.0833333333333357,-2.010866176350664e-05,-2.371457378919075,0.8316253036939782,-0.11438648313969724,0.0
2012-09-14,27,True,3.082031851352174,40.58641975308642,0.0006917252140244755,87.84408362800471,12.715593853509427,4.233644612176987,0.0,3.110678002922524,40.972222222222214,0.0007114526029684641,89.9740282208024,12.131196342978766,4.393263425297423,0.0,3.108030459815614,40.97222222222223,0.0007112549048910546,89.89290949340005,12.535851595028436,4.387679469726783,0.0,-0.02864615157035022,-0.38580246913579685,-1.9727388943988652e-05,-2.1299445927976848,0.5843975105306605,-0.1596188131204359,0.0,-0.025998608463440043,-0.38580246913581107,-1.9529690866579123e-05,-2.0488258653953437,0.17974225848099046,-0.15403485754979584,0.0
2012-09-15,27,True,3.0455769145418654,20.98765432098765,0.00038941974997539706,72.81366884913896,3.9410504026522193,2.867006474241915,0.0,3.0458355904440406,23.99691358024691,0.00040148881432014926,76.36429871781807,3.790283587385615,3.024443452175931,0.0,3.048155973209601,23.070987654320987,0.00038117018632217065,74.77598928154508,3.55621852416994,2.934205607446741,0.0,-0.0002586759021752094,-3.0092592592592595,-1.2069064344752206e-05,-3.55062986867911,0.1507668152666044,-0.15743697793401612,0.0,-0.0025790586677354455,-2.0833333333333357,8.24956365322641e-06,-1.9623204324061163,0.38483187848227907,-0.06719913320482584,0.0
2012-09-16,27,True,2.7181689241003393,29.86111111111111,0.00036517711248542696,82.06069195662832,5.470299779197384,2.9277552856014077,0.0,2.758825320155527,32.87037037037037,0.0004065943995009788,86.51417048384177,6.4723787143365215,3.1652433780225335,0.0,2.742364579165278,31.944444444444443,0.000384093549233867,84.92294970014102,5.604481443306453,3.0724587451714926,0.0,-0.04065639605518756,-3.009259259259256,-4.141728701555187e-05,-4.4534785272134485,-1.0020789351391377,-0.23748809242112578,0.0,-0.024195655064938926,-2.083333333333332,-1.8916436748440046e-05,-2.8622577435127,-0.13418166410906895,-0.1447034595700849,0.0
2012-09-17,27,True,3.0247362954117167,24.537037037037038,0.0003086273461285393,79.14392434176972,4.180769004600874,3.335618962294946,0.0,3.0380504812458082,27.160493827160497,0.0003402644733147479,84.40176248980057,4.984069353637522,3.5741884763111176,0.0,3.053562231040186,25.308641975308642,0.0003210090384361793,81.55475850299499,4.220860831298049,3.4336721668633614,0.0,-0.013314185834091496,-2.623456790123459,-3.163712718620861e-05,-5.2578381480308565,-0.8033003490366477,-0.23856951401617144,0.0,-0.028825935628469246,-0.7716049382716044,-1.2381692307639983e-05,-2.4108341612252673,-0.04009182669717504,-0.09805320456841526,0.0
2012-09-18,27,True,2.166441968095275,32.407407407407405,0.0004081394510188333,79.6389292098827,9.935526926148148,2.41715333770074,0.0,2.1959562967265813,35.80246913580247,0.00044791287568873747,84.52086640527557,10.086976767116813,2.6382049203264266,0.0,2.18102231643818,34.25925925925925,0.0004133631114259312,83.05367757979684,9.280431850148556,2.5545714330620477,0.0,-0.02951432863130643,-3.3950617283950635,-3.977342466990417e-05,-4.881937195392865,-0.15144984096866487,-0.22105158262568647,0.0,-0.014580348342905225,-1.8518518518518476,-5.223660407097878e-06,-3.414748369914136,0.6550950759995917,-0.13741809536130756,0.0
2012-09-19,27,True,2.1257960760591987,42.74691358024691,0.000522960415946638,71.68492162742842,9.224729779365006,2.600820711509723,0.0,2.152730682917574,43.90432098765433,0.0005834752594592172,76.28794635219374,9.182573119052613,2.8034176125159576,0.0,2.13560454129926,42.59259259259259,0.0005480702178033715,74.34180996590558,7.957830327653475,2.709622102104261,0.0,-0.026934606858375343,-1.157407407407419,-6.051484351257924e-05,-4.603024724765319,0.04215666031239351,-0.20259690100623473,0.0,-0.009808465240061182,0.154320987654323,-2.510980185673351e-05,-2.6568883384771596,1.2668994517115308,-0.1088013905945382,0.0
2012-09-20,27,True,1.9067771742028374,35.57098765432099,0.00037279131646737767,70.40438661471798,7.220636807129025,2.149486773417857,0.0,1.9292312921617534,37.26851851851852,0.00038808850412223444,73.93943461589767,7.2466860086338025,2.289900847873823,0.0,1.9281594423974988,36.882716049382715,0.0003664040734478427,72.2389753867088,7.28125406945984,2.2231218935223014,0.0,-0.022454117958915942,-1.6975308641975317,-1.5297187654856768e-05,-3.535048001179689,-0.02604920150477774,-0.1404140744559661,0.0,-0.02138226819466138,-1.3117283950617278,6.387243019534948e-06,-1.8345887719908234,-0.060617262330815436,-0.07363512010444451,0.0
2012-09-21,27,True,2.4318650948421965,25.540123456790127,0.0002746397701427526,68.65006508095537,4.427890535804555,2.3037328844741025,0.0,2.4338147487837287,25.925925925925924,0.00029351590951834925,73.2048285401288,5.980202203736267,2.4740768062551037,0.0,2.449747138178647,24.614197530864192,0.00028452803606450456,70.85869111623374,4.485206358451771,2.3930101965788246,0.0,-0.0019496539415322367,-0.38580246913579685,-1.887613937559665e-05,-4.554763459173429,-1.5523116679317122,-0.17034392178100122,0.0,-0.017882043336450604,0.9259259259259345,-9.888265921751955e-06,-2.208626035278371,-0.05731582264721613,-0.08927731210472212,0.0
2012-09-22,27,True,2.142078808022931,35.18518518518518,0.00045202986129459316,62.40052654485479,7.954967087715399,2.0495817790579625,0.0,2.1728780939597265,37.34567901234567,0.00047736380086832626,67.49932746574486,8.973552583279291,2.2052623642939055,0.0,2.154684702934524,36.49691358024691,0.00044590046374190983,64.89430567955459,7.175479956080571,2.116077066811749,0.0,-0.030799285936795595,-2.1604938271604865,-2.5333939573733103e-05,-5.0988009208900635,-1.018585495563892,-0.15568058523594308,0.0,-0.01260589491159303,-1.3117283950617278,6.1293975526833275e-06,-2.4937791346997997,0.779487131634828,-0.06649528775378633,0.0
2012-09-23,27,True,2.011717057077081,29.243827160493822,0.0003531998626857982,53.71179129010806,3.3800325601240147,1.6795911316871714,0.0,2.0282343675859527,30.941358024691358,0.00035310875660691366,58.362804674546965,3.0640316876123763,1.8078494370903977,0.0,2.0195324525048943,29.166666666666668,0.0003366182893992686,55.78797058357507,2.648118524711005,1.7268242916959924,0.0,-0.01651731050887184,-1.6975308641975353,9.110607888452357e-08,-4.6510133844389046,0.31600087251163833,-0.12825830540322625,0.0,-0.00781539542781351,0.0771604938271544,1.6581573286529572e-05,-2.076179293467007,0.7319140354130096,-0.04723316000882094,0.0
2012-09-24,27,True,1.9484381592162758,28.858024691358025,0.000328971623371312,69.36980522931363,5.357445123025531,1.9272450254580278,0.0,1.9698182447726496,34.25925925925925,0.000340791363551873,73.75215913967051,5.84875505233705,2.072827099253679,0.0,1.9574397817430425,32.48456790123457,0.0003159227681638877,71.71828560675193,4.537026820258068,1.9948273706762574,0.0,-0.021380085556373718,-5.401234567901227,-1.1819740180561038e-05,-4.382353910356883,-0.4913099293115186,-0.14558207379565102,0.0,-0.009001622526766617,-3.6265432098765444,1.3048855207424288e-05,-2.3484803774383067,0.8204183027674636,-0.06758234521822959,0.0
2012-09-25,27,True,2.9812057817181343,12.885802469135802,0.00012335269207651501,70.88215010134385,1.096944920315722,2.202919932512782,0.0,2.9931910802738133,14.429012345679013,0.000133855017003719,75.8401548337065,1.168402329725353,2.363540729332927,0.0,3.029892503894126,13.580246913580247,0.00013591386639929355,73.13188508121911,1.1564332712764092,2.2881284418632273,0.0,-0.01198529855567898,-1.5432098765432105,-1.0502324927203974e-05,-4.958004732362653,-0.07145740940963097,-0.16062079682014474,0.0,-0.04868672217599146,-0.6944444444444446,-1.2561174322778533e-05,-2.2497349798752566,-0.059488350960687164,-0.0852085093504451,0.0
2012-09-26,27,True,2.224150252245659,38.425925925925924,0.0004817690054883113,76.91279251753559,10.506297327709275,2.5856638171597663,0.0,2.2611527871795967,40.27777777777777,0.0005188016750644086,81.2211258544172,11.208462547798954,2.790408221472026,0.0,2.247279747703901,39.35185185185184,0.0004881485606585912,79.49845803488475,10.339469585177657,2.6919883984627715,0.0,-0.03700253493393779,-1.8518518518518476,-3.7032669576097306e-05,-4.308333336881603,-0.7021652200896789,-0.2047444043122595,0.0,-0.023129495458241944,-0.9259259259259167,-6.379555170279907e-06,-2.585665517349156,0.16682774253161803,-0.10632458130300515,0.0
2012-09-27,27,True,1.9565596654540793,28.009259259259256,0.0002360674858118086,59.72991265810603,7.249398097218418,1.7556572270941875,0.0,1.9817124602400482,29.398148148148145,0.0002571640198586847,64.57270407913315,6.0818950809459436,1.894034215372204,0.0,1.980011759832481,29.089506172839503,0.00023894817402920425,61.51250551833902,5.103517545381606,1.807324166662053,0.0,-0.02515279478596888,-1.3888888888888893,-2.1096534046876074e-05,-4.8427914210271155,1.1675030162724749,-0.1383769882780166,0.0,-0.023452094378401567,-1.0802469135802468,-2.8806882173956425e-06,-1.7825928602329881,2.1458805518368127,-0.0516669395678655,0.0
2012-09-28,27,True,2.1944251570263194,26.38888888888889,0.0002578028719275121,72.85382016733824,7.216383308150349,1.643080975580674,0.0,2.204895556372549,26.851851851851855,0.0002744521464288282,76.72389487377532,6.66819278755419,1.7769924527878849,0.0,2.203700876113328,26.697530864197528,0.00026206132652943463,75.37114707720524,6.085994293394469,1.733436726740437,0.0,-0.01047039934622962,-0.46296296296296546,-1.6649274501316137e-05,-3.87007470643708,0.548190520596159,-0.13391147720721097,0.0,-0.00927571908700875,-0.3086419753086389,-4.258454601922552e-06,-2.517326909866995,1.1303890147558802,-0.09035575115976302,0.0
2012-09-29,27,True,2.155040976731008,23.14814814814815,0.0002474397926710019,68.37375018205901,4.167810420453025,1.814762625310268,0.0,2.1864157756558664,27.85493827160494,0.00029349586635652006,74.27172424634391,5.888084685363047,2.083191217250626,0.0,2.170023788821396,26.38888888888889,0.0002635168920364546,71.31161717396859,4.097358218453157,1.9536363878529905,0.0,-0.03137479892485828,-4.706790123456791,-4.6056073685518185e-05,-5.897974064284895,-1.7202742649100227,-0.2684285919403582,0.0,-0.014982812090387654,-3.2407407407407405,-1.6077099365452744e-05,-2.937866991909573,0.0704522019998679,-0.13887376254272255,0.0
2012-09-30,27,True,1.954317564732886,34.9537037037037,0.00045526599710354773,68.50258187360376,7.615174578959085,1.7094967450725407,0.0,2.0023955014130586,37.73148148148149,0.0005449122084133249,74.37088751795315,8.393223999299996,1.970322343167672,0.0,1.981498435090516,35.49382716049383,0.0005019645917301015,72.01955986930581,7.305115322905367,1.8445593762118024,0.0,-0.04807793668017246,-2.7777777777777857,-8.964621130977721e-05,-5.868305644349391,-0.7780494203409116,-0.2608255980951313,0.0,-0.02718087035762995,-0.540123456790127,-4.6698594626553745e-05,-3.5169779957020495,0.31005925605371765,-0.13506263113926176,0.0
2012-10-01,27,True,2.188101103365789,22.29938271604938,0.00021217020982575814,53.05508936738472,2.6954809616934408,1.5276732267312507,0.0,2.201793911082927,24.76851851851852,0.00022877912523156356,58.864392768448674,3.1188707784148075,1.6818070527786286,0.0,2.1981536758132085,23.22530864197531,0.00019657569863910877,55.385295753773136,2.111281498847524,1.5885870207246118,0.0,-0.013692807717138322,-2.4691358024691397,-1.6608915405805425e-05,-5.809303401063957,-0.4233898167213668,-0.1541338260473779,0.0,-0.010052572447419639,-0.9259259259259309,1.5594511186649366e-05,-2.3302063863884186,0.5841994628459166,-0.060913793993361054,0.0
2012-10-02,27,True,2.228828368483709,35.03086419753086,0.0003991108307453936,70.48668882219286,8.427642820269522,1.9035421564598778,0.0,2.2455367695868147,36.26543209876543,0.0004384960534828443,76.83508018578674,8.491394973694412,2.1097473702313776,0.0,2.2287276622545558,34.876543209876544,0.0003872716061685489,73.48049406994342,7.545782836951735,1.9633489644573994,0.0,-0.016708401103105786,-1.2345679012345698,-3.9385222737450733e-05,-6.348391363593876,-0.06375215342488971,-0.2062052137714998,0.0,0.00010070622915314686,0.1543209876543159,1.1839224576844676e-05,-2.993805247750558,0.8818599833177876,-0.05980680799752158,0.0
2012-10-03,27,True,1.8519830050172106,33.873456790123456,0.00035651180729357623,69.3702499860161,8.008730675418713,1.8069810934452812,0.0,1.8704103497701765,38.117283950617285,0.00038473757116779347,75.59558548858632,8.820023403846722,2.019138868157882,0.0,1.8534462167145234,35.26234567901234,0.00034082606424611734,72.13876637449115,6.941212813354277,1.8684835216173608,0.0,-0.018427344752965924,-4.243827160493829,-2.822576387421724e-05,-6.225335502570218,-0.8112927284280094,-0.21215777471260067,0.0,-0.0014632116973127829,-1.3888888888888857,1.5685743047458886e-05,-2.7685163884750494,1.0675178620644354,-0.061502428172079515,0.0
2012-10-04,27,True,2.3540019460924673,30.246913580246915,0.00027937519118754876,57.623318945755486,5.6884411437347335,1.6618737365058833,0.0,2.3633631954167837,32.0216049382716,0.00028179677990577555,62.66298743372678,5.697828267790932,1.7879202831293766,0.0,2.358978973450483,30.32407407407407,0.0002558094308900339,60.08672151630119,5.001050121306933,1.7032794929402975,0.0,-0.009361249324316478,-1.7746913580246861,-2.421588718226793e-06,-5.039668487971291,-0.00938712405619846,-0.12604654662349324,0.0,-0.00497702735801564,-0.0771604938271544,2.3565760297514855e-05,-2.4634025705457034,0.6873910224278008,-0.04140575643441413,0.0
2012-10-05,27,True,2.29038250302695,24.228395061728392,0.0002718214651799984,61.81121923592065,4.460083123530048,1.738470515444535,0.0,2.307684421768417,27.00617283950617,0.0003064638211288518,66.657432171882,4.734746557334605,1.8864619790219193,0.0,2.2953135421769453,25.46296296296296,0.0002766338680309879,63.43666772284317,4.403297741123844,1.7864161693206675,0.0,-0.017301918741467137,-2.7777777777777786,-3.4642355948853384e-05,-4.84621293596134,-0.27466343380455616,-0.14799146357738424,0.0,-0.004931039149995264,-1.2345679012345663,-4.812402850989472e-06,-1.6254484869225152,0.05678538240620412,-0.04794565387613248,0.0
2012-10-06,27,True,3.6349267759510475,14.429012345679013,0.0001874514933008924,68.06931178576323,2.9028429156272066,2.6314628342618636,0.0,3.625031641171833,15.432098765432098,0.00019824351714015513,73.0269521391669,2.9397340021894807,2.784915196265469,0.0,3.6737863452015005,15.046296296296296,0.00019426579294720128,69.9020217562849,2.9497602565729983,2.7194849350948815,0.0,0.009895134779214665,-1.0030864197530853,-1.0792023839262732e-05,-4.9576403534036615,-0.03689108656227402,-0.15345236200360546,0.0,-0.038859569250452974,-0.6172839506172831,-6.814299646308884e-06,-1.8327099705216625,-0.0469173409457917,-0.08802210083301798,0.0
2012-10-07,27,True,2.1439235597975475,42.74691358024691,0.0006771577904096047,66.80797182918984,13.734137432450016,2.6731799524969784,0.0,2.1942053700906334,43.51851851851851,0.0007559582690810949,71.02715459385577,15.218578488657215,2.924057184704172,0.0,2.1706295834605838,42.901234567901234,0.0007155338966309088,69.35313126408276,13.645458940917896,2.8166581889154987,0.0,-0.05028181029308598,-0.7716049382716008,-7.880047867149021e-05,-4.219182764665931,-1.4844410562071992,-0.2508772322071935,0.0,-0.026706023663036316,-0.154320987654323,-3.837610622130412e-05,-2.5451594348929234,0.08867849153211971,-0.1434782364185203,0.0
2012-10-08,27,True,2.3142469914793176,22.53086419753086,0.00020549548151078405,39.025251072178385,4.5771229160577285,1.6025487554060698,0.0,2.321205916225455,21.83641975308642,0.00021034150504009876,42.65025905604477,3.1928019865861073,1.6584844804281023,0.0,2.337154234057668,20.29320987654321,0.00021249689023195736,40.16931647157672,3.0878135537423193,1.599781124501646,0.0,-0.006958924746137463,0.6944444444444393,-4.846023529314701e-06,-3.6250079838663822,1.3843209294716212,-0.05593572502203248,0.0,-0.022907242578350306,2.2376543209876516,-7.001408721173303e-06,-1.144065399398336,1.4893093623154092,0.002767630904423779,0.0
2012-10-09,27,True,2.51002621857989,32.0216049382716,0.0004879201990099352,48.49050016744795,13.736394111880989,2.4508910624466873,0.0,2.5205388191960014,34.02777777777777,0.0005123119976161651,52.47660105693399,14.293261459566496,2.5539324732902635,0.0,2.5228527667092084,33.02469135802469,0.0004923119990002304,50.83076378999925,13.663268975991002,2.49586848147743,0.0,-0.010512600616111367,-2.0061728395061706,-2.4391798606229937e-05,-3.986100889486039,-0.5568673476855075,-0.10304141084357621,0.0,-0.012826548129318383,-1.0030864197530889,-4.391799990295165e-06,-2.340263622551305,0.07312513588998648,-0.044977419030742816,0.0
2012-10-10,27,True,1.9139205421432326,41.89814814814816,0.000603442140148225,48.480215853925884,11.312357142890262,2.0351857162190994,0.0,1.948423331003207,42.43827160493827,0.0006447681807759499,54.001574717067925,12.811789407040946,2.2395728651481104,0.0,1.9246747642897077,42.20679012345679,0.0005998193301662314,51.13499303450923,10.869362640407784,2.1051993067554395,0.0,-0.03450278885997449,-0.5401234567901128,-4.1326040627724875e-05,-5.521358863142041,-1.499432264150684,-0.204387148929011,0.0,-0.010754222146475145,-0.3086419753086318,3.6228099819935865e-06,-2.654777180583345,0.4429945024824775,-0.07001359053634015,0.0
2012-10-11,27,True,3.434372690806064,12.191358024691358,0.0001547823008660064,44.86488889405736,0.5836210906970198,2.170052581432959,0.0,3.469334912126741,12.268518518518519,0.0001572103070948998,48.25580544174373,0.1910483014835337,2.2390372612761076,0.0,3.511397909101025,11.882716049382715,0.0001651571010601861,45.568856206532786,0.0,2.199497474788124,0.0,-0.034962221320677056,-0.0771604938271615,-2.428006228893389e-06,-3.3909165476863734,0.39257278921348615,-0.06898467984314838,0.0,-0.07702521829496067,0.30864197530864246,-1.0374800194179695e-05,-0.7039673124754273,0.5836210906970198,-0.02944489335516476,0.0
2012-10-12,27,True,4.739749173886614,12.037037037037035,0.0001246394006209388,66.52388245435499,5.399413390819102,3.5296710395887874,0.0,4.746702350542287,12.268518518518517,0.00015230154803847805,71.49489666222205,7.909873293386233,3.7567479684690492,0.0,4.752148922135819,12.268518518518517,0.0001441528494756391,70.01921603161642,7.528571378809628,3.6903000797608776,0.0,-0.006953176655672522,-0.23148148148148273,-2.7662147417539243e-05,-4.971014207867057,-2.5104599025671304,-0.22707692888026187,0.0,-0.01239974824920509,-0.23148148148148273,-1.951344885470029e-05,-3.495333577261434,-2.129157987990525,-0.16062904017209023,0.0
2012-10-13,27,True,2.5180614584558545,39.27469135802469,0.0007682424684391766,68.95364269338064,12.292828186403439,3.016473765183048,0.0,2.539209824460875,39.81481481481481,0.0007767339358396071,71.52164599527921,12.365100947356744,3.1252928985935844,0.0,2.5299668595051403,40.0462962962963,0.000765948147961142,70.82902441257254,12.000568859406595,3.0877027002082147,0.0,-0.02114836600502068,-0.5401234567901199,-8.491467400430545e-06,-2.568003301898571,-0.07227276095330559,-0.1088191334105364,0.0,-0.011905401049285835,-0.7716049382716079,2.294320478034642e-06,-1.8753817191918927,0.2922593269968434,-0.0712289350251667,0.0
2012-10-14,27,True,2.2432507383738747,30.94135802469136,0.00039153979990045885,47.15695506624449,8.700790567502503,1.9191306918411652,0.0,2.246412508745934,29.86111111111111,0.00035895955934229135,48.3535274384696,5.303790498370158,1.8927924454848144,0.0,2.244834115795359,28.39506172839506,0.0003381246645775674,46.08157672526203,5.347735569555225,1.8254609353244702,0.0,-0.003161770372059447,1.0802469135802504,3.2580240558167505e-05,-1.1965723722251056,3.3970000691323454,0.026338246356350847,0.0,-0.0015833774214843999,2.546296296296301,5.341513532289147e-05,1.0753783409824607,3.353054997947278,0.09366975651669507,0.0
2012-10-15,27,True,2.046870369146557,36.41975308641975,0.0006100010299089227,52.656991016936885,10.780221577932558,2.165720715147746,0.0,2.0762307148406656,38.65740740740741,0.0006442190381102834,56.17776815799364,11.861223730082578,2.3149885131832395,0.0,2.0556536485776085,38.271604938271615,0.00060976361769545,54.206792432533575,10.04229712315216,2.2060959637312902,0.0,-0.029360345694108503,-2.2376543209876587,-3.4218008201360737e-05,-3.5207771410567545,-1.0810021521500204,-0.14926779803549373,0.0,-0.008783279431051394,-1.8518518518518619,2.3741221347271108e-07,-1.54980141559669,0.7379244547803978,-0.040375248583544465,0.0
2012-10-16,27,True,2.274457999323405,34.182098765432094,0.000444130187286923,55.22964641892225,7.991833849275732,1.90700377568078,0.0,2.293347938396815,34.41358024691358,0.0004722526462686883,58.880062678479284,7.889487412153934,2.0348394645578294,0.0,2.2775230226159042,34.5679012345679,0.00042082101387006546,55.86830000013842,7.164443794053655,1.9103274468861713,0.0,-0.0188899390734103,-0.23148148148148806,-2.81224589817653e-05,-3.6504162595570335,0.10234643712179814,-0.12783568887704932,0.0,-0.003065023292499358,-0.38580246913580396,2.3309173416857538e-05,-0.6386535812161682,0.827390055222077,-0.003323671205391232,0.0
2012-10-17,27,True,1.6966251796624008,43.3641975308642,0.0004935582672414745,47.430929043574245,10.547560477762753,1.71196743376492,0.0,1.7061933489090546,42.82407407407407,0.0004899261265281678,49.80601507093561,10.683072711268407,1.7687681249402296,0.0,1.695370494745938,41.43518518518518,0.00046437744197978527,47.3070335321494,9.66132090261865,1.670780317882077,0.0,-0.009568169246653824,0.5401234567901341,3.632140713306616e-06,-2.3750860273613625,-0.13551223350565422,-0.056800691175309614,0.0,0.001254684916462745,1.9290123456790198,2.9180825261689188e-05,0.12389551142484834,0.8862395751441028,0.04118711588284296,0.0
2012-10-18,27,True,1.7662203078553875,32.87037037037037,0.0003244036251353859,43.759040953975735,6.915956985054555,1.4333564726658101,0.0,1.771812224549792,34.876543209876544,0.0003270805831453504,47.076500017301626,6.474149162654013,1.5002472983137887,0.0,1.7750211668202727,32.098765432098766,0.0002987130937483666,44.60668758417758,6.502692647658945,1.4201800759246428,0.0,-0.0055919166944045084,-2.0061728395061778,-2.6769580099645024e-06,-3.3174590633258916,0.44180782240054217,-0.06689082564797855,0.0,-0.008800858964885139,0.7716049382716008,2.5690531387019327e-05,-0.8476466302018437,0.41326433739560997,0.013176396741167329,0.0
2012-10-19,27,True,1.9357183212422189,34.1820987654321,0.0003781726791215481,48.94458771350643,7.450688464278638,1.6591552739717883,0.0,1.9588218231906493,33.48765432098765,0.0003948024008001232,51.73215733382883,7.62244841128992,1.759862963069497,0.0,1.9564882449044476,32.33024691358025,0.00036913044209812364,50.11852800487895,6.538701630942197,1.681944348163871,0.0,-0.02310350194843047,0.69444444444445,-1.6629721678575128e-05,-2.787569620322401,-0.1717599470112816,-0.10070768909770877,0.0,-0.02076992366222874,1.8518518518518547,9.042237023424446e-06,-1.1739402913725172,0.9119868333364414,-0.022789074192082648,0.0
2012-10-20,27,True,2.031610667242487,33.33333333333333,0.0004639385523658862,46.98372281274063,7.12458373335416,1.6957521217440785,0.0,2.055730353115538,36.26543209876543,0.0004977167248227781,50.56112683734325,7.9283460111983235,1.8042522364410392,0.0,2.045244629381309,35.879629629629626,0.00046740189593231016,47.91463755429646,6.9071060890261435,1.705484311512524,0.0,-0.024119685873051022,-2.9320987654321016,-3.377817245689191e-05,-3.5774040246026217,-0.8037622778441635,-0.10850011469696064,0.0,-0.013633962138821953,-2.5462962962962976,-3.4633435664239444e-06,-0.9309147415558314,0.21747764432801642,-0.009732189768445476,0.0
2012-10-21,27,True,2.786072216387222,17.746913580246915,0.0001858773949331415,47.64880499904201,3.8310168152522293,1.7982133609706379,0.0,2.8319287698969626,19.830246913580243,0.00019851418376466495,50.582393815544975,4.533008207578573,1.8781478499186472,0.0,2.8661368597888703,19.290123456790123,0.0001964591254262015,47.9896091669868,3.4290231238318496,1.8312360895748205,0.0,-0.04585655350974083,-2.0833333333333286,-1.2636788831523436e-05,-2.9335888165029687,-0.7019913923263434,-0.07993448894800936,0.0,-0.08006464340164854,-1.5432098765432087,-1.0581730493059989e-05,-0.3408041679447962,0.40199369142037966,-0.03302272860418265,0.0
2012-10-22,27,True,2.559408469368942,27.546296296296298,0.00034646340535752227,55.89145311203298,12.974534783734763,2.0513321190960694,0.0,2.5775992218421173,29.320987654320984,0.00037728545846803544,61.47889169051575,11.296174351233104,2.2555502031411883,0.0,2.577122569174453,28.78086419753086,0.0003537022305749807,58.721785856030905,10.82696601946229,2.1497148832185746,0.0,-0.018190752473175476,-1.7746913580246861,-3.082205311051318e-05,-5.587438578482775,1.678360432501659,-0.20421808404511888,0.0,-0.017714099805511196,-1.2345679012345627,-7.238825217458454e-06,-2.8303327439979284,2.1475687642724726,-0.09838276412250524,0.0
2012-10-23,27,True,1.9753787625406356,33.48765432098765,0.0004382903910886274,38.88402956246663,12.102687052864628,1.7193813441916839,0.0,1.9931073347353492,33.25617283950617,0.00041893016791806024,40.1844501040911,10.740779878788663,1.730457905799416,0.0,1.9867487905522982,31.86728395061728,0.0003825547767223238,38.12315491967987,10.306431482901832,1.6453285580537056,0.0,-0.017728572194713577,0.23148148148148096,1.9360223170567154e-05,-1.3004205416244687,1.3619071740759647,-0.011076561607732183,0.0,-0.011370028011662647,1.6203703703703702,5.5735614366303607e-05,0.7608746427867601,1.7962555699627956,0.07405278613797828,0.0
2012-10-24,27,True,1.8096195739271381,38.19444444444445,0.0004921418636900482,36.01018502940291,9.815234649314903,1.621747052942696,0.0,1.8255312136650699,37.5,0.0004579754924150255,38.20262395803757,8.324296208931798,1.6156551828976857,0.0,1.8136969845729387,36.882716049382715,0.00042969614325529996,36.37817136033578,7.979664949871176,1.5472885882755056,0.0,-0.01591163973793175,0.69444444444445,3.4166371275022687e-05,-2.192438928634658,1.490938440383104,0.006091870045010328,0.0,-0.004077410645800583,1.3117283950617349,6.244572043474821e-05,-0.36798633093286526,1.8355696994437265,0.07445846466719042,0.0
2012-10-25,27,True,2.108781364489295,29.86111111111111,0.0004356252593397494,45.29996887544689,9.920286811610287,1.6806124601193013,0.0,2.134980073435294,30.015432098765434,0.00044663938732197986,48.47441408032714,9.384240834081757,1.766581469792826,0.0,2.1271892159682517,29.24382716049383,0.0004131016602328404,45.450405990308326,8.807963235997196,1.6551481027057844,0.0,-0.02619870894599874,-0.154320987654323,-1.1014127982230445e-05,-3.17444520488025,0.5360459775285307,-0.08596900967352461,0.0,-0.018407851478956516,0.6172839506172814,2.2523599106909035e-05,-0.15043711486143252,1.1123235756130914,0.025464357413516936,0.0
2012-10-26,27,True,1.8163211204906984,32.63888888888889,0.0003151474228197258,51.83039047414343,8.137608194554213,1.499002277374477,0.0,1.835422558925411,35.80246913580247,0.00032760674948627326,55.11739384758521,7.255671930376489,1.6190369855725328,0.0,1.8349224183438735,32.48456790123457,0.00029658516305374225,52.46868498656411,6.665480678156685,1.49908083783316,0.0,-0.01910143843471257,-3.1635802469135754,-1.2459326666547474e-05,-3.2870033734417845,0.8819362641777237,-0.12003470819805573,0.0,-0.018601297853175103,0.154320987654323,1.8562259765983534e-05,-0.6382945124206785,1.4721275163975278,-7.856045868281925e-05,0.0
2012-10-27,27,True,1.88097882671512,36.18827160493827,0.0005227308937232499,51.60145931536165,9.492131995395509,1.8280052453316835,0.0,1.9088704228622846,38.73456790123457,0.0005493431677679872,56.33711315341304,9.516376078161143,2.007415747276567,0.0,1.8907151962438131,36.7283950617284,0.0005119930959186671,53.418339817113484,8.829333022625557,1.8801075496542559,0.0,-0.027891596147164632,-2.5462962962962976,-2.6612274044737283e-05,-4.735653838051391,-0.024244082765633834,-0.17941050194488328,0.0,-0.009736369528693167,-0.540123456790127,1.0737797804582843e-05,-1.8168805017518324,0.6627989727699521,-0.052102304322572346,0.0
2012-10-28,27,True,2.1338210864455758,30.015432098765434,0.0003745402813991739,48.03176828578577,11.03181337970585,1.724031605554921,0.0,2.13456299742085,32.407407407407405,0.00038095415625207164,52.38218830731946,8.418158865938869,1.813275833148102,0.0,2.136712573694509,31.095679012345673,0.00034838939535691214,48.698291924147775,7.771004864951707,1.7066479636543963,0.0,-0.0007419109752744291,-2.391975308641971,-6.413874852897734e-06,-4.350420021533687,2.6136545137669813,-0.08924422759318107,0.0,-0.0028914872489331778,-1.0802469135802397,2.6150886042261763e-05,-0.6665236383620012,3.2608085147541432,0.01738364190052466,0.0
2012-10-29,27,True,1.984227998913977,32.870370370370374,0.0004745614615358854,40.147614763109026,9.61909872276702,1.8254514951594492,0.0,1.9919599952301732,33.71913580246914,0.0005075079306844345,43.972089743194964,9.207000071181193,1.9249355849589938,0.0,1.9849038134350037,32.40740740740741,0.00046616381112547296,41.3727337428694,8.15589244470582,1.8267753800016675,0.0,-0.007731996316196144,-0.8487654320987659,-3.294646914854912e-05,-3.824474980085938,0.41209865158582737,-0.0994840897995446,0.0,-0.0006758145210266076,0.4629629629629619,8.397650410412426e-06,-1.2251189797603743,1.4632062780612003,-0.001323884842218348,0.0
2012-10-30,27,True,1.8555785578163204,33.873456790123456,0.00034287983248706185,38.126892079471105,8.499464455363082,1.4306775822528508,0.0,1.8617985189069326,33.4104938271605,0.00033916688988916785,41.10243014694627,8.979055709288502,1.4573694424293921,0.0,1.863778999026338,31.944444444444446,0.0003075055473820638,38.32670558913544,7.5443829204303015,1.3824450276066207,0.0,-0.0062199610906121805,0.4629629629629548,3.712942597894006e-06,-2.9755380674751635,-0.47959125392542035,-0.02669186017654135,0.0,-0.008200441210017617,1.9290123456790091,3.537428510499806e-05,-0.19981350966433808,0.9550815349327806,0.04823255464623011,0.0
2012-10-31,27,True,1.6288151827365354,39.04320987654321,0.0004425893845525295,46.4765817846912,10.450216201620089,1.342726703254213,0.0,1.6405722042467445,38.88888888888889,0.00045002985739219523,49.96077595991477,10.110253883327772,1.424139003456887,0.0,1.628188930278176,36.57407407407407,0.0004057516899426623,46.90342857926081,9.591291350366557,1.3268171859424212,0.0,-0.011757021510209187,0.1543209876543159,-7.440472839665747e-06,-3.484194175223571,0.3399623182923168,-0.08141230020267409,0.0,0.0006262524583593443,2.4691358024691397,3.6837694609867196e-05,-0.42684679456961305,0.8589248512535317,0.0159095173117918,0.0
2012-11-01,27,True,2.9775389723625105,20.52469135802469,0.0002086764836794359,42.3043252614961,8.25222647771931,1.8946198191542654,0.0,3.0420734696824665,23.533950617283946,0.0002368996468214384,45.1222589539513,9.213190949620476,1.990897099351229,0.0,3.0576177234813624,22.376543209876544,0.0002117667152151641,42.19523057469967,8.132314139886002,1.9197781635135274,0.0,-0.06453449731995597,-3.009259259259256,-2.8223163142002502e-05,-2.817933692455199,-0.9609644719011659,-0.09627728019696358,0.0,-0.08007875111885188,-1.8518518518518547,-3.090231535728198e-06,0.10909468679643197,0.11991233783330735,-0.025158344359262008,0.0
2012-11-02,27,True,1.9906456092485403,37.96296296296297,0.0006505289415980605,59.29082573414632,14.158191390115114,2.0409160149098104,0.0,1.9992858621705711,39.120370370370374,0.0006644949651779804,62.38538204780053,13.759495114392832,2.155621573434015,0.0,1.9827480513680742,38.81172839506173,0.0006373899678636285,60.310689526874064,13.194829439902142,2.0644040684947074,0.0,-0.008640252922030855,-1.1574074074074048,-1.3966023579919831e-05,-3.0945563136542162,0.3986962757222816,-0.1147055585242045,0.0,0.007897557880466088,-0.8487654320987588,1.3138973734432057e-05,-1.0198637927277474,0.9633619502129722,-0.023488053584896917,0.0
2012-11-03,27,True,2.814798693616887,11.342592592592593,9.051048310290722e-05,52.139673201257644,4.018538536573424,1.756257845194214,0.0,2.8590334462807014,11.651234567901232,0.00010785163238486346,55.84506130424858,4.232543389960544,1.8555214937000828,0.0,2.8959250785381045,11.651234567901232,0.00010286961573484131,52.616478761868414,4.004873452069487,1.7838252633021368,0.0,-0.04423475266381427,-0.3086419753086389,-1.7341149281956245e-05,-3.7053881029909377,-0.21400485338711928,-0.09926364850586888,0.0,-0.08112638492121738,-0.3086419753086389,-1.235913263193409e-05,-0.47680556061077084,0.013665084503937663,-0.027567418107922848,0.0
2012-11-04,27,True,1.8751978537428895,37.191358024691354,0.0005831408982803495,60.62864239145112,10.915858281316142,2.0561491406408234,0.0,1.9060301896165233,37.42283950617284,0.0006068513115141277,63.55702995861993,10.307582586515272,2.2071348006192513,0.0,1.8887080932551001,37.191358024691354,0.0005784741491251786,61.578982542328944,9.977518156236448,2.097195230460173,0.0,-0.030832335873633765,-0.23148148148148806,-2.371041323377817e-05,-2.928387567168805,0.6082756948008701,-0.15098565997842783,0.0,-0.013510239512210642,0.0,4.666749155170908e-06,-0.9503401508778211,0.9383401250796943,-0.04104608981934943,0.0
2012-11-05,27,True,1.9112593258245913,38.65740740740741,0.0005496288550612409,39.611349745358766,10.786835256579701,1.6190660307147802,0.0,1.9223946705318127,40.66358024691358,0.0005481139278825605,43.10260128490058,8.004575849530081,1.6564454446775065,0.0,1.9102920444912856,38.966049382716044,0.0004982836070359648,39.24712926901762,7.610433480265238,1.550379652551316,0.0,-0.011135344707221329,-2.0061728395061706,1.5149271786803892e-06,-3.491251539541814,2.7822594070496205,-0.03737941396272637,0.0,0.0009672813333057029,-0.3086419753086318,5.134524802527616e-05,0.3642204763411456,3.1764017763144636,0.06868637816346412,0.0
2012-11-06,27,True,2.0194735509826387,29.089506172839503,0.00029932058797903466,46.537282253971846,6.346393846103006,1.3924913689407,0.0,2.0403775507045925,30.401234567901238,0.00031862584163714323,50.205025389779436,6.554056662182852,1.4792390635531838,0.0,2.026829666185879,28.78086419753086,0.00027925729086789155,47.79323974078,5.320699268674606,1.38543235018807,0.0,-0.02090399972195378,-1.3117283950617349,-1.9305253658108575e-05,-3.6677431358075907,-0.2076628160798455,-0.08674769461248388,0.0,-0.007356115203240421,0.30864197530864246,2.0063297111143103e-05,-1.2559574868081569,1.0256945774283999,0.00705901875262982,0.0
2012-11-07,27,True,2.33330422634984,18.827160493827158,0.0001311001383396142,48.60380471446687,4.360014776718675,1.4867426406663462,0.0,2.3465313835584634,20.833333333333336,0.00014163608834010172,52.50796121762877,4.653768788455103,1.6336596124331269,0.0,2.371741510862584,18.98148148148148,0.00012641745036498164,50.0880779392063,4.617742566710705,1.5383583992067629,0.0,-0.013227157208623552,-2.0061728395061778,-1.053595000048753e-05,-3.9041565031619,-0.29375401173642857,-0.14691697176678065,0.0,-0.038437284512744085,-0.154320987654323,4.682687974632551e-06,-1.4842732247394324,-0.25772778999203005,-0.05161575854041667,0.0
2012-11-08,27,True,2.2290739324104942,28.163580246913583,0.00026502766292008437,51.97348143940917,8.307788016939885,1.7607188293775278,0.0,2.257360329527922,29.166666666666668,0.00030044230743742534,55.97256327108647,8.326528242649838,1.8958393036344783,0.0,2.251413625853883,29.398148148148145,0.0002799818771380772,54.124739347219936,7.683845238580919,1.8220841905166572,0.0,-0.028286397117427864,-1.0030864197530853,-3.541464451734097e-05,-3.9990818316773016,-0.01874022570995315,-0.1351204742569505,0.0,-0.022339693443388597,-1.2345679012345627,-1.495421421799281e-05,-2.1512579078107663,0.6239427783589653,-0.06136536113912938,0.0
2012-11-09,27,True,1.9849307850177924,28.78086419753086,0.00036319442134365404,44.90188959187033,8.217912661391509,1.5686142068180233,0.0,2.011629325722252,31.01851851851852,0.0003765014831844267,49.42494213565624,8.094860286768691,1.6716672212248809,0.0,2.006060931397283,28.703703703703702,0.0003485828034543435,47.22824688166462,7.621753653204547,1.5964911019910502,0.0,-0.02669854070445954,-2.2376543209876587,-1.3307061840772683e-05,-4.523052543785909,0.1230523746228176,-0.10305301440685755,0.0,-0.021130146379490622,0.07716049382715795,1.4611617889310558e-05,-2.326357289794288,0.5961590081869614,-0.027876895173026828,0.0
2012-11-10,27,True,3.3282962099703335,11.496913580246913,0.00012819548072244043,48.4117011706402,5.176111087165431,2.127689816988029,0.0,3.3621382135445406,13.348765432098766,0.00014428092522289596,52.75268866110854,5.290983490813236,2.251647362912796,0.0,3.406654139715794,13.117283950617283,0.00014770614439626537,49.5761997721314,5.331697539713047,2.212158412948379,0.0,-0.03384200357420708,-1.851851851851853,-1.6085444500455533e-05,-4.340987490468343,-0.11487240364780504,-0.12395754592476704,0.0,-0.07835792974546063,-1.6203703703703702,-1.9510663673824943e-05,-1.1644986014912035,-0.15558645254761583,-0.08446859596035017,0.0
2012-11-11,27,True,1.8712510203198667,48.07098765432099,0.0007887513791890906,66.31436272690453,17.165087038677235,2.5005237784694674,0.0,1.9164419560825368,49.53703703703704,0.0008453763505070597,70.22933087082255,16.723079012492065,2.7086150075111437,0.0,1.892091885765417,49.074074074074076,0.0008081693267055741,68.85187522815572,16.312473058170205,2.612276575311023,0.0,-0.04519093576267008,-1.4660493827160508,-5.662497131796911e-05,-3.914968143918017,0.4420080261851709,-0.20809122904167632,0.0,-0.020840865445550305,-1.0030864197530889,-1.9417947516483548e-05,-2.537512501251186,0.8526139805070301,-0.11175279684155548,0.0
2012-11-12,27,True,1.45454755005389,43.28703703703704,0.0006064296054618245,32.44140837640888,11.787629537094935,1.4165713594624465,0.0,1.4624461416849721,44.21296296296296,0.0005488840974636255,34.06316416673798,10.738238344184525,1.3727423223733446,0.0,1.4475526127218163,43.28703703703704,0.0005061254258939439,31.050099100222717,10.402811788372794,1.2870579886281832,0.0,-0.007898591631082086,-0.9259259259259238,5.7545507998198945e-05,-1.6217557903290967,1.0493911929104094,0.04382903708910191,0.0,0.006994937332073681,0.0,0.00010030417956788059,1.3913092761861634,1.3848177487221403,0.12951337083426329,0.0
2012-11-13,27,True,1.6645441776767411,32.79320987654321,0.00036173256631111896,39.19802082584535,8.421004488141007,1.3318396397307388,0.0,1.6737080420876442,32.0216049382716,0.0003346614192547513,41.55148192202956,7.418565983745733,1.3737803424218922,0.0,1.6730379125490045,30.787037037037035,0.00031376628797985545,39.40715045516139,7.037138159721261,1.291745198098367,0.0,-0.009163864410903111,0.7716049382716079,2.7071147056367665e-05,-2.353461096184212,1.0024385043952737,-0.04194070269115335,0.0,-0.008493734872263348,2.006172839506174,4.796627833126351e-05,-0.2091296293160454,1.3838663284197459,0.04009444163237186,0.0
2012-11-14,27,True,2.92574143731483,7.561728395061727,7.217415022550294e-05,46.424121053087305,0.26367563425004675,1.7991482836764787,0.0,2.926955670090582,8.179012345679011,7.960900633028577e-05,50.68720520394235,0.3687788054680175,1.9062138725090616,0.0,2.963768391284952,7.716049382716049,7.215944195203203e-05,47.79949477229422,0.4105833293823329,1.8285806102094586,0.0,-0.0012142327757520555,-0.617283950617284,-7.434856104782833e-06,-4.263084150855043,-0.10510317121797075,-0.10706558883258288,0.0,-0.0380269539701219,-0.15432098765432212,1.4708273470909541e-08,-1.3753737192069124,-0.14690769513228613,-0.02943232653297989,0.0
2012-11-15,27,True,2.1539690066895094,33.7962962962963,0.00041850277407316116,57.625383482593975,12.776378781542538,2.1285839312577295,0.0,2.1718410754654207,35.41666666666667,0.0004340186150898848,61.73076525639311,13.423570007391062,2.280264463933404,0.0,2.16338538319524,34.79938271604938,0.00041954832153956716,61.0347277077576,12.544845618957428,2.2493484266236026,0.0,-0.0178720687759113,-1.6203703703703738,-1.551584101672362e-05,-4.105381773799138,-0.6471912258485233,-0.1516805326756745,0.0,-0.009416376505730462,-1.0030864197530818,-1.0455474664060045e-06,-3.409344225163622,0.23153316258511047,-0.12076449536587308,0.0
2012-11-16,27,True,3.4636574118349386,8.410493827160494,6.082086628091806e-05,46.83739481499468,0.8205836053730344,2.107406957589109,0.0,3.5498801752425644,10.493827160493828,7.219790005863462e-05,48.89240323125644,0.5825784235056292,2.1793186725229394,0.0,3.5909635925776167,10.339506172839506,7.213678040071241e-05,45.99488331523428,0.6124579436481588,2.132718174113074,0.0,-0.0862227634076258,-2.083333333333334,-1.1377033777716562e-05,-2.0550084162617566,0.23800518186740527,-0.07191171493383042,0.0,-0.12730618074267808,-1.9290123456790127,-1.1315914119794348e-05,0.8425114997603984,0.20812566172487568,-0.02531121652396484,0.0
2012-11-17,27,True,2.6015481850420397,31.635802469135804,0.00048341340282019395,79.24191659336712,12.60233488013275,3.161184539639982,0.0,2.5966933070424734,32.71604938271605,0.0004796421819733576,79.84424814748012,11.738470082712293,3.195026905774349,0.0,2.601466097819496,32.94753086419753,0.0004853810866598685,80.2280026772791,12.354511266572434,3.221570072713436,0.0,0.004854877999566298,-1.0802469135802468,3.7712208468363307e-06,-0.6023315541129932,0.8638647974204563,-0.03384236613436675,0.0,8.208722254376966e-05,-1.3117283950617278,-1.967683839674574e-06,-0.986086083911971,0.2478236135603158,-0.060385533073453956,0.0
2012-11-18,27,True,2.3528984219825966,24.76851851851852,0.0002955456361094069,55.93454286119637,9.43160522705199,2.049355492958861,0.0,2.36112066177357,28.163580246913583,0.0003053996420656617,60.00603331066711,9.019715983067911,2.162781509447258,0.0,2.365099232527804,26.543209876543212,0.00028344649452061366,57.22473281129175,8.019427581391186,2.063871366344781,0.0,-0.008222239790973251,-3.3950617283950635,-9.854005956254808e-06,-4.071490449470737,0.41188924398407956,-0.1134260164883969,0.0,-0.012200810545207386,-1.7746913580246932,1.2099141588793215e-05,-1.2901899500953817,1.4121776456608046,-0.014515873385919864,0.0
2012-11-19,27,True,2.0166382637184044,26.080246913580247,0.000347324247622376,45.46796002967396,12.503480597477937,1.5906911181249133,0.0,2.0508817398862638,28.3179012345679,0.0003223058439020498,46.397685812090565,11.602025541573203,1.5973205640042507,0.0,2.0686515833424917,28.703703703703702,0.0003153333698060551,45.09731466242535,11.23708137040584,1.5522707609230317,0.0,-0.03424347616785939,-2.2376543209876516,2.5018403720326182e-05,-0.9297257824166039,0.9014550559047336,-0.006629445879337448,0.0,-0.052013319624087284,-2.6234567901234556,3.1990877816320904e-05,0.3706453672486134,1.2663992270720978,0.03842035720188153,0.0
2012-11-20,27,True,1.845868525515945,39.351851851851855,0.0005448839010835943,53.85761447767852,12.655491242096613,1.9817294680035515,0.0,1.8643337338545665,39.6604938271605,0.0005799156557575288,58.85542900435151,12.802550303784829,2.127749516245946,0.0,1.8437183414381653,38.19444444444444,0.0005219432597430713,55.22512363137799,11.61092991911405,1.9782969423543784,0.0,-0.01846520833862142,-0.308641975308646,-3.503175467393449e-05,-4.99781452667299,-0.14705906168821592,-0.14602004824239456,0.0,0.002150184077779782,1.1574074074074119,2.2940641340522946e-05,-1.3675091536994728,1.0445613229825632,0.0034325256491731793,0.0
2012-11-21,27,True,1.8214825220808104,31.01851851851852,0.0004083216878321046,43.22922052322874,12.03550468538438,1.70406912145748,0.0,1.8329852126055153,34.182098765432094,0.0003692353523164867,45.048035015687084,8.794057927836603,1.6910140544986865,0.0,1.8370683535623262,31.25,0.0003338808028626055,42.340865919822264,8.470813727720259,1.610936225369418,0.0,-0.011502690524704873,-3.1635802469135754,3.908633551561792e-05,-1.818814492458344,3.2414467575477772,0.013055066958793438,0.0,-0.015585831481515822,-0.23148148148148096,7.44408849694991e-05,0.8883546034064764,3.564690957664121,0.09313289608806197,0.0
2012-11-22,27,True,2.4886710611167864,13.040123456790123,0.0001120809967619749,50.084930779123994,2.9753186230419124,1.7385434992169309,0.0,2.52749667872121,14.506172839506174,0.00013257098135498497,53.60706621452657,3.134854776255613,1.8393701467195511,0.0,2.5601415073363323,13.503086419753085,0.00012201638230982988,50.7246019279233,3.196771624899563,1.7572442426553259,0.0,-0.03882561760442371,-1.4660493827160508,-2.048998459301007e-05,-3.522135435402575,-0.15953615321370052,-0.10082664750262027,0.0,-0.0714704462195459,-0.4629629629629619,-9.935385547854973e-06,-0.6396711487993088,-0.22145300185765038,-0.018700743438395007,0.0
2012-11-23,27,True,2.004449810642218,40.0462962962963,0.0005280942517896626,58.81751590721549,18.040719438986393,2.1458601341322625,0.0,2.02107176112408,39.81481481481482,0.0005390998240966341,61.112743365382634,17.66684453660602,2.23952917436325,0.0,2.0209535248222674,39.891975308641975,0.0005371070578189945,60.830776607319926,17.958868629039678,2.2337493362863525,0.0,-0.01662195048186188,0.23148148148148096,-1.1005572306971474e-05,-2.2952274581671475,0.373874902380372,-0.09366904023098765,0.0,-0.016503714180049478,0.154320987654323,-9.012806029331903e-06,-2.013260700104439,0.08185080994671523,-0.08788920215409002,0.0
2012-11-24,27,True,2.308440675278797,27.700617283950617,0.00029100373658534113,54.54443012355602,9.254347957324372,1.9928153741640366,0.0,2.3086648832904606,29.706790123456788,0.0003187251293041398,59.44688345460095,7.097230848818266,2.1304734139143147,0.0,2.312691589578197,28.78086419753086,0.0002936012878608156,56.43074876176542,6.7429237012575145,2.021268090285375,0.0,-0.00022420801166367355,-2.0061728395061706,-2.7721392718798644e-05,-4.902453331044931,2.157117108506106,-0.13765803975027802,0.0,-0.004250914299400055,-1.0802469135802433,-2.59755127547445e-06,-1.8863186382094028,2.5114242560668574,-0.02845271612133815,0.0
2012-11-25,27,True,3.7088827992425824,20.52469135802469,0.0002579194156669511,53.15783003826178,8.225327289586298,2.602054326269384,0.0,3.741208528916633,21.450617283950617,0.00027566087644294247,54.89403667235325,8.30929673958796,2.695262860432544,0.0,3.7399530795647418,20.29320987654321,0.00025113965551770804,52.26601686289837,7.637863381984667,2.618314369592075,0.0,-0.032325729674050674,-0.9259259259259274,-1.7741460775991356e-05,-1.7362066340914737,-0.08396945000166234,-0.0932085341631601,0.0,-0.031070280322159416,0.23148148148148096,6.7797601492430816e-06,0.89181317536341,0.5874639076016308,-0.016260043322691153,0.0
2012-11-26,27,True,2.510392738488116,25.925925925925924,0.0003125625111946373,51.1174656931395,7.267820995429495,1.8654227941842265,0.0,2.5596755600130696,26.69753086419753,0.0003278157395756643,53.77373562819893,6.388452510976497,1.9407575978018246,0.0,2.5632145414818046,25.61728395061728,0.0002874894528942802,50.26544444576459,5.5509583741768616,1.8252494065826987,0.0,-0.04928282152495367,-0.7716049382716079,-1.5253228381026992e-05,-2.656269935059427,0.8793684844529981,-0.07533480361759803,0.0,-0.05282180299368866,0.30864197530864246,2.5073058300357077e-05,0.852021247374914,1.7168626212526332,0.04017338760152778,0.0
2012-11-27,27,True,2.1302716527841756,30.092592592592588,0.000337404722038282,58.91546517808378,10.489439318976075,1.9412391803202143,0.0,2.1648993242837635,31.17283950617284,0.0003908270587994303,63.66624697971334,11.26650923682177,2.1322498248483246,0.0,2.152222046374086,30.246913580246908,0.0003632563956295911,61.162466491439176,10.413083948693988,2.028055098386993,0.0,-0.0346276714995879,-1.0802469135802504,-5.342233676114828e-05,-4.750781801629564,-0.7770699178456955,-0.19101064452811034,0.0,-0.021950393589910355,-0.15432098765431945,-2.5851673591309108e-05,-2.2470013133553977,0.07635537028208716,-0.08681591806677869,0.0
2012-11-28,27,True,2.56002669048463,20.44753086419753,0.00021719980184484796,57.612934662526335,6.660207881020018,2.0809986976168084,0.0,2.552637414547691,22.376543209876544,0.00022873748721709102,62.147625573393164,6.182818322580262,2.2540134644531014,0.0,2.556500951447393,20.75617283950617,0.0002107619136087637,59.30048461311498,6.029197915846763,2.1437898508912756,0.0,0.007389275936938944,-1.9290123456790127,-1.1537685372243057e-05,-4.5346909108668285,0.4773895584397554,-0.1730147668362929,0.0,0.0035257390372369635,-0.3086419753086389,6.437888236084246e-06,-1.6875499505886467,0.6310099651732548,-0.06279115327446716,0.0
2012-11-29,27,True,2.231848084609519,28.16358024691358,0.00038469775599649986,53.728539256645064,8.376658664550549,2.1017409984230477,0.0,2.2265662517559512,30.092592592592588,0.00038123894074485127,55.173138171757685,6.685693436856427,2.143201592043313,0.0,2.2233822006615855,29.55246913580247,0.0003697843103038502,54.380181104848624,6.6861106371496115,2.1016668156896867,0.0,0.005281832853567536,-1.9290123456790091,3.4588152516485987e-06,-1.4445989151126213,1.6909652276941216,-0.04146059362026522,0.0,0.00846588394793324,-1.3888888888888893,1.491344569264964e-05,-0.6516418482035604,1.6905480274009372,7.418273336101677e-05,0.0
2012-11-30,27,True,3.756710226319736,18.827160493827165,0.00025907386635683275,48.028129507107664,3.6108612612328823,2.5360506910947738,0.0,3.806947059954518,19.753086419753085,0.0002659211182167705,49.535356841274584,5.0524998792868825,2.5981764786981705,0.0,3.8178384916142516,19.058641975308642,0.000252993762150346,47.62532915254883,4.090373806848635,2.5426082243830366,0.0,-0.05023683363478204,-0.9259259259259203,-6.847251859937729e-06,-1.5072273341669202,-1.4416386180540002,-0.06212578760339671,0.0,-0.06112826529451576,-0.2314814814814774,6.0801042064867515e-06,0.4028003545588348,-0.4795125456157523,-0.006557533288262807,0.0
2012-12-01,27,True,4.382531588768434,11.342592592592593,0.00014234064059817658,69.73104395380209,1.2514981429801126,3.154403973239507,0.0,4.368431420992087,11.882716049382715,0.0001361578853513955,72.94647625372981,1.5384337931623648,3.2698921441976494,0.0,4.383017550249679,11.419753086419753,0.00012830254650845636,70.4689290701871,1.2958251215378171,3.1870573266333366,0.0,0.014100167776347483,-0.5401234567901216,6.182755246781079e-06,-3.215432299927727,-0.2869356501822522,-0.11548817095814234,0.0,-0.00048596148124513405,-0.07716049382715973,1.4038094089720217e-05,-0.7378851163850157,-0.04432697855770451,-0.032653353393829576,0.0
2012-12-02,27,True,2.748181777512467,27.083333333333332,0.0002803104307200668,64.82209616583529,10.64163881349994,2.4029706321526283,0.0,2.7601986015885225,28.935185185185187,0.0002898698503622323,68.01012032754205,9.303338561849381,2.523462563177228,0.0,2.759615497097525,27.083333333333332,0.0002757764004424985,66.02656833221575,8.870116665271206,2.4427181903857385,0.0,-0.012016824076055421,-1.8518518518518547,-9.559419642165494e-06,-3.188024161706764,1.3383002516505584,-0.12049193102459954,0.0,-0.011433719585058011,0.0,4.534030277568316e-06,-1.2044721663804552,1.7715221482287333,-0.03974755823311016,0.0
2012-12-03,27,True,2.655226947127011,19.753086419753085,0.00021690654265270286,53.0058567059565,8.681376062036845,1.7920009170672189,0.0,2.6319095392596683,19.984567901234566,0.00021898406132823373,55.82394566690877,8.64847045625492,1.879904334512882,0.0,2.645125713640843,19.521604938271604,0.00021060677791695702,54.69129767938575,7.985497224645077,1.833286578999993,0.0,0.0233174078673426,-0.23148148148148096,-2.0775186755308704e-06,-2.8180889609522737,0.03290560578192547,-0.08790341744566321,0.0,0.010101233486167871,0.23148148148148096,6.29976473574584e-06,-1.6854409734292517,0.6958788373917679,-0.041285661932774165,0.0
2012-12-04,27,True,2.0543866481424913,35.879629629629626,0.0005373686554651381,56.290332711331764,10.671965968798224,1.987594133079672,0.0,2.078942605772398,37.80864197530864,0.000570357667307758,59.3960732425882,11.097673968225925,2.1361972726537415,0.0,2.068639758163115,37.654320987654316,0.0005463105854571467,57.888906237406104,10.93604470073108,2.062697918438272,0.0,-0.02455595762990681,-1.9290123456790127,-3.2989011842619854e-05,-3.105740531256437,-0.42570799942770066,-0.14860313957406945,0.0,-0.014253110020623794,-1.7746913580246897,-8.941929992008582e-06,-1.5985735260743397,-0.26407873193285525,-0.07510378535860007,0.0
2012-12-05,27,True,1.408401943872916,45.52469135802469,0.0008148221801830611,47.55774112729599,13.708774366219938,1.823838289577539,0.0,1.4096234366873892,45.52469135802469,0.000777643891395209,48.422839262730584,12.556140348527459,1.7967545374495983,0.0,1.3879738623448605,44.44444444444445,0.0007265832489705567,46.3795517411439,11.93123177933048,1.7003518336854713,0.0,-0.0012214928144731463,0.0,3.7178288787852046e-05,-0.865098135434593,1.1526340176924794,0.027083752127940564,0.0,0.02042808152805553,1.0802469135802397,8.823893121250438e-05,1.1781893861520913,1.7775425868894583,0.12348645589206764,0.0
2012-12-06,27,True,1.3047388731402583,48.45679012345679,0.0007288153537351496,41.02073716000878,12.387078277952172,1.5133752287588336,0.0,1.310720883793268,48.148148148148145,0.0006751339401810317,41.51522334974077,10.834866300647791,1.4642240748825093,0.0,1.2943029034682516,47.60802469135803,0.00062176463614816,39.030294911686916,9.586133183950796,1.360737289486982,0.0,-0.0059820106530097394,0.308641975308646,5.36814135541179e-05,-0.4944861897319939,1.5522119773043812,0.049151153876324294,0.0,0.010435969672006662,0.8487654320987588,0.00010705071758698964,1.9904422483218625,2.800945094001376,0.15263793927185154,0.0
2012-12-07,27,True,2.2435324052603005,20.216049382716047,0.00018476085864620577,46.31164827657952,6.837905190488787,1.6012793466997968,0.0,2.2718597738420194,21.6820987654321,0.0001893055212508289,48.93222464974259,7.030792604704207,1.6589212595041463,0.0,2.3009115494824637,21.527777777777775,0.00018935273070717974,45.292783493659826,6.800000467466875,1.5876339591122064,0.0,-0.028327368581718915,-1.4660493827160543,-4.5446626046231225e-06,-2.6205763731630682,-0.19288741421542,-0.05764191280434949,0.0,-0.05737914422216317,-1.3117283950617278,-4.5918720609739675e-06,1.0188647829196924,0.037904723021911835,0.013645387587590374,0.0
2012-12-08,27,True,2.365946420812349,28.626543209876544,0.0004169397879161126,55.06395764327549,10.906833932763599,2.0457700651759962,0.0,2.3802702930618063,29.320987654320984,0.00042933633881012514,58.37432440315707,10.859577627952673,2.142346576122347,0.0,2.3703571395326595,29.320987654320984,0.00039910015376339226,55.875883806905634,9.895802998014993,2.037744667793967,0.0,-0.014323872249457192,-0.6944444444444393,-1.2396550894012558e-05,-3.310366759881582,0.0472563048109258,-0.09657651094635078,0.0,-0.004410718720310403,-0.6944444444444393,1.7839634152720316e-05,-0.8119261636301474,1.0110309347486055,0.008025397382029453,0.0
2012-12-09,27,True,2.656403775964389,20.061728395061728,0.00019429285175467524,51.06492394612714,6.981616251427237,1.7941562138852756,0.0,2.719429681982155,21.990740740740737,0.00021536332105938686,54.21872245239531,6.999430869474131,1.8842543174150577,0.0,2.7449455680095243,21.527777777777775,0.00019766422297276117,51.09036248822391,6.256926447481796,1.8059045274352379,0.0,-0.06302590601776625,-1.9290123456790091,-2.1070469304711615e-05,-3.153798506268174,-0.017814618046894104,-0.09009810352978209,0.0,-0.08854179204513546,-1.4660493827160472,-3.3713712180859256e-06,-0.02543854209677221,0.7246898039454415,-0.011748313549962308,0.0
2012-12-10,27,True,3.2998931320003413,11.651234567901234,0.0001139731954465059,60.14755474098544,3.418793968469861,2.304907193524233,0.0,3.3082986707741195,12.80864197530864,0.00012970691094960673,64.08516356961428,3.4819358253635455,2.438947741436304,0.0,3.3206043490236934,12.577160493827158,0.00012625091282147794,62.46915998974408,3.545719498388522,2.3822938642332465,0.0,-0.008405538773778254,-1.1574074074074066,-1.5733715503100826e-05,-3.9376088286288393,-0.06314185689368434,-0.13404054791207098,0.0,-0.020711217023352102,-0.9259259259259238,-1.2277717374972039e-05,-2.3216052487586367,-0.1269255299186609,-0.0773866707090134,0.0
2012-12-11,27,True,2.4847133751085373,21.83641975308642,0.0001886598138113009,65.25817622832585,4.824929680735628,2.3660138261840977,0.0,2.5051415623512354,23.84259259259259,0.00020483784716699297,69.01157327922316,5.272591036867225,2.5397656481726885,0.0,2.510810835337155,22.839506172839506,0.00019379254401802977,66.97877673971851,4.984450206045638,2.44713517174569,0.0,-0.020428187242698126,-2.0061728395061706,-1.6178033355692062e-05,-3.7533970508973056,-0.4476613561315972,-0.17375182198859074,0.0,-0.02609746022861792,-1.0030864197530853,-5.132730206728855e-06,-1.7206005113926608,-0.15952052531001026,-0.08112134556159223,0.0
2012-12-12,27,True,1.898358783979569,43.75,0.0007327846352286468,53.837252152606325,12.533709128174229,2.163659440135945,0.0,1.899858941716342,43.67283950617284,0.0007345399672850136,55.25181229235846,12.347434762777091,2.2081688794897154,0.0,1.8939671803643643,43.51851851851852,0.0007209835852373292,54.60238437053551,12.384105321781725,2.175372592621683,0.0,-0.0015001577367730334,0.07716049382715795,-1.7553320563667638e-06,-1.4145601397521332,0.1862743653971375,-0.044509439353770386,0.0,0.004391603615204742,0.23148148148148096,1.1801049991317595e-05,-0.7651322179291853,0.1496038063925038,-0.01171315248573812,0.0
2012-12-13,27,True,1.740741047764837,37.5,0.0005572890336710592,38.296006811621105,9.827513295705078,1.5759273991877705,0.0,1.735450251266756,38.50308641975309,0.000524853478885931,39.024253473305684,7.548438793755631,1.5233361313483345,0.0,1.7368720663647468,38.348765432098766,0.0004965819337652309,37.05538615521306,7.626997424081338,1.4591099546846606,0.0,0.005290796498081063,-1.0030864197530889,3.243555478512825e-05,-0.7282466616845795,2.279074501949447,0.05259126783943602,0.0,0.003868981400090288,-0.8487654320987659,6.070709990582831e-05,1.2406206564080478,2.2005158716237396,0.11681744450310982,0.0
2012-12-14,27,True,1.9780314536154282,30.941358024691358,0.0004241905841492347,46.7942204447082,10.18939301185287,1.723675531870522,0.0,1.9940382913999941,30.63271604938272,0.00041802395293635873,49.01024607467257,7.310925020689084,1.7640393634334837,0.0,1.9928817660764608,30.169753086419753,0.00038601641144237224,46.008727047153386,6.726290331088952,1.6594285433835867,0.0,-0.016006837784565908,0.3086419753086389,6.166631212875962e-06,-2.2160256299643706,2.8784679911637854,-0.04036383156296175,0.0,-0.014850312461032633,0.7716049382716044,3.817417270686246e-05,0.7854933975548164,3.4631026807639174,0.06424698848693522,0.0
2012-12-15,27,True,3.4660779250905556,8.333333333333332,5.2576888332024185e-05,56.39887995554871,0.0,2.1019091420547644,0.0,3.4815727731840687,9.876543209876543,8.243629111043603e-05,61.272603347965735,0.0,2.2795835348663314,0.0,3.5207335154178727,9.799382716049381,7.929488374796232e-05,57.750015537338555,0.0,2.170157692114276,0.0,-0.015494848093513092,-1.5432098765432105,-2.9859402778411847e-05,-4.873723392417027,0.0,-0.17767439281156694,0.0,-0.05465559032731715,-1.466049382716049,-2.6717995415938135e-05,-1.3511355817898476,0.0,-0.06824855005951136,0.0
2012-12-16,27,True,4.640805808096464,17.28395061728395,0.0002202649047506734,69.32470465913391,0.37115016061591394,3.6286336777897263,0.0,4.663702698162369,18.75,0.0002507228613507759,74.10336504319682,3.02365378528941,3.824941588275189,0.0,4.65627759264587,18.3641975308642,0.00024028781213074799,72.37250640193544,2.817931567779423,3.779132617140242,0.0,-0.022896890065904785,-1.4660493827160508,-3.04579566001025e-05,-4.778660384062903,-2.652503624673496,-0.1963079104854626,0.0,-0.015471784549406564,-1.0802469135802504,-2.002290738007458e-05,-3.047801742801525,-2.4467814071635092,-0.15049893935051584,0.0
2012-12-17,27,True,2.473493061173383,21.52777777777778,0.00034827148482621497,61.58230169029346,10.745563046225595,2.4238015356777254,0.0,2.4692731677800004,22.839506172839506,0.00036556992535176597,64.96817217184406,9.779299607803708,2.5701108897940657,0.0,2.482341909100114,21.373456790123456,0.00034792763368287206,62.836857329872345,9.613148281489444,2.469704213262203,0.0,0.004219893393382801,-1.3117283950617278,-1.7298440525550997e-05,-3.3858704815505973,0.9662634384218869,-0.14630935411634027,0.0,-0.008848847926731018,0.154320987654323,3.4385114334290574e-07,-1.2545556395788822,1.1324147647361507,-0.04590267758447775,0.0
2012-12-18,27,True,2.0472235708246527,37.57716049382716,0.0005566204085252074,51.9717167611654,12.609039080679038,1.910423208616735,0.0,2.0535406444187037,38.65740740740741,0.0005752471537804517,56.36529369373566,12.300149706421026,2.041640615599608,0.0,2.0410813213533467,38.19444444444444,0.000543647859438758,54.57492437914395,11.942096878491219,1.9516636957576028,0.0,-0.0063170735940509815,-1.080246913580254,-1.862674525524423e-05,-4.393576932570255,0.3088893742580119,-0.13121740698287288,0.0,0.006142249471305927,-0.6172839506172849,1.2972549086449469e-05,-2.6032076179785477,0.6669422021878191,-0.04124048714086781,0.0
2012-12-19,27,True,2.583159041274997,22.29938271604938,0.00028055393582294253,44.72258946880346,5.1918777921967845,1.9441828331518585,0.0,2.589468633433583,22.762345679012345,0.0002710237780868397,46.50299194826998,3.2183433866736144,1.96605772246626,0.0,2.617447673451042,21.527777777777775,0.0002516734825632153,44.373575328049476,2.977391643271273,1.8934198709976107,0.0,-0.006309592158586064,-0.46296296296296546,9.530157736102824e-06,-1.7804024794665168,1.97353440552317,-0.021874889314401624,0.0,-0.03428863217604494,0.7716049382716044,2.888045325972723e-05,0.3490141407539866,2.2144861489255114,0.050762962154247804,0.0
2012-12-20,27,True,3.6573583427879406,12.037037037037036,0.00013243097644701697,49.054470006789735,3.9357864681250265,2.5205565977852524,0.0,3.708051345445289,12.885802469135802,0.00014684962218655347,51.77864850195187,3.9758473471971767,2.607473919203101,0.0,3.7285960050882028,12.654320987654321,0.00014065994813435167,49.465394125427586,4.038639122285253,2.562835805583431,0.0,-0.05069300265734844,-0.8487654320987659,-1.4418645739536505e-05,-2.7241784951621355,-0.04006087907215017,-0.08691732141784847,0.0,-0.07123766230026218,-0.6172839506172849,-8.228971687334696e-06,-0.41092411863785117,-0.10285265416022638,-0.0422792077981784,0.0
2012-12-21,27,True,2.4451688663281357,28.086419753086417,0.0003088990396344031,57.51486567287213,10.331345243376843,2.1585107199615963,0.0,2.4643267960751354,29.398148148148145,0.0003316986543327784,62.32049968340589,11.03662824395276,2.320562067978976,0.0,2.4530990333184923,28.163580246913583,0.0003060368177699712,59.4911183936952,10.776510511566654,2.214188487973872,0.0,-0.019157929746999702,-1.3117283950617278,-2.2799614698375313e-05,-4.805634010533758,-0.7052830005759176,-0.16205134801737975,0.0,-0.007930166990356646,-0.07716049382716506,2.862221864431897e-06,-1.9762527208230694,-0.44516526818981106,-0.05567776801227575,0.0
2012-12-22,27,True,3.2289613729213547,19.058641975308642,0.0002288550207273369,55.26378433778786,3.9885679784307184,2.3539529153904644,0.0,3.2313792487247297,20.138888888888886,0.00023942498637549375,59.47593658870907,1.1645098959977178,2.476870402638709,0.0,3.23924348970024,18.672839506172835,0.00023221671520443627,57.50404621965963,0.6096092813454923,2.4169845013116142,0.0,-0.002417875803375047,-1.0802469135802433,-1.0569965648156855e-05,-4.212152250921207,2.824058082433001,-0.12291748724824458,0.0,-0.010282116778885353,0.3858024691358075,-3.3616944770993736e-06,-2.240261881871767,3.378958697085226,-0.06303158592114988,0.0
2012-12-23,27,True,3.750349436519839,23.53395061728395,0.0003607944824288419,65.0723184072705,4.391365780066341,2.929617988294476,0.0,3.787833906985901,24.07407407407407,0.0004012169638251591,67.13198117849967,5.655969137334399,3.0638111662632364,0.0,3.7845621532890976,23.91975308641975,0.00038849218109677114,65.8480742048092,5.22349631809689,2.996599103393198,0.0,-0.03748447046606218,-0.5401234567901199,-4.0422481396317205e-05,-2.0596627712291706,-1.264603357268058,-0.1341931779687604,0.0,-0.034212716769258744,-0.3858024691358004,-2.769769866792926e-05,-0.7757557975386931,-0.8321305380305493,-0.06698111509872184,0.0
2012-12-24,27,True,4.298901052552268,12.65432098765432,0.00014812796822089025,60.45675389893278,0.0,2.8169206216409224,0.0,4.331287580348978,12.5,0.00016835176748472092,62.251448321392985,0.0,2.90387607775373,0.0,4.332996064083216,11.959876543209875,0.00015522510639681,59.54738649866856,0.0,2.8221136706445797,0.0,-0.03238652779671014,0.15432098765431945,-2.022379926383067e-05,-1.7946944224602035,0.0,-0.08695545611280764,0.0,-0.03409501153094752,0.6944444444444446,-7.097138175919752e-06,0.9093674002642231,0.0,-0.005193049003657357,0.0
2012-12-25,27,True,3.711829294155511,15.895061728395063,0.00015286799832548378,60.77383679440945,6.490106954370009,2.952422691837453,0.0,3.7602491988381015,15.895061728395063,0.00015827453385987064,64.09159685947593,6.633626653515312,3.04677857851205,0.0,3.782827931867516,15.66358024691358,0.00015210949800048538,62.002128243140604,6.697897098438982,2.9814255386348076,0.0,-0.04841990468259061,0.0,-5.406535534386865e-06,-3.31776006506648,-0.14351969914530294,-0.09435588667459704,0.0,-0.07099863771200532,0.23148148148148273,7.585003249983998e-07,-1.2282914487311558,-0.2077901440689729,-0.029002846797354653,0.0
2012-12-26,27,True,2.386366867838605,31.635802469135797,0.0004271219599510058,65.88720788855318,8.948510672096198,2.521771263638234,0.0,2.4156933049319527,33.873456790123456,0.0004494609182385115,67.66491006520656,9.285540278073684,2.6534766169232706,0.0,2.4066776462163273,33.10185185185185,0.0004367674655055322,67.17311989353813,9.096938912305534,2.6139823288758826,0.0,-0.02932643709334748,-2.2376543209876587,-2.2338958287505665e-05,-1.7777021766533778,-0.3370296059774862,-0.13170535328503652,0.0,-0.020310778377722105,-1.4660493827160508,-9.645505554526377e-06,-1.2859120049849508,-0.14842824020933598,-0.09221106523764844,0.0
2012-12-27,27,True,1.856897191268382,37.808641975308646,0.0005440115737576067,45.97651273099818,12.601003326410265,1.6100844147429603,0.0,1.8730743869358637,37.96296296296296,0.0005172616872949266,47.30623835565795,10.528515242109508,1.6276757618271827,0.0,1.8628117711070777,37.03703703703704,0.0004972029362546375,46.06909240853407,10.47246288246839,1.573626958332686,0.0,-0.01617719566748166,-0.1543209876543159,2.6749886462680127e-05,-1.3297256246597726,2.0724880843007565,-0.017591347084222386,0.0,-0.005914579838695699,0.7716049382716079,4.680863750296921e-05,-0.09257967753588758,2.1285404439418745,0.0364574564102742,0.0
2012-12-28,27,True,3.028509785874869,21.759259259259256,0.00026617435203468964,44.05464025624766,3.709543444175055,2.2990146328380194,0.0,3.0954525994528326,23.688271604938272,0.000245021742660199,44.156375802382854,3.723271888901222,2.300838257793734,0.0,3.1082403484282333,23.611111111111107,0.00024014641349632626,42.01444815268897,3.7691504590238276,2.274236131403619,0.0,-0.06694281357796372,-1.9290123456790162,2.1152609374490623e-05,-0.10173554613519542,-0.013728444726166966,-0.0018236249557146422,0.0,-0.07973056255336441,-1.8518518518518512,2.6027938538363373e-05,2.040192103558688,-0.05960701484877262,0.024778501434400635,0.0
2012-12-29,27,True,2.4047274931459497,32.25308641975309,0.0006625985675239553,61.96529371448176,18.7534351513497,2.5414155390420374,0.0,2.3973061621566836,33.873456790123456,0.0006756516581333407,66.25210101997759,17.550462798697897,2.6784036837142517,0.0,2.38976833339804,33.56481481481482,0.0006502612348694132,63.37937503495631,17.140340047559018,2.5733666314303374,0.0,0.007421330989266117,-1.6203703703703667,-1.3053090609385404e-05,-4.286807305495827,1.202972352651802,-0.13698814467221432,0.0,0.014959159747909734,-1.3117283950617278,1.233733265454211e-05,-1.4140813204745513,1.6130951037906804,-0.03195109238829996,0.0
2012-12-30,27,True,1.8815762083338994,33.25617283950618,0.0003712935367948312,48.13272662559706,8.877540277100978,1.6124549706268054,0.0,1.8991845055013026,34.10493827160494,0.00035790441408396377,50.34818159152038,9.861402368754321,1.6580432112727013,0.0,1.8935276972574553,31.249999999999993,0.0003281341862659214,47.788979999293055,7.837783084323209,1.5653163324193502,0.0,-0.017608297167403197,-0.8487654320987588,1.3389122710867445e-05,-2.215454965923321,-0.9838620916533429,-0.04558824064589584,0.0,-0.011951488923555909,2.006172839506185,4.31593505289098e-05,0.34374662630400366,1.0397571927777696,0.04713863820745523,0.0
2012-12-31,27,True,2.959187136167461,26.543209876543212,0.0004907804642875837,45.014245470148715,7.574055648033833,2.102705040239046,0.0,2.9866469855902635,27.469135802469136,0.0005162632424786808,48.81754810106324,8.044462128475066,2.2121841160444515,0.0,2.9723591531192786,26.543209876543205,0.00048486270594404,46.224518723109966,6.893004708901785,2.1200021390607864,0.0,-0.027459849422802662,-0.9259259259259238,-2.548277819109713e-05,-3.803302630914523,-0.4704064804412331,-0.10947907580540539,0.0,-0.013172016951817689,7.105427357601002e-15,5.917758343543646e-06,-1.210273252961251,0.6810509391320485,-0.017297098821740242,0.0
2013-01-01,27,True,3.452459593202469,24.537037037037038,0.00040932195232212587,43.90121936072923,1.802012778840929,2.3203327601802455,0.0,3.4672234256748222,24.151234567901234,0.0004145639974811265,45.373883689316166,3.0009868744345805,2.3517526609278754,0.0,3.4600740821925466,23.45679012345679,0.0003869944453585086,42.56004158012041,2.404509207083234,2.2927329389990994,0.0,-0.014763832472353133,0.38580246913580396,-5.242045159000645e-06,-1.4726643285869372,-1.1989740955936514,-0.0314199007476299,0.0,-0.00761448899007755,1.0802469135802468,2.232750696361729e-05,1.3411777806088168,-0.6024964282423051,0.027599821181146122,0.0
2013-01-02,27,True,2.2756518827040546,29.089506172839503,0.0003148509507443317,56.026037699792504,5.9273285624206515,1.7530039503642387,0.0,2.313458391999065,30.632716049382715,0.00031379807964734965,58.548376832226914,6.030006860775262,1.8253222707944992,0.0,2.326482651115757,27.623456790123452,0.00029093412008317134,55.96796668856087,5.777014521227048,1.7294857654327214,0.0,-0.03780650929501039,-1.5432098765432123,1.052871096982066e-06,-2.5223391324344107,-0.1026782983546104,-0.07231832043026043,0.0,-0.0508307684117022,1.4660493827160508,2.3916830661160373e-05,0.0580710112316325,0.15031404119360392,0.02351818493151736,0.0
2013-01-03,27,True,2.079755748064125,33.48765432098766,0.0005130342298185994,56.31908753629343,9.744262138047496,1.8575596952314974,0.0,2.082344572702512,35.3395061728395,0.000539488391910333,58.971842106570364,7.820105118420221,1.9727432825147204,0.0,2.0669924496187466,35.03086419753087,0.0005056427760785327,57.27563068075392,6.557029954430546,1.874435189489873,0.0,-0.002588824638387166,-1.8518518518518405,-2.6454162091733673e-05,-2.652754570276933,1.924157019627275,-0.11518358728322298,0.0,0.012763298445378268,-1.5432098765432087,7.391453740066716e-06,-0.9565431444604897,3.18723218361695,-0.016875494258375534,0.0
2013-01-04,27,True,2.037513912969316,38.58024691358025,0.0004982149356482632,47.23276751081765,9.248263068601158,1.688332127263341,0.0,2.062540405599759,37.96296296296296,0.0004907763009999699,48.714356519523086,8.564715724941482,1.7063274899500869,0.0,2.0492571038924874,37.42283950617284,0.000453055176105334,45.98067313134055,8.233949523036316,1.6160012638850971,0.0,-0.025026492630443098,0.6172839506172849,7.438634648293248e-06,-1.4815890087054342,0.6835473436596757,-0.017995362686745953,0.0,-0.011743190923171554,1.1574074074074048,4.515975954292917e-05,1.2520943794771,1.0143135455648427,0.07233086337824379,0.0
2013-01-05,27,True,3.8785047163525093,16.820987654320984,0.0001683430500493174,49.60513339892887,0.7418881087258619,2.3227860544094336,0.0,3.900410759164225,16.89814814814815,0.00017611156377595553,50.536466253957784,2.9008697917820188,2.364024376698464,0.0,3.902851972280285,16.97530864197531,0.0001722857705427665,47.8512890705587,2.7957410888360226,2.303463081281648,0.0,-0.02190604281171593,-0.07716049382716506,-7.768513726638145e-06,-0.9313328550289128,-2.158981683056157,-0.04123832228903046,0.0,-0.024347255927775535,-0.15432098765432656,-3.942720493449106e-06,1.753844328370171,-2.0538529801101606,0.019322973127785747,0.0
2013-01-06,27,True,3.027638995549369,18.595679012345677,0.0004297535194743274,52.18978446688254,7.119549240387659,2.0369469370381985,0.0,3.0398064914225755,20.44753086419753,0.0004214627929059558,54.1365670609753,2.6450076672994594,2.0771533725814684,0.0,3.02402620810247,19.444444444444443,0.0003888306351097681,50.93350584419631,1.7271330724070773,1.9742025296577799,0.0,-0.012167495873206313,-1.8518518518518547,8.290726568371592e-06,-1.9467825940927597,4.474541573088199,-0.04020643554326986,0.0,0.0036127874468991905,-0.8487654320987659,4.092288436455927e-05,1.2562786226862315,5.392416167980582,0.06274440738041864,0.0
2013-01-07,27,True,2.246274755640724,28.086419753086417,0.0004355788843362374,50.40639637207573,8.876158234432216,1.702013134550628,0.0,2.2429751355662266,27.9320987654321,0.0004068110375065653,51.284639373922985,5.613483800699421,1.7274971599577693,0.0,2.236919826702474,25.771604938271604,0.00038866994454827094,49.57719295704116,5.141648223131402,1.644393882368611,0.0,0.003299620074497245,0.1543209876543159,2.876784682967205e-05,-0.8782430018472525,3.262674433732795,-0.025484025407141342,0.0,0.009354928938249962,2.314814814814813,4.6908939787966434e-05,0.82920341503457,3.734510011300814,0.05761925218201691,0.0
2013-01-08,27,True,8.474062315002591,5.092592592592593,3.457919989547032e-05,59.48865564841371,0.0,6.310761543718405,0.0,8.53675952038283,6.481481481481481,5.993388579764735e-05,60.560825275916564,0.9071385215387557,6.480351675962227,0.0,8.564496316046174,6.404320987654321,6.803393986082163e-05,58.943468534562356,0.7686546773636598,6.477172582580725,0.0,-0.06269720538023904,-1.3888888888888884,-2.535468590217703e-05,-1.072169627502852,-0.9071385215387557,-0.16959013224382247,0.0,-0.09043400104358312,-1.3117283950617287,-3.345473996535131e-05,0.5451871138513553,-0.7686546773636598,-0.16641103886232056,0.0
2013-01-09,27,True,3.0129146811751717,22.839506172839506,0.0004148784644204901,68.13728778344733,19.01688774709041,3.0184098814232234,0.0,3.0319624768152647,24.459876543209877,0.0003960790802544356,69.39177961584274,16.466144012442797,3.042031628810374,0.0,3.047572342608607,23.688271604938272,0.00038502583966537645,68.11698144927252,15.97304220765494,2.9630516217001492,0.0,-0.019047795640092957,-1.6203703703703702,1.87993841660545e-05,-1.2544918323954022,2.5507437346476145,-0.023621747387150727,0.0,-0.034657661433435294,-0.8487654320987659,2.9852624755113662e-05,0.020306334174819085,3.0438455394354715,0.05535825972307418,0.0
2013-01-10,27,True,2.926884546034525,14.737654320987655,0.00015781027629281237,67.78909613529245,7.14345846562265,2.404193145424596,0.0,2.9541098052539865,16.820987654320984,0.00016241340778242749,70.52212255994763,7.257279195103269,2.5431257317238805,0.0,2.9708698290126296,16.049382716049383,0.0001572927374188236,68.6621574957642,7.317683131288098,2.451785931362254,0.0,-0.027225259219461506,-2.0833333333333286,-4.603131489615118e-06,-2.733026424655179,-0.1138207294806195,-0.1389325862992843,0.0,-0.04398528297810467,-1.3117283950617278,5.175388739887615e-07,-0.8730613604717519,-0.1742246656654487,-0.04759278593765792,0.0
2013-01-11,27,True,4.102380562573986,19.521604938271604,0.00038490615814098134,69.90316551069566,10.491970949855588,3.106574846305536,0.0,4.124927269129518,20.98765432098765,0.0004175979404923611,72.42732514314712,10.581658572837371,3.26087084322479,0.0,4.116890728440877,20.75617283950617,0.00040543165098534434,71.07175867519463,10.4574558479939,3.1910099284410176,0.0,-0.02254670655553248,-1.4660493827160472,-3.2691782351379755e-05,-2.5241596324514575,-0.08968762298178312,-0.1542959969192541,0.0,-0.014510165866891356,-1.2345679012345663,-2.0525492844363e-05,-1.1685931644989722,0.034515101861687825,-0.08443508213548157,0.0
2013-01-12,27,True,5.729256635158957,15.123456790123457,0.0002872163160094864,66.55448132223214,1.928963312493232,5.031701786926439,0.0,5.768660693376704,15.432098765432098,0.0002641531101374948,66.57190872824243,0.8060404827496516,5.060918954201456,0.0,5.780470649733733,14.891975308641975,0.00025842969873037143,64.62444744739788,0.8589393039620177,5.030279187871413,0.0,-0.039404058217747284,-0.3086419753086407,2.306320587199158e-05,-0.017427406010298796,1.1229228297435805,-0.029217167275016998,0.0,-0.05121401457477592,0.23148148148148273,2.8786617279114967e-05,1.9300338748342512,1.0700240085312143,0.0014225990550258416,0.0
2013-01-13,27,True,3.1150256840550004,17.129629629629626,0.0002543293212782619,70.99835469078127,6.937359260741753,2.5945679029652595,0.0,3.1369699622827323,18.209876543209877,0.000261283585061208,72.34175944442654,5.432437388708981,2.6902844989335617,0.0,3.1525869894464105,17.59259259259259,0.00024661144300559015,70.8318617628652,5.5389680910330155,2.604037332912895,0.0,-0.021944278227731928,-1.0802469135802504,-6.954263782946103e-06,-1.3434047536452738,1.5049218720327726,-0.09571659596830218,0.0,-0.037561305391410116,-0.46296296296296546,7.717878272671733e-06,0.1664929279160674,1.398391169708738,-0.009469429947635444,0.0
2013-01-14,27,True,2.1841773536819526,40.895061728395056,0.0009006371434690815,79.14679221305697,19.80313359881103,3.034669352291358,0.0,2.194178363308584,43.28703703703704,0.000930374655794569,82.44564371623449,19.625560633956454,3.2302620534419657,0.0,2.1800341767153673,42.66975308641975,0.0009016649951435611,81.23392421342659,19.070630720325966,3.1378895841369276,0.0,-0.010001009626631419,-2.3919753086419817,-2.973751232548754e-05,-3.2988515031775165,0.1775729648545763,-0.19559270115060778,0.0,0.0041431769665853935,-1.7746913580246968,-1.0278516744796542e-06,-2.087132000369621,0.7325028784850645,-0.10322023184556972,0.0
2013-01-15,27,True,2.2126245278137855,36.26543209876543,0.0005763453919408783,62.18194440970818,11.348745325275305,2.2558167051541567,0.0,2.220202961732538,35.3395061728395,0.0005302371145851401,61.904884405594856,9.247251072050437,2.206401872565509,0.0,2.2196541126495886,34.64506172839506,0.0005095279192581679,60.47678056076537,9.448559004917522,2.143319869425585,0.0,-0.0075784339187525696,0.9259259259259309,4.61082773557382e-05,0.27706000411332354,2.1014942532248675,0.04941483258864787,0.0,-0.007029584835803071,1.6203703703703667,6.68174726827104e-05,1.70516384894281,1.9001863203577827,0.11249683572857183,0.0
2013-01-16,27,True,2.5279065918874033,34.1820987654321,0.0005967300355787165,60.33234199530751,12.501265134172652,2.481352795101898,0.0,2.5532183574859797,37.5,0.0006211364440892063,62.995542436806815,12.86967214660592,2.6217309076227293,0.0,2.5375619295313125,36.651234567901234,0.0005882473769580444,61.38191215726784,12.40250803608279,2.5196644627557565,0.0,-0.025311765598576397,-3.3179012345678984,-2.4406408510489795e-05,-2.6632004414993062,-0.3684070124332681,-0.14037811252083143,0.0,-0.009655337643909245,-2.4691358024691326,8.482658620672084e-06,-1.0495701619603324,0.09875709808986244,-0.03831166765385863,0.0
2013-01-17,27,True,3.013475789472144,25.23148148148148,0.00035461502436586015,52.43501857783005,9.552286009845906,2.414885660236194,0.0,3.0283378528475344,26.080246913580247,0.00035111347276179706,53.383079886962584,8.460514421768167,2.446232465351189,0.0,3.0215732630537597,24.537037037037035,0.00033057073611082494,51.24591969538426,8.026518889050278,2.3542334420361177,0.0,-0.014862063375390644,-0.8487654320987659,3.501551604063091e-06,-0.9480613091325338,1.091771588077739,-0.03134680511499477,0.0,-0.008097473581615944,0.6944444444444464,2.4044288255035213e-05,1.1890988824457907,1.5257671207956278,0.06065221820007638,0.0
2013-01-18,27,True,7.137375789071099,12.345679012345679,0.00025095100283246686,57.91427437539857,0.0,6.037118815141035,0.0,7.179269651253856,12.037037037037036,0.00022204556459023834,59.307428305272666,0.0,6.08216346258799,0.0,7.195949700030627,12.191358024691358,0.0002279947314547381,57.13221135414766,0.0,6.061320049061397,0.0,-0.04189386218275715,0.30864197530864246,2.8905438242228526e-05,-1.3931539298740958,0.0,-0.04504464744695458,0.0,-0.05857391095952824,0.15432098765432123,2.2956271377728776e-05,0.782063021250913,0.0,-0.024201233920361886,0.0
2013-01-19,27,True,2.7517028909569565,29.089506172839503,0.0005326373365325437,67.98759470904561,12.679941800416993,2.789181559621955,0.0,2.7603098823456267,29.01234567901234,0.000533097286743857,69.52834350191765,12.927903791769994,2.852042097847526,0.0,2.7740677637669204,28.47222222222222,0.0005244787218179327,68.43773957513284,12.739578794976937,2.7993578239473056,0.0,-0.00860699138867016,0.0771604938271615,-4.5995021131335027e-07,-1.5407487928720371,-0.24796199135300157,-0.06286053822557092,0.0,-0.02236487280996391,0.6172839506172814,8.158614714611e-06,-0.4501448660872285,-0.05963699455994487,-0.01017626432535046,0.0
2013-01-20,27,True,2.7591427372840682,18.441358024691358,0.00023142716536534704,63.08030563952675,6.866237048698016,2.263089966623614,0.0,2.776273654434714,20.061728395061728,0.0002553790888835792,67.18391186436718,6.9215856957142625,2.4319537817140393,0.0,2.788136119284999,19.675925925925927,0.0002539530150340575,65.6681055647221,6.972879040134626,2.376361194333465,0.0,-0.017130917150645963,-1.6203703703703702,-2.395192351823213e-05,-4.103606224840426,-0.05534864701624631,-0.16886381509042536,0.0,-0.028993382000930712,-1.2345679012345698,-2.2525849668710463e-05,-2.5877999251953483,-0.1066419914366099,-0.1132712277098511,0.0
2013-01-21,27,True,2.1055848808146393,37.96296296296296,0.00046824676766412944,60.58904136830449,8.1637540826827,2.102428621238481,0.0,2.141072345713226,39.891975308641975,0.0005160340051720401,63.570635337335204,9.174053244785155,2.2765927608628886,0.0,2.1320575438303706,39.50617283950617,0.0004969214199041651,62.712350279086095,8.964407454701428,2.218469146321376,0.0,-0.03548746489858656,-1.9290123456790127,-4.778723750791062e-05,-2.981593969030712,-1.010299162102454,-0.1741641396244078,0.0,-0.026472663015731257,-1.5432098765432087,-2.8674652240035707e-05,-2.1233089107816028,-0.8006533720187274,-0.11604052508289531,0.0
2013-01-22,27,True,2.6102496022687838,30.478395061728392,0.00039567102345791264,47.177793922951054,9.019283414113001,2.123284792316853,0.0,2.6948896899030625,30.941358024691358,0.00041561338039986526,48.50535353508464,8.837890471284847,2.191395381167829,0.0,2.704750757472336,30.324074074074076,0.00040740739235959705,46.980397108946406,7.818222138925843,2.1596756056263975,0.0,-0.08464008763427877,-0.46296296296296546,-1.994235694195262e-05,-1.3275596121335838,0.181392942828154,-0.06811058885097587,0.0,-0.0945011552035524,0.1543209876543159,-1.1736368901684412e-05,0.19739681400464804,1.2010612751871586,-0.03639081330954452,0.0
2013-01-23,27,True,2.76120392944325,21.450617283950617,0.0002922973708754043,66.18686678080725,9.847512454558089,2.391354966725657,0.0,2.762489182258942,23.76543209876543,0.0002962336387774041,70.23211428020832,9.93947048269049,2.5649992071111702,0.0,2.7751138166220164,22.376543209876544,0.00028934621688266103,68.38724188780853,10.059091026747808,2.4870701094853347,0.0,-0.0012852528156921394,-2.314814814814813,-3.936267901999803e-06,-4.045247499401071,-0.09195802813240128,-0.17364424038551318,0.0,-0.0139098871787664,-0.9259259259259274,2.9511539927432593e-06,-2.2003751070012783,-0.21157857218971898,-0.09571514275967763,0.0
2013-01-24,27,True,2.116865925969232,36.80555555555555,0.0006424360429905302,66.43269783926338,14.297312292915027,2.468444450129822,0.0,2.1508069112374595,39.96913580246913,0.000693509139441196,69.47205059175647,14.669372705472417,2.6651171683462476,0.0,2.134662398474765,39.50617283950617,0.0006661362142001969,68.48670899402929,14.60478627826418,2.592266747526944,0.0,-0.03394098526822731,-3.1635802469135825,-5.107309645066582e-05,-3.0393527524930875,-0.3720604125573903,-0.1966727182164254,0.0,-0.017796472505532623,-2.7006172839506206,-2.370017120966665e-05,-2.0540111547659023,-0.30747398534915327,-0.1238222973971217,0.0
2013-01-25,27,True,3.066057920237472,20.60185185185185,0.0003861379757625377,52.89365404639478,7.575025958689729,2.2908163431015813,0.0,3.0727308170041487,22.762345679012345,0.0003823897141433737,53.847051935658776,3.5505376010816256,2.3235336323169395,0.0,3.0705675849751337,22.376543209876544,0.00035844538927258806,52.155782535741984,2.922271652012303,2.2602000151257338,0.0,-0.006672896766676928,-2.1604938271604937,3.748261619164028e-06,-0.9533978892639965,4.024488357608103,-0.032717289215358214,0.0,-0.0045096647376619,-1.7746913580246932,2.7692586489949655e-05,0.7378715106527949,4.6527543066774255,0.030616327975847568,0.0
2013-01-26,27,True,4.1750490603128965,14.274691358024691,0.00025997407997643623,50.57000492133243,0.0,2.7482147947497317,0.0,4.194372417185905,14.351851851851851,0.0002759071414788749,52.23174099273143,0.13505121969295977,2.7908498364113905,0.0,4.200222412156632,14.351851851851851,0.0002609861334928237,50.4707101026898,0.0,2.7464347015946196,0.0,-0.019323356873008457,-0.07716049382715973,-1.593306150243865e-05,-1.6617360713989981,-0.13505121969295977,-0.04263504166165877,0.0,-0.025173351843735148,-0.07716049382715973,-1.0120535163874985e-06,0.09929481864263323,0.0,0.0017800931551121835,0.0
2013-01-27,27,True,3.364745347453697,13.96604938271605,0.0001517874973370847,62.274237654358416,5.204753066280921,2.4037899784658565,0.0,3.358715210158064,14.891975308641975,0.0001509682437053614,67.07702003627634,4.876387640844517,2.557048569984313,0.0,3.3791013748430383,15.123456790123457,0.00014918755688894995,63.920275614407224,4.950898974378894,2.4710123455406903,0.0,0.0060301372956330646,-0.9259259259259238,8.192536317233102e-07,-4.802782381917922,0.3283654254364041,-0.15325859151845656,0.0,-0.014356027389341275,-1.1574074074074066,2.5999404481347524e-06,-1.6460379600488082,0.2538540919020278,-0.06722236707483376,0.0
2013-01-28,27,True,3.9612263882930665,11.574074074074074,6.342436740461207e-05,70.8823154032314,3.154838279292733,3.034292699382066,0.0,3.9772112812490863,12.114197530864198,8.408453312314477e-05,73.91666820652256,3.450229120761166,3.1898060093412086,0.0,3.9882159464294795,11.882716049382715,8.219996298791596e-05,73.53174992002626,3.526805412317871,3.1766756465252506,0.0,-0.01598489295601979,-0.5401234567901234,-2.0660165718532696e-05,-3.0343528032911564,-0.295390841468433,-0.1555133099591428,0.0,-0.026989558136413017,-0.3086419753086407,-1.877559558330389e-05,-2.649434516794855,-0.37196713302513773,-0.14238294714318478,0.0
2013-01-29,27,False,nan,nan,nan,nan,nan,nan,nan,nan,nan,nan,nan,nan,nan,nan,nan,nan,nan,nan,nan,nan,nan,nan,nan,nan,nan,nan,nan,nan,nan,nan,nan,nan,nan,nan,nan
2013-01-30,27,False,nan,nan,nan,nan,nan,nan,nan,nan,nan,nan,nan,nan,nan,nan,nan,nan,nan,nan,nan,nan,nan,nan,nan,nan,nan,nan,nan,nan,nan,nan,nan,nan,nan,nan,nan
2013-01-31,27,False,nan,nan,nan,nan,nan,nan,nan,nan,nan,nan,nan,nan,nan,nan,nan,nan,nan,nan,nan,nan,nan,nan,nan,nan,nan,nan,nan,nan,nan,nan,nan,nan,nan,nan,nan
2013-02-01,27,False,nan,nan,nan,nan,nan,nan,nan,nan,nan,nan,nan,nan,nan,nan,nan,nan,nan,nan,nan,nan,nan,nan,nan,nan,nan,nan,nan,nan,nan,nan,nan,nan,nan,nan,nan
2013-02-02,27,False,nan,nan,nan,nan,nan,nan,nan,nan,nan,nan,nan,nan,nan,nan,nan,nan,nan,nan,nan,nan,nan,nan,nan,nan,nan,nan,nan,nan,nan,nan,nan,nan,nan,nan,nan
2013-02-03,27,False,nan,nan,nan,nan,nan,nan,nan,nan,nan,nan,nan,nan,nan,nan,nan,nan,nan,nan,nan,nan,nan,nan,nan,nan,nan,nan,nan,nan,nan,nan,nan,nan,nan,nan,nan
2013-02-04,27,False,nan,nan,nan,nan,nan,nan,nan,nan,nan,nan,nan,nan,nan,nan,nan,nan,nan,nan,nan,nan,nan,nan,nan,nan,nan,nan,nan,nan,nan,nan,nan,nan,nan,nan,nan
2013-02-05,27,False,nan,nan,nan,nan,nan,nan,nan,nan,nan,nan,nan,nan,nan,nan,nan,nan,nan,nan,nan,nan,nan,nan,nan,nan,nan,nan,nan,nan,nan,nan,nan,nan,nan,nan,nan
2013-02-06,27,True,1.7442801505547822,39.96913580246913,0.0006142152675012734,53.2698326719424,13.632643259994898,1.911271450246271,0.0,1.755832057376225,42.129629629629626,0.0006581047487904712,57.20727795435536,11.547281937917845,2.045974176069033,0.0,1.7326331824098273,41.04938271604938,0.0005947282675568523,54.0075206209001,11.139449935362144,1.886229378784382,0.0,-0.011551906821442692,-2.1604938271604937,-4.388948128919781e-05,-3.937445282412959,2.0853613220770537,-0.13470272582276177,0.0,0.011646968144954917,-1.0802469135802468,1.9486999944421084e-05,-0.7376879489576993,2.4931933246327542,0.02504207146188908,0.0
2013-02-07,27,True,1.8873990125959768,34.182098765432094,0.00038975197842436353,35.84526576899507,10.238481240460684,1.3588274664477136,0.0,1.8806661342629312,35.108024691358025,0.000352570288646673,36.09152590558564,5.7072624906647595,1.3426263570736727,0.0,1.8760261359036885,33.56481481481482,0.00032817521545032766,33.73494847312263,5.482277752061081,1.2675715735762765,0.0,0.006732878333045589,-0.9259259259259309,3.718168977769054e-05,-0.24626013659057122,4.531218749795925,0.016201109374040845,0.0,0.011372876692288258,0.6172839506172778,6.157676297403587e-05,2.1103172958724414,4.756203488399604,0.0912558928714371,0.0
2013-02-08,27,True,2.4630213461284884,29.398148148148145,0.00043249962250167264,46.7776737437738,8.505720022711976,1.8615224884129833,0.0,2.475604842240521,30.78703703703704,0.0004317640055358192,48.83747158877549,9.504149597401364,1.9156406206826988,0.0,2.455935517609615,30.401234567901238,0.0003815722769827624,45.886226859599645,7.31516087705281,1.7955261786532672,0.0,-0.012583496112032577,-1.3888888888888964,7.356169658534321e-07,-2.0597978450016896,-0.9984295746893874,-0.05411813226971551,0.0,0.007085828518873516,-1.0030864197530924,5.092734551891023e-05,0.8914468841741581,1.1905591456591669,0.06599630975971604,0.0
2013-02-09,27,True,3.575365808761538,19.830246913580243,0.00032878484423409744,57.5259858566911,2.479858021371048,2.4248656838153773,0.0,3.5798681066458964,20.679012345679013,0.00033621677526535524,60.11417688229543,3.376201350087551,2.5088645265370006,0.0,3.5718745524271025,19.90740740740741,0.00031809552527738014,57.68223686189143,3.3570819790587683,2.410869529576966,0.0,-0.004502297884358519,-0.8487654320987694,-7.431931031257803e-06,-2.5881910256043312,-0.8963433287165028,-0.08399884272162339,0.0,0.0034912563344353664,-0.07716049382716506,1.0689318956717299e-05,-0.15625100520033186,-0.8772239576877201,0.013996154238411052,0.0
2013-02-10,27,True,3.5571916111052473,11.882716049382717,8.24183767431414e-05,56.847037591665114,1.3166484251164254,2.472463944029705,0.0,3.584363226977123,12.65432098765432,0.00010301987894496959,59.20637974594472,2.032008623941979,2.5544804109761023,0.0,3.5933213432025726,12.114197530864198,0.00010153476381969131,57.45323174847236,1.9631967119419234,2.49422573684749,0.0,-0.027171615871875776,-0.7716049382716026,-2.0601502201828193e-05,-2.3593421542796094,-0.7153601988255534,-0.08201646694639741,0.0,-0.036129732097325284,-0.23148148148148096,-1.9116387076549915e-05,-0.6061941568072484,-0.6465482868254979,-0.021761792817784897,0.0
2013-02-11,27,True,2.873424464321827,12.5,0.00010894275552585287,51.198702219929686,4.94838074680456,1.9583515884504659,0.0,2.8872088849010424,13.503086419753085,0.00011008337570929463,53.30510636944862,5.013412105118788,2.0445014479001458,0.0,2.9157315177513574,13.580246913580249,0.0001083406204125512,51.86813129592055,5.067604085237355,1.9923742713217742,0.0,-0.01378442057921525,-1.0030864197530853,-1.140620183441758e-06,-2.106404149518937,-0.06503135831422835,-0.0861498594496799,0.0,-0.04230705342953023,-1.0802469135802486,6.021351133016694e-07,-0.6694290759908625,-0.11922333843279542,-0.034022682871308385,0.0
2013-02-12,27,True,2.8360198491047908,16.358024691358022,0.00012557634750329002,62.09400685858629,3.068764553668713,2.41912148507716,0.0,2.8521075712233714,19.135802469135797,0.00014227293673832,64.69202376775333,3.4976224828459044,2.551488537891827,0.0,2.8578510029688924,18.827160493827158,0.00013536105659027808,63.80527645391374,3.2280167858400133,2.504874214780324,0.0,-0.016087722118580672,-2.777777777777775,-1.669658923502998e-05,-2.598016909167036,-0.42885792917719145,-0.1323670528146672,0.0,-0.021831153864101616,-2.469135802469136,-9.78470908698806e-06,-1.711269595327451,-0.15925223217130036,-0.08575272970316394,0.0
2013-02-13,27,True,2.242718114002738,28.472222222222225,0.00035991278483606787,50.35481054552052,11.105201580932631,1.8708133238927203,0.0,2.2552995680015817,30.478395061728396,0.0003782595799491773,53.59760443909123,10.405340380997965,2.0134497340405,0.0,2.2510361760009374,30.246913580246908,0.00035547592194345377,51.84610449434066,10.464508432377203,1.9339798111473103,0.0,-0.012581453998843806,-2.0061728395061706,-1.8346795113109444e-05,-3.242793893570706,0.6998611999346664,-0.14263641014777972,0.0,-0.00831806199819951,-1.7746913580246826,4.436862892614102e-06,-1.491293948820136,0.6406931485554281,-0.06316648725459006,0.0
2013-02-14,27,True,1.859220089133639,32.175925925925924,0.0004148718054593612,42.74544309429879,9.868696399272862,1.4935395956356368,0.0,1.8552055471957942,33.02469135802469,0.00041248505036664616,45.13809448490708,8.999717293998978,1.5538631125212299,0.0,1.848098806911763,32.33024691358025,0.000392597428883631,43.50112271995622,8.286190220902443,1.4958076457003429,0.0,0.004014541937844784,-0.8487654320987659,2.386755092715026e-06,-2.392651390608286,0.8689791052738833,-0.06032351688559312,0.0,0.011121282221876028,-0.154320987654323,2.2274376575730204e-05,-0.7556796256574287,1.5825061783704193,-0.0022680500647060953,0.0
2013-02-15,27,True,1.9195787221919163,33.101851851851855,0.000404023674154046,50.202824952384766,11.102238572602632,1.8238621355593438,0.0,1.9231512368343444,35.03086419753087,0.0004138204733863592,52.17685749943498,10.300882210773425,1.8845226865167493,0.0,1.9227139274878413,33.25617283950618,0.0003816916654067629,50.07721203253231,10.065659875685316,1.7941506500080182,0.0,-0.0035725146424281373,-1.9290123456790127,-9.79679923231321e-06,-1.9740325470502142,0.8013563618292068,-0.06066055095740541,0.0,-0.0031352052959250365,-0.154320987654323,2.233200874728308e-05,0.1256129198524576,1.0365786969173154,0.029711485551325634,0.0
2013-02-16,27,True,1.9092026055513631,34.5679012345679,0.00045854256077566775,53.859719569754866,14.96628003896799,1.9500547634312895,0.0,1.9280229031834164,38.34876543209876,0.00047602099277270856,56.913468491537145,12.719776152897637,2.078012275305512,0.0,1.9148348927036194,36.95987654320987,0.0004410488037308805,55.04910112268016,12.268143223149291,1.9889953374296443,0.0,-0.018820297632053284,-3.7808641975308603,-1.7478431997040812e-05,-3.0537489217822795,2.2465038860703537,-0.12795751187422244,0.0,-0.005632287152256277,-2.3919753086419746,1.7493757044787254e-05,-1.1893815529252976,2.6981368158186996,-0.03894057399835482,0.0
2013-02-17,27,True,1.8963958537403467,33.33333333333333,0.0004535201360673431,51.17863540107794,11.877921668757532,1.8998774857696592,0.0,1.912919436315259,36.03395061728394,0.00046300889079733937,53.760213949897356,10.209680651456518,1.998639786096031,0.0,1.9028470431409215,34.9537037037037,0.00043112488529983037,51.67642726886843,9.810599629282294,1.8849760195123983,0.0,-0.016523582574912377,-2.7006172839506135,-9.48875472999626e-06,-2.581578548819415,1.668241017301014,-0.09876230032637179,0.0,-0.006451189400574764,-1.6203703703703738,2.2395250767512744e-05,-0.49779186779048956,2.067322039475238,0.014901466257260854,0.0
2013-02-18,27,True,1.8314857575343209,34.49074074074074,0.00042734067970007895,45.439116068538155,8.305743308674213,1.6064669113323367,0.0,1.8480062480370163,36.11111111111111,0.0004430341379544326,47.84395039229323,8.001519733951428,1.676866396767232,0.0,1.8395938899549282,35.108024691358025,0.00041227291317685633,46.1002632728415,7.650326920240748,1.6004854313071557,0.0,-0.01652049050269544,-1.6203703703703667,-1.5693458254353626e-05,-2.4048343237550753,0.3042235747227853,-0.07039948543489527,0.0,-0.008108132420607372,-0.6172839506172849,1.5067766523222618e-05,-0.6611472043033473,0.6554163884334647,0.005981480025180952,0.0
2013-02-19,27,True,2.094057016544085,27.85493827160494,0.0003832711994441321,51.902603777918486,9.435166192248067,1.6638337001557637,0.0,2.098138667382474,29.47530864197531,0.00038347512376864283,54.733671635071026,8.747413361410217,1.7583522611945264,0.0,2.0904296074209987,29.01234567901235,0.00035985557341841026,52.96372021336966,8.033277288463381,1.6805130516790823,0.0,-0.0040816508383887395,-1.6203703703703702,-2.0392432451075537e-07,-2.83106785715254,0.6877528308378498,-0.09451856103876266,0.0,0.0036274091230863448,-1.1574074074074083,2.3415626025721813e-05,-1.0611164354511757,1.4018889037846858,-0.016679351523318564,0.0
2013-02-20,27,True,2.0137739208175267,25.694444444444443,0.00025686424839060554,45.152816131229585,4.767423356129294,1.6913650235576894,0.0,2.021255140241397,25.0,0.0002691554215117328,45.88259728971498,5.199994853456687,1.7224518385035141,0.0,2.021711344690523,23.91975308641975,0.00024820443672528844,43.98106443107479,5.086588453492519,1.6546810490043318,0.0,-0.007481219423870478,0.6944444444444429,-1.2291173121127237e-05,-0.7297811584853946,-0.43257149732739286,-0.03108681494582477,0.0,-0.007937423872996341,1.7746913580246932,8.659811665317097e-06,1.1717517001547932,-0.31916509736322496,0.03668397455335759,0.0
2013-02-21,27,True,2.2272471704746652,26.543209876543212,0.0003092884017219182,49.71118424572604,4.747763949294388,1.7055849832442074,0.0,2.2352180513836495,25.925925925925924,0.00029813257869536203,50.59613177253309,4.03797428642727,1.7496078625731766,0.0,2.231038022770069,24.768518518518515,0.00028139940116682295,48.21015477658535,3.7116997470462665,1.661863574080897,0.0,-0.007970880908984235,0.6172839506172885,1.1155823026556193e-05,-0.8849475268070535,0.7097896628671183,-0.0440228793289692,0.0,-0.003790852295403546,1.7746913580246968,2.7889000555095266e-05,1.5010294691406898,1.0360642022481215,0.043721409163310465,0.0
2013-02-22,27,True,2.612763657225204,14.351851851851851,0.00014825833279601385,46.60300847033406,4.533147755313766,1.6552378295411556,0.0,2.678095644270797,15.66358024691358,0.00016028664319902753,47.26098773184727,4.563690681011534,1.6951968435216014,0.0,2.7095489050107577,14.737654320987655,0.000157069731581107,45.64108361733861,4.612106921068288,1.6526893409506809,0.0,-0.06533198704559284,-1.3117283950617296,-1.2028310403013677e-05,-0.6579792615132121,-0.030542925697767842,-0.03995901398044577,0.0,-0.09678524778555353,-0.38580246913580396,-8.811398785093144e-06,0.9619248529954518,-0.07895916575452233,0.00254848859047474,0.0
2013-02-23,27,True,3.2113062005508834,9.104938271604938,3.708179201157757e-05,59.62399532608647,2.5415601649854183,2.365385004054099,0.0,3.2321381198678263,12.345679012345679,5.222566697834692e-05,62.1663285358843,2.60411800002507,2.4754729133192495,0.0,3.2515137580996263,12.114197530864198,5.0557774357582116e-05,60.91319168800092,2.682005260579519,2.432791823000312,0.0,-0.020831919316942837,-3.2407407407407405,-1.5143874966769346e-05,-2.5423332097978246,-0.06255783503965162,-0.11008790926515033,0.0,-0.040207557548742834,-3.0092592592592595,-1.3475982346004545e-05,-1.289196361914449,-0.1404450955941008,-0.0674068189462127,0.0
2013-02-24,27,True,3.4576292382277045,19.67592592592592,0.0003081311941887185,63.90465985439031,5.197254497567862,2.7297402847582473,0.0,3.4801252420403097,21.141975308641978,0.00033064083237771585,66.59079272507589,4.580081893246261,2.865551238793972,0.0,3.4756122509863863,21.45061728395062,0.00032058414288048517,65.73933981904769,4.494542821373081,2.8216541413573477,0.0,-0.022496003812605192,-1.466049382716058,-2.2509638188997346e-05,-2.686132870685576,0.6171726043216008,-0.13581095403572485,0.0,-0.01798301275868175,-1.7746913580247003,-1.2452948691766674e-05,-1.8346799646573757,0.7027116761947809,-0.09191385659910045,0.0
2013-02-25,27,True,2.8485419832519483,18.441358024691358,0.00021782245447754759,57.224826945281464,4.025754000193241,2.222197891913996,0.0,2.852475114116871,19.598765432098766,0.00022320782838758553,59.17577513344304,4.007499647188972,2.328773501419168,0.0,2.849825972686404,19.058641975308642,0.00021764700144824055,58.31338751691296,3.884849255347377,2.2843210562690404,0.0,-0.0039331308649228625,-1.1574074074074083,-5.385373910037945e-06,-1.9509481881615756,0.01825435300426914,-0.10657560950517198,0.0,-0.0012839894344556235,-0.6172839506172849,1.7545302930703846e-07,-1.088560571631497,0.14090474484586402,-0.06212316435504439,0.0
2013-02-26,27,True,2.4324084697607926,23.91975308641975,0.00023222735767397767,48.8124665780942,4.019551778651601,1.9636884622236084,0.0,2.4571402821402555,24.922839506172835,0.00025659059001604693,50.68861586005782,4.318130373090551,2.056049798496285,0.0,2.4680252326100844,23.91975308641975,0.0002410488156899496,48.874899122560194,3.9841234101297474,1.9728538905852404,0.0,-0.02473181237946287,-1.0030864197530853,-2.436323234206926e-05,-1.8761492819636203,-0.2985785944389505,-0.09236133627267651,0.0,-0.03561676284929183,0.0,-8.82145801597194e-06,-0.06243254446599167,0.03542836852185349,-0.009165428361632033,0.0
2013-02-27,27,True,1.9317001301564372,39.81481481481482,0.0005699391662760969,60.00843140814843,11.267278994245745,2.1226775983500343,0.0,1.9563443612510623,42.824074074074076,0.0006218897331761159,63.10251996486039,11.635442586648697,2.305676779804453,0.0,1.9346035628483658,42.129629629629626,0.0005769962131478724,61.13437943184132,10.674855212326282,2.185611481429811,0.0,-0.024644231094625102,-3.0092592592592595,-5.195056690001894e-05,-3.0940885567119594,-0.3681635924029525,-0.18299918145441874,0.0,-0.002903432691928609,-2.3148148148148096,-7.057046871775433e-06,-1.1259480236928852,0.5924237819194627,-0.06293388307977654,0.0
2013-02-28,27,True,2.9992004427720413,14.583333333333334,0.00011017873977032014,53.162500979851785,3.2746833518709257,1.9098615590391523,0.0,3.0528324243166276,16.04938271604938,0.0001370773816295039,54.82745250358812,4.198285881111598,1.9841116455533583,0.0,3.0829288399058816,16.358024691358022,0.00013489915184706773,52.69391927732349,3.874535330330751,1.9371067831308104,0.0,-0.05363198154458626,-1.4660493827160455,-2.689864185918375e-05,-1.6649515237363346,-0.9236025292406724,-0.07425008651420595,0.0,-0.08372839713384028,-1.774691358024688,-2.4720412076747583e-05,0.46858170252829723,-0.5998519784598253,-0.027245224091658082,0.0
2013-03-01,27,True,3.298257464413774,16.820987654320984,0.00017713274321407715,68.66304970716182,2.9831352184498208,2.857698962195392,0.0,3.298043873543343,19.058641975308642,0.00019997196180463912,72.12239300980129,3.6037394992882112,3.066575174016945,0.0,3.3061815788825024,18.441358024691358,0.00019281034458833507,71.2991393565355,3.6453800413946986,3.017688013503496,0.0,0.00021359087043126834,-2.2376543209876587,-2.2839218590561968e-05,-3.4593433026394678,-0.6206042808383905,-0.20887621182155325,0.0,-0.007924114468728316,-1.6203703703703738,-1.567760137425792e-05,-2.6360896493736874,-0.6622448229448779,-0.15998905130810392,0.0
2013-03-02,27,True,3.9598993606053283,8.410493827160492,5.710798826696707e-05,74.0318205367387,3.715374219677784,3.498903695973948,0.0,3.957822881073118,9.645061728395062,7.933591519416906e-05,77.89314276745252,3.8338796622735054,3.7022686916067924,0.0,3.96828884437489,9.64506172839506,7.764127076499208e-05,77.06687045401902,3.932283586306611,3.6627033103504063,0.0,0.0020764795322101293,-1.2345679012345698,-2.2227926927201996e-05,-3.86132223071381,-0.11850544259572127,-0.20336499563284427,0.0,-0.008389483769561501,-1.234567901234568,-2.0533282498025008e-05,-3.0350499172803183,-0.21690936662882665,-0.16379961437645818,0.0
2013-03-03,27,True,2.4807724358444365,35.3395061728395,0.0006645682551576574,73.7596737873549,12.323193867045589,3.074604456103296,0.0,2.5156592250755985,37.345679012345684,0.0006999074458566408,75.77246030869414,13.004099275180067,3.219165434409056,0.0,2.5064600218789086,36.80555555555555,0.0006843173107732586,75.3012270216324,12.447507305013653,3.1746375355037673,0.0,-0.03488678923116195,-2.006172839506185,-3.5339190698983414e-05,-2.012786521339237,-0.6809054081344783,-0.1445609783057602,0.0,-0.025687586034472076,-1.4660493827160508,-1.9749055615601212e-05,-1.541553234277501,-0.12431343796806438,-0.10003307940047135,0.0
2013-03-04,27,True,2.123891010827356,29.86111111111111,0.0003142833632161522,51.22889310437133,8.605225489792884,1.8512591555868831,0.0,2.13279089357079,29.089506172839503,0.00030302227502787175,52.18219714677763,7.022447831415079,1.870793040358794,0.0,2.1373850188731645,28.47222222222222,0.0002923992116240605,50.96902318886274,6.484759666884227,1.8246332895406285,0.0,-0.00889988274343434,0.7716049382716079,1.1261088188280449e-05,-0.9533040424063017,1.5827776583778057,-0.01953388477191087,0.0,-0.013494008045808581,1.3888888888888893,2.18841515920917e-05,0.2598699155085882,2.120465822908657,0.02662586604625461,0.0
2013-03-05,27,True,1.9375447086407303,35.80246913580247,0.0006126090422690858,59.59411256511661,14.331222201964177,2.2662812471940046,0.0,1.9543792906681712,39.96913580246914,0.0006402461074855554,64.11496493263905,14.469182702948993,2.4781585498876293,0.0,1.9400823078541822,38.966049382716044,0.0006142250828839574,62.56397105366189,14.467711057256395,2.3893476077286184,0.0,-0.016834582027440925,-4.166666666666671,-2.7637065216469655e-05,-4.520852367522444,-0.13796050098481594,-0.2118773026936247,0.0,-0.00253759921345198,-3.1635802469135754,-1.6160406148716744e-06,-2.9698584885452775,-0.13648885529221744,-0.12306636053461384,0.0
2013-03-06,27,True,1.9878410072088377,35.72530864197531,0.00042266241890587453,52.45555801922112,12.75796826398723,1.847741767032625,0.0,1.9940830257663147,37.808641975308646,0.0004366736293927793,56.10881057534663,10.980169506987087,1.9691730667393899,0.0,1.981424352632784,36.651234567901234,0.0003953174081394394,53.7085929834716,10.564350162074847,1.8577894024525337,0.0,-0.006242018557476969,-2.0833333333333357,-1.4011210486904787e-05,-3.6532525561255085,1.7777987570001432,-0.1214312997067648,0.0,0.006416654576053782,-0.9259259259259238,2.7345010766435124e-05,-1.2530349642504746,2.1936181019123833,-0.010047635419908607,0.0
2013-03-07,27,True,1.9323607221170467,35.7253086419753,0.0005009261390860573,46.09393446253518,10.502139792195177,1.8048152459712983,0.0,1.9381804373232443,36.728395061728385,0.000491711565808004,48.660600116049594,8.287105048828536,1.8591286531458666,0.0,1.9291881335157242,36.41975308641975,0.0004601716299506703,46.79364531452067,7.958663224950861,1.7889205807950699,0.0,-0.005819715206197618,-1.0030864197530818,9.214573278053294e-06,-2.566665653514413,2.2150347433666404,-0.05431340717456834,0.0,0.0031725886013225235,-0.69444444444445,4.0754509135387004e-05,-0.6997108519854862,2.5434765672443156,0.015894665176228395,0.0
2013-03-08,27,True,1.8220637042952634,36.882716049382715,0.0003671438773986938,49.61079805785034,8.125354034441239,1.5662843229693426,0.0,1.8338043202031282,37.96296296296296,0.00037293224616735936,52.00679624588622,7.490547112850681,1.6123166714362291,0.0,1.8307791916257685,36.49691358024691,0.00034377991588978394,49.630193041817236,6.62859908083587,1.5356907378166067,0.0,-0.011740615907864793,-1.0802469135802468,-5.788368768665567e-06,-2.3959981880358825,0.6348069215905578,-0.04603234846688653,0.0,-0.00871548733050509,0.38580246913580396,2.3363961508909858e-05,-0.019394983966897428,1.496754953605369,0.030593585152735914,0.0
2013-03-09,27,True,2.2794396834850095,23.996913580246915,0.0003283096668101261,52.91146122711903,11.378667056164481,1.8320595824346995,0.0,2.2757170273048866,25.308641975308642,0.00033369108243417705,55.18188015968069,9.791114838874666,1.9034578171873573,0.0,2.28112442584496,25.308641975308642,0.0003367291398468119,53.86027233311707,9.603452267932266,1.8552596402571127,0.0,0.0037226561801229074,-1.3117283950617278,-5.381415624050958e-06,-2.270418932561661,1.587552217289815,-0.07139823475265783,0.0,-0.0016847423599504197,-1.3117283950617278,-8.419473036685792e-06,-0.9488111059980397,1.7752147882322156,-0.02320005782241319,0.0
2013-03-10,27,True,2.1103921813169833,34.02777777777777,0.0005629949891987526,59.24592212521663,11.129780299897492,1.9589979323458653,0.0,2.12657620646456,37.42283950617284,0.0005866540788900071,62.495343687312314,11.437695750465833,2.092143045517926,0.0,2.110608904864439,36.57407407407407,0.0005520910091737314,60.2953219346891,10.839840536544276,1.9906618441248893,0.0,-0.016184025147576886,-3.3950617283950706,-2.3659089691254517e-05,-3.2494215620956837,-0.30791545056834124,-0.13314511317206068,0.0,-0.00021672354745572164,-2.5462962962962976,1.0903980025021138e-05,-1.0493998094724688,0.2899397633532157,-0.031663911779024057,0.0
2013-03-11,27,True,1.8518695755695391,32.947530864197525,0.00034017040548890747,47.35825775520914,9.162920652401539,1.5887675439915219,0.0,1.8572438685249324,31.558641975308642,0.0003122941257988367,49.19240735364636,8.168579023400502,1.6062395011288206,0.0,1.8538933004857545,30.555555555555554,0.00029975556262521217,47.47749375999107,7.559837799234199,1.5518257767637649,0.0,-0.005374292955393267,1.3888888888888822,2.7876279690070775e-05,-1.8341495984372216,0.9943416290010365,-0.017471957137298766,0.0,-0.002023724916215386,2.391975308641971,4.04148428636953e-05,-0.11923600478193208,1.60308285316734,0.036941767227756994,0.0
2013-03-12,27,True,2.035166799193876,33.17901234567901,0.0003919686176562135,51.37088521424089,8.198588089913715,1.7231315459166145,0.0,2.0288274840652636,34.9537037037037,0.00039164001371275284,53.58097385792345,7.899083565332972,1.7771632275414968,0.0,2.0231209868468114,34.182098765432094,0.0003667163548288249,51.78030114565014,6.654558520474961,1.703358566172999,0.0,0.006339315128612633,-1.7746913580246897,3.286039434606319e-07,-2.2100886436825604,0.29950452458074306,-0.054031681624882255,0.0,0.01204581234706481,-1.0030864197530818,2.5252262827388564e-05,-0.40941593140924937,1.544029569438754,0.01977297974361547,0.0
2013-03-13,27,True,1.9304518584166175,33.64197530864197,0.0004211786712819496,51.79298566723042,9.09183654335223,1.8674576924079949,0.0,1.931161070358244,34.10493827160494,0.00042029290703255134,53.49909751281333,9.442661167786397,1.9218988602011757,0.0,1.9209460409512802,32.63888888888889,0.0003894467835451813,51.67545709828996,8.320649128830693,1.84201438687367,0.0,-0.0007092119416265419,-0.462962962962969,8.857642493982523e-07,-1.7061118455829103,-0.35082462443416773,-0.05444116779318087,0.0,0.009505817465337296,1.0030864197530747,3.1731887736768276e-05,0.11752856894045749,0.7711874145215365,0.025443305534324834,0.0
2013-03-14,27,True,2.262999907904923,25.231481481481477,0.0002707161022585945,47.0515948464938,5.077204307874476,1.6535438641978684,0.0,2.3204681741262627,26.003086419753085,0.00029070252578106446,49.03585257154135,5.755279979451034,1.7080666797522706,0.0,2.332844471128237,24.922839506172835,0.00027912836467584325,46.69107079827595,4.386768939431615,1.6519727453921134,0.0,-0.057468266221339714,-0.7716049382716079,-1.9986423522469965e-05,-1.9842577250475486,-0.6780756715765577,-0.05452281555440219,0.0,-0.069844563223314,0.30864197530864246,-8.412262417248752e-06,0.36052404821784734,0.690435368442861,0.0015711188057550007,0.0
2013-03-15,27,True,2.9417640825538314,12.422839506172838,0.00013158160240492683,58.80624855754251,5.466491735538734,2.257258423774091,0.0,2.9488870885434952,12.5,0.00013788748874789378,62.14998433801957,5.871674451766203,2.4014345792149436,0.0,2.9670068140572567,12.114197530864198,0.0001376943568188919,60.71217195950467,5.823401165620162,2.34427556659511,0.0,-0.0071230059896638664,-0.0771604938271615,-6.3058863429669456e-06,-3.3437357804770613,-0.4051827162274684,-0.1441761554408525,0.0,-0.025242731503425375,0.3086419753086407,-6.112754413965067e-06,-1.9059234019621627,-0.3569094300814273,-0.08701714282101891,0.0
2013-03-16,27,True,3.034972635013406,28.935185185185187,0.00042716011369537977,67.61872593344684,10.607032519155798,2.7471066266208073,0.0,3.0595111992717228,30.246913580246915,0.0004516900018406509,71.0772226278244,10.612312748259914,2.898506715448841,0.0,3.049097811831786,30.09259259259259,0.0004321875181559792,69.96190159850767,9.69972843665645,2.840808562314699,0.0,-0.024538564258316686,-1.3117283950617278,-2.4529888145271108e-05,-3.4584966943775584,-0.005280229104116074,-0.15140008882803357,0.0,-0.014125176818379881,-1.1574074074074048,-5.027404460599457e-06,-2.3431756650608264,0.9073040824993477,-0.09370193569389151,0.0
2013-03-17,27,True,1.930005769702403,36.80555555555556,0.0005364504573110272,47.35362920580786,11.972474351822163,1.8423300516744676,0.0,1.932777623217103,38.04012345679013,0.0005059861884230856,48.853466986096535,11.341479554988384,1.8606033822971475,0.0,1.9227569618261486,37.654320987654316,0.0004839755659727674,47.489921268325276,10.62171979958159,1.8073945750134948,0.0,-0.0027718535147001067,-1.2345679012345698,3.0464268887941655e-05,-1.4998377802886722,0.6309947968337788,-0.018273330622679884,0.0,0.00724880787625426,-0.8487654320987588,5.247489133825982e-05,-0.13629206251741266,1.3507545522405717,0.03493547666097285,0.0
2013-03-18,27,True,1.9192505972034857,37.26851851851851,0.00043653270833730195,45.632621665244926,8.305943652835937,1.7185066298924676,0.0,1.9472419335281208,39.27469135802469,0.0004605105710845571,48.08128475386306,7.4323487045107886,1.7949664458194357,0.0,1.9399340808781096,38.19444444444444,0.0004345690048282197,46.31708732723123,7.256931408614375,1.733698730197935,0.0,-0.02799133632463513,-2.0061728395061778,-2.3977862747255152e-05,-2.448663088618133,0.8735949483251488,-0.07645981592696804,0.0,-0.020683483674623915,-0.9259259259259309,1.963703509082269e-06,-0.6844656619863017,1.0490122442215624,-0.01519210030546736,0.0
2013-03-19,27,True,1.701287721364301,43.132716049382715,0.0006245076039255291,56.539415481702804,14.412174620184826,1.9330399790159225,0.0,1.7125048720223173,44.675925925925924,0.0006506326835568655,59.31422939842803,13.062230369308741,2.0411460313817775,0.0,1.6992003169768024,44.59876543209876,0.0006160175435426142,57.40362376945037,12.783224752865737,1.9533240590192869,0.0,-0.011217150658016317,-1.5432098765432087,-2.6125079631336354e-05,-2.774813916725229,1.349944250876085,-0.10810605236585502,0.0,0.002087404387498548,-1.4660493827160437,8.490060382914917e-06,-0.8642082877475659,1.6289498673190899,-0.020284080003364346,0.0
2013-03-20,27,True,1.8006368629003247,35.03086419753086,0.0003876077414075773,43.24038990256109,9.720525810999371,1.5506039979850819,0.0,1.8167940183074793,35.72530864197531,0.0003692760593667868,45.19122831466366,7.703420347365162,1.581814459306305,0.0,1.8173279315254092,34.49074074074074,0.0003535638141436176,43.92517773582641,7.1443324775862695,1.5356078865861473,0.0,-0.016157155407154677,-0.69444444444445,1.83316820407905e-05,-1.95083841210257,2.017105463634209,-0.031210461321223182,0.0,-0.016691068625084515,0.5401234567901199,3.404392726395972e-05,-0.6847878332653181,2.5761933334131015,0.01499611139893453,0.0
2013-03-21,27,True,2.104875211862288,28.858024691358025,0.00032418191354660733,48.45008021678458,7.074874782867331,1.8109495102329396,0.0,2.1249649934273793,28.626543209876544,0.0003484989987999258,51.29867776169477,7.205254194260373,1.9076971318562188,0.0,2.1201566375165806,28.472222222222225,0.0003292710062027889,49.35039254109409,6.9376506500558826,1.8369722280079555,0.0,-0.020089781565091336,0.23148148148148096,-2.4317085253318447e-05,-2.8485975449101915,-0.13037941139304188,-0.09674762162327921,0.0,-0.01528142565429258,0.3858024691358004,-5.08909265618156e-06,-0.9003123243095104,0.13722413281144874,-0.026022717775015858,0.0
2013-03-22,27,True,2.367725056247975,28.935185185185187,0.0002509585891672296,60.16445922003291,7.890053354103377,1.9355919540496485,0.0,2.3886088617136676,30.324074074074076,0.0002738130462592188,62.817731229910514,7.7674265425433,2.055280603219023,0.0,2.3864764275172523,29.24382716049383,0.00025641427742935716,61.10813484408599,7.010396260215609,1.9782799045050166,0.0,-0.020883805465692795,-1.3888888888888893,-2.28544570919892e-05,-2.653272009877604,0.12262681156007726,-0.1196886491693745,0.0,-0.018751371269277506,-0.30864197530864246,-5.455688262127542e-06,-0.9436756240530784,0.8796570938877677,-0.04268795045536811,0.0
2013-03-23,27,True,2.9862016694558,18.3641975308642,0.00021530498441350374,72.12292871189173,5.409961934051903,2.656847538358489,0.0,3.0171975510089366,21.759259259259256,0.00024197140011514003,75.16164799094305,5.541085026507694,2.8365580037803673,0.0,3.0217493388485845,21.296296296296294,0.00023391468549386726,73.97578905207226,5.156062639956667,2.7730274641649064,0.0,-0.030995881553136595,-3.3950617283950564,-2.6666415701636286e-05,-3.038719279051321,-0.13112309245579024,-0.1797104654218784,0.0,-0.03554766939278453,-2.9320987654320945,-1.860970108036352e-05,-1.852860340180527,0.2538992940952367,-0.11617992580641756,0.0
2013-03-24,27,True,3.503176494264729,24.922839506172835,0.00030782852343773934,63.74479277371411,4.4517516463977715,2.6196227258155327,0.0,3.53498595339328,25.07716049382716,0.0003284039417330795,67.41223987081726,4.673387627992002,2.7774811517099165,0.0,3.5234971033146985,24.537037037037038,0.0003139752287365108,65.56649553810887,3.7646159999078956,2.7082899090551296,0.0,-0.031809459128551154,-0.15432098765432656,-2.057541829534015e-05,-3.6674470971031496,-0.2216359815942308,-0.1578584258943838,0.0,-0.020320609049969462,0.38580246913579685,-6.1467052987714856e-06,-1.8217027643947574,0.6871356464898759,-0.08866718323959688,0.0
2013-03-25,27,True,2.220307287793635,34.49074074074075,0.0004767445176210064,56.57402392460476,6.690861184610412,2.203446806104596,0.0,2.226103948006732,35.3395061728395,0.0004456405917551579,58.42024053298595,6.303282122907651,2.2453342514322707,0.0,2.2178025488020725,34.41358024691358,0.00042345232507068705,57.24910706745817,5.544848025703133,2.185027558010641,0.0,-0.0057966602130967715,-0.8487654320987517,3.11039258658485e-05,-1.8462166083811908,0.3875790617027608,-0.041887445327674744,0.0,0.0025047389915626717,0.07716049382716506,5.329219255031936e-05,-0.6750831428534099,1.1460131589072793,0.0184192480939549,0.0
2013-03-26,27,True,2.4295846277241706,23.84259259259259,0.00028075698250658483,55.8555882153978,4.62664109509378,2.0987319681355343,0.0,2.4362227152557634,24.922839506172835,0.0002774720623658407,57.79804853998394,4.292286720561235,2.186592905663451,0.0,2.440393320345478,23.99691358024691,0.00027055001859302755,56.536223275666565,3.5142904462675033,2.129349343358524,0.0,-0.0066380875315927845,-1.0802469135802433,3.284920140744134e-06,-1.9424603245861363,0.3343543745325448,-0.08786093752791668,0.0,-0.010808692621307348,-0.15432098765431945,1.020696391355728e-05,-0.680635060268763,1.1123506488262769,-0.030617375222989907,0.0
2013-03-27,27,True,2.2481619245693585,39.351851851851855,0.0005364733851815324,64.15531913145571,10.495830124597864,2.2639677482020444,0.0,2.2802099668218943,41.5895061728395,0.0005789023450300132,67.7139815993719,10.268207209105794,2.4413280129959807,0.0,2.2657635216045033,41.04938271604938,0.0005518631679527616,66.42936898003897,9.762145682989468,2.3651955958578816,0.0,-0.03204804225253577,-2.2376543209876445,-4.2428959848480816e-05,-3.558662467916193,0.22762291549206992,-0.1773602647939363,0.0,-0.017601597035144856,-1.6975308641975246,-1.538978277122922e-05,-2.2740498485832603,0.7336844416083963,-0.10122784765583726,0.0
2013-03-28,27,True,3.1339100023500106,19.290123456790123,0.0002592767428206472,56.7701937566856,2.185612459094448,2.3712219084286144,0.0,3.1573673736388534,22.145061728395063,0.00027526638754176515,59.409397262902175,2.3056316029129387,2.492472233888198,0.0,3.1533249563415304,21.141975308641978,0.0002595024336984432,58.12966393080143,1.8863681958875278,2.432517710815901,0.0,-0.023457371288842843,-2.85493827160494,-1.5989644721117963e-05,-2.6392035062165746,-0.12001914381849055,-0.12125032545958359,0.0,-0.019414953991519823,-1.8518518518518547,-2.256908777960179e-07,-1.3594701741158275,0.2992442632069203,-0.06129580238728671,0.0
2013-03-29,27,True,2.5533517501370673,24.614197530864192,0.00030025220679576295,62.58471107608211,10.371447022486903,2.2336935317530804,0.0,2.575196378679711,26.92901234567901,0.0003061005637635706,66.09067553048105,10.622578839398132,2.3773058894245676,0.0,2.5782171992089413,25.925925925925924,0.0003038420342528846,64.90645717182917,10.461932332264249,2.3250263704113516,0.0,-0.021844628542643907,-2.3148148148148167,-5.848356967807665e-06,-3.505964454398942,-0.2511318169112293,-0.14361235767148717,0.0,-0.024865449071874046,-1.3117283950617313,-3.5898274571216702e-06,-2.3217460957470664,-0.09048530977734615,-0.09133283865827124,0.0
2013-03-30,27,True,2.1456769332712433,39.35185185185184,0.0006558876149285164,62.816235830833165,11.689022753819044,2.3870927054953515,0.0,2.1811060958088424,39.58333333333333,0.0006773938464341048,66.40815365220399,11.710299017710975,2.5569871292284536,0.0,2.164642471105769,39.42901234567901,0.000656815736741972,64.85104193761104,11.621607165320244,2.473861527828888,0.0,-0.03542916253759909,-0.23148148148148806,-2.1506231505588375e-05,-3.591917821370828,-0.021276263891930824,-0.16989442373310215,0.0,-0.01896553783452548,-0.07716049382717216,-9.281218134555647e-07,-2.0348061067778787,0.06741558849880036,-0.08676882233353655,0.0
2013-03-31,27,True,3.041477617888466,18.132716049382715,0.00019670258307882653,56.325086102844026,5.605469618803674,2.1535791998693004,0.0,3.0444739833811107,18.3641975308642,0.00019569821716847473,59.32916888815084,5.66656777559547,2.23383908733624,0.0,3.067091254513365,18.132716049382715,0.0001927886610699486,57.71763017064921,5.694797842368689,2.193373380969959,0.0,-0.0029963654926445926,-0.2314814814814845,1.0043659103518019e-06,-3.0040827853068137,-0.061098156791795866,-0.0802598874669398,0.0,-0.025613636624898906,0.0,3.913922008877939e-06,-1.3925440678051828,-0.08932822356501458,-0.03979418110065858,0.0
2013-04-01,27,True,2.5321924500344126,28.39506172839506,0.00026740791529935155,55.02258756868416,6.733202171045876,2.1576655398889306,0.0,2.5553891707619725,30.709876543209873,0.0002961401085406046,58.284049467703284,6.840691548928058,2.2920287810425273,0.0,2.5551055537167753,30.864197530864196,0.0002883803967572683,57.61656640685829,6.777246448811641,2.2650659347293773,0.0,-0.02319672072755985,-2.314814814814813,-2.8732193241253032e-05,-3.2614618990191246,-0.1074893778821826,-0.13436324115359666,0.0,-0.022913103682362657,-2.469135802469136,-2.0972481457916736e-05,-2.593978838174131,-0.04404427776576547,-0.10740039484044672,0.0
2013-04-02,27,True,1.8699361834085222,41.74382716049383,0.0005389163153670645,52.535843636013816,13.786269059870662,2.0115497626008207,0.0,1.8906861245002038,45.52469135802469,0.0005826418691057305,56.30706450691648,12.880105799317688,2.1639603625258146,0.0,1.8785731283131397,44.59876543209876,0.0005576355216610859,55.220474912908664,12.439193589278776,2.1046897558329167,0.0,-0.0207499410916816,-3.7808641975308603,-4.3725553738666024e-05,-3.771220870902667,0.9061632605529741,-0.15241059992499384,0.0,-0.008636944904617527,-2.8549382716049294,-1.871920629402141e-05,-2.684631276894848,1.3470754705918857,-0.09313999323209599,0.0
2013-04-03,27,True,3.0815690414541823,11.496913580246913,0.00012760481781830515,51.644803844434314,3.6075139847925612,2.0679608243335332,0.0,3.123294786552816,12.577160493827158,0.00013821571473592321,54.784922613286305,3.708684009999998,2.1697555691467727,0.0,3.142735265863173,12.422839506172838,0.00013734677614744376,53.532810920987764,3.7430503765185787,2.138605400872555,0.0,-0.04172574509863347,-1.080246913580245,-1.0610896917618066e-05,-3.140118768851991,-0.10117002520743679,-0.10179474481323947,0.0,-0.061166224408990555,-0.9259259259259256,-9.741958329138607e-06,-1.8880070765534498,-0.1355363917260175,-0.07064457653902156,0.0
2013-04-04,27,True,2.7695430328112085,13.88888888888889,0.0001585335922936719,61.04746534300406,3.616988086194216,2.4024889757218872,0.0,2.7839215194648967,15.50925925925926,0.00017658426896205123,64.74422281351151,3.718567024248685,2.561195532838764,0.0,2.787893148399894,15.432098765432098,0.00017526908983922195,64.21660523227118,3.795040651300485,2.5401506427549947,0.0,-0.014378486653688238,-1.6203703703703702,-1.805067666837932e-05,-3.6967574705074497,-0.10157893805446916,-0.15870655711687665,0.0,-0.0183501155886856,-1.5432098765432087,-1.6735497545550043e-05,-3.1691398892671145,-0.178052565106269,-0.13766166703310745,0.0
2013-04-05,27,True,2.047334039854243,31.944444444444443,0.00041029767915321766,51.817722150123345,10.423876899612168,1.8715941414899224,0.0,2.0597531879549336,33.71913580246913,0.00040761515833223904,54.575044566059745,10.44882837845094,1.9653271830749408,0.0,2.054118869003876,33.56481481481482,0.0003932866291222157,53.849471539614036,9.976288635774873,1.9317302253252158,0.0,-0.01241914810069078,-1.7746913580246897,2.6825208209786287e-06,-2.7573224159364003,-0.0249514788387728,-0.09373304158501838,0.0,-0.006784829149633076,-1.6203703703703738,1.7011050031001955e-05,-2.0317493894906917,0.4475882638372948,-0.06013608383529334,0.0
2013-04-06,27,True,2.798297619108518,15.123456790123454,0.0001238718221297482,48.07355786321864,1.5729998159019596,1.8087188896057,0.0,2.829367974370282,14.737654320987653,0.00015126949486843772,51.47992754210571,1.6137361193353645,1.8824560549400196,0.0,2.836507922290807,14.043209876543209,0.00014729094498517072,50.584736367887395,1.6713340951128297,1.85651862154773,0.0,-0.03107035526176416,0.3858024691358004,-2.7397672738689512e-05,-3.4063696788870743,-0.04073630343340495,-0.07373716533431951,0.0,-0.03821030318228891,1.080246913580245,-2.3419122855422505e-05,-2.511178504668756,-0.09833427921087012,-0.04779973194203002,0.0
2013-04-07,27,True,2.443037059450524,34.876543209876544,0.0005523091771558714,79.76727119110639,6.804084479547045,2.7033063769744197,0.0,2.4699361611739836,34.41358024691358,0.0005929172106309767,83.33034231487059,6.70145636300832,2.860045165223464,0.0,2.465221126161343,33.95061728395061,0.0005850427787017983,82.74513993957592,6.059882251597288,2.831680447381583,0.0,-0.026899101723459662,0.4629629629629619,-4.060803347510531e-05,-3.563071123764203,0.1026281165387255,-0.15673878824904453,0.0,-0.02218406671081885,0.9259259259259309,-3.2733601545926853e-05,-2.9778687484695325,0.7442022279497573,-0.1283740704071632,0.0
2013-04-08,27,True,1.9431727608382436,36.34259259259259,0.000510784964403074,68.93787858131124,10.634272717742881,2.1108201394352992,0.0,1.9662639401857986,37.73148148148148,0.0005249923451886767,73.28327783807634,10.499598868623487,2.247765038175765,0.0,1.9558785431505963,36.574074074074076,0.0005065679193320952,71.47596088966554,9.634450092879245,2.177682668577351,0.0,-0.023091179347555002,-1.3888888888888928,-1.4207380785602724e-05,-4.345399256765106,0.13467384911939462,-0.13694489874046578,0.0,-0.012705782312352643,-0.23148148148148806,4.217045070978786e-06,-2.538082308354305,0.9998226248636364,-0.06686252914205193,0.0
2013-04-09,27,True,2.527754077637361,19.67592592592592,0.0002385105413989011,71.54166349303813,6.430216304984689,2.110319292677639,0.0,2.5444804483924286,20.679012345679013,0.00025843930282675945,76.62897388332796,6.67047136922426,2.2669956223811187,0.0,2.556255239905622,20.29320987654321,0.00025590935146171007,74.98215341829449,6.268547661120229,2.2211409569145926,0.0,-0.016726370755067776,-1.0030864197530924,-1.992876142785835e-05,-5.087310390289829,-0.24025506423957133,-0.15667632970347967,0.0,-0.028501162268261382,-0.6172839506172885,-1.739881006280897e-05,-3.440489925256358,0.16166864386446012,-0.1108216642369535,0.0
2013-04-10,27,True,1.937951542427861,35.80246913580247,0.0004912529665525549,73.50483160088802,10.332897858099347,2.1751734032328724,0.0,1.9656541444082174,38.73456790123457,0.0005130662120962063,78.58165893714339,10.66985668515048,2.366397449371936,0.0,1.9538731725949063,37.73148148148148,0.0004928586538291696,77.30192482687667,10.080873418963682,2.3022797604921266,0.0,-0.027702601980356345,-2.9320987654321016,-2.1813245543651468e-05,-5.076827336255363,-0.33695882705113256,-0.19122404613906374,0.0,-0.015921630167045286,-1.9290123456790127,-1.6056872766147517e-06,-3.7970932259886467,0.2520244391356652,-0.12710635725925412,0.0
2013-04-11,27,True,1.7280088176591804,36.49691358024691,0.0003878335099857825,57.9300104583823,8.22141753562967,1.6162486454157998,0.0,1.7401802975194192,38.58024691358025,0.0003839976244255077,62.83415028988711,6.9644482662913285,1.6946562210381644,0.0,1.7314947237284775,37.191358024691354,0.0003616961020853548,60.44812992258696,5.87660556563413,1.6305493842774959,0.0,-0.01217147986023881,-2.0833333333333357,3.835885560274843e-06,-4.904139831504814,1.2569692693383407,-0.07840757562236456,0.0,-0.0034859060692971067,-0.6944444444444429,2.6137407900427706e-05,-2.518119464204659,2.344811969995539,-0.014300738861696027,0.0
2013-04-12,27,True,2.0667979212032668,30.555555555555557,0.0003076545910708445,67.82149755671875,4.84511211891241,1.9451302047789818,0.0,2.0825146855824057,32.716049382716044,0.00030737023080510897,72.34866682006867,5.060753684933049,2.0764600681076333,0.0,2.076532210844831,31.635802469135804,0.00029338850289941526,70.45872014317251,4.079062608747474,2.011632893245034,0.0,-0.015716764379138937,-2.1604938271604865,2.843602657355104e-07,-4.5271692633499185,-0.215641566020639,-0.13132986332865149,0.0,-0.00973428964156442,-1.0802469135802468,1.4266088171429226e-05,-2.6372225864537597,0.7660495101649358,-0.06650268846605223,0.0
2013-04-13,27,True,2.126709111065009,33.101851851851855,0.00037851616660766854,70.63782885345327,5.854643410943564,2.020606241985438,0.0,2.144893173872455,35.18518518518518,0.0003991619229132629,75.26962415711162,6.080416935643165,2.1699257412249655,0.0,2.134912434399043,34.02777777777777,0.00038091277539843124,73.07071229390483,5.7925404765199096,2.0964267607783555,0.0,-0.018184062807445667,-2.0833333333333286,-2.064575630559434e-05,-4.63179530365835,-0.22577352469960132,-0.1493194992395277,0.0,-0.00820332333403373,-0.9259259259259167,-2.3966087907626972e-06,-2.432883440451562,0.06210293442365433,-0.07582051879291773,0.0
2013-04-14,27,True,2.0767957058145154,25.308641975308642,0.00034760252778957937,65.67921030070758,4.24092682851293,1.8935184817092976,0.0,2.104775096441666,28.78086419753086,0.0003773356323887508,69.5466707544381,4.426724983325362,2.0116609003641934,0.0,2.0965776782914824,28.3179012345679,0.0003661720191445935,68.03114289450717,4.423955591278302,1.9633836325145233,0.0,-0.02797939062715038,-3.472222222222218,-2.973310459917144e-05,-3.8674604537305157,-0.18579815481243145,-0.11814241865489583,0.0,-0.019781972476967002,-3.009259259259256,-1.856949135501415e-05,-2.3519325937995887,-0.18302876276537194,-0.0698651508052257,0.0
2013-04-15,27,True,2.3543542530599386,20.987654320987655,0.00013117005648455424,62.942845659975305,0.9458529168592946,1.8045133813962024,0.0,2.3775517737485417,21.296296296296294,0.00016405836859928005,67.56775320677815,2.0912197678108804,1.9600580315993537,0.0,2.3870033920008096,20.910493827160494,0.00015334821773117294,65.79127475852525,1.2485249100203046,1.9025652924925684,0.0,-0.023197520688603035,-0.3086419753086389,-3.2888312114725816e-05,-4.624907546802845,-1.1453668509515857,-0.15554465020315122,0.0,-0.03264913894087096,0.0771604938271615,-2.217816124661871e-05,-2.8484290985499428,-0.30267199316101,-0.09805191109636602,0.0
2013-04-16,27,True,3.364556417774792,13.734567901234568,0.0001417525396212516,82.46931323394097,0.0,2.959505050689504,0.0,3.356007031603271,15.817901234567902,0.0001555760525220728,86.91247740811065,0.0,3.136243980345688,0.0,3.367463182783163,15.817901234567902,0.0001552847622934777,85.50445065206925,0.0,3.093681343825458,0.0,0.0085493861715209,-2.083333333333334,-1.38235129008212e-05,-4.443164174169681,0.0,-0.17673892965618387,0.0,-0.0029067650083711705,-2.083333333333334,-1.3532222672226081e-05,-3.0351374181282864,0.0,-0.1341762931359538,0.0
2013-04-17,27,True,2.5205698264076415,28.93518518518518,0.0002773597580008588,85.29639658979852,4.941539712482847,2.8708823153758583,0.0,2.55222533075561,31.86728395061728,0.0003211264496279031,89.49979511861736,5.608325779688707,3.1015703943756963,0.0,2.539988819189714,31.17283950617284,0.0003024965852607625,87.95346742470403,4.812972711035395,3.0323287205908667,0.0,-0.03165550434796849,-2.9320987654321016,-4.3766691627044306e-05,-4.203398528818838,-0.6667860672058605,-0.230688078999838,0.0,-0.019418992782072486,-2.2376543209876587,-2.513682725990374e-05,-2.657070834905511,0.12856700144745137,-0.16144640521500842,0.0
2013-04-18,27,True,2.385542021262587,22.29938271604938,0.0001984638541709088,77.18270350446969,3.6571495806104375,2.4062776517583098,0.0,2.4061152383709614,26.003086419753085,0.0002377756397229508,81.36693591988413,3.741364595178785,2.5978745106839902,0.0,2.411427160824966,24.84567901234568,0.00022732573514668009,80.03109852887128,3.7665550958720435,2.5391394417682815,0.0,-0.020573217108374564,-3.703703703703706,-3.9311785552042e-05,-4.184232415414442,-0.08421501456834735,-0.19159685892568046,0.0,-0.025885139562379145,-2.546296296296301,-2.886188097577129e-05,-2.848395024401597,-0.10940551526160602,-0.13286179000997178,0.0
2013-04-19,27,False,nan,nan,nan,nan,nan,nan,nan,nan,nan,nan,nan,nan,nan,nan,nan,nan,nan,nan,nan,nan,nan,nan,nan,nan,nan,nan,nan,nan,nan,nan,nan,nan,nan,nan,nan
2013-04-20,27,False,nan,nan,nan,nan,nan,nan,nan,nan,nan,nan,nan,nan,nan,nan,nan,nan,nan,nan,nan,nan,nan,nan,nan,nan,nan,nan,nan,nan,nan,nan,nan,nan,nan,nan,nan
2013-04-21,27,False,nan,nan,nan,nan,nan,nan,nan,nan,nan,nan,nan,nan,nan,nan,nan,nan,nan,nan,nan,nan,nan,nan,nan,nan,nan,nan,nan,nan,nan,nan,nan,nan,nan,nan,nan
2013-04-22,27,False,nan,nan,nan,nan,nan,nan,nan,nan,nan,nan,nan,nan,nan,nan,nan,nan,nan,nan,nan,nan,nan,nan,nan,nan,nan,nan,nan,nan,nan,nan,nan,nan,nan,nan,nan
2013-04-23,27,False,nan,nan,nan,nan,nan,nan,nan,nan,nan,nan,nan,nan,nan,nan,nan,nan,nan,nan,nan,nan,nan,nan,nan,nan,nan,nan,nan,nan,nan,nan,nan,nan,nan,nan,nan
2013-04-24,27,False,nan,nan,nan,nan,nan,nan,nan,nan,nan,nan,nan,nan,nan,nan,nan,nan,nan,nan,nan,nan,nan,nan,nan,nan,nan,nan,nan,nan,nan,nan,nan,nan,nan,nan,nan
2013-04-25,27,False,nan,nan,nan,nan,nan,nan,nan,nan,nan,nan,nan,nan,nan,nan,nan,nan,nan,nan,nan,nan,nan,nan,nan,nan,nan,nan,nan,nan,nan,nan,nan,nan,nan,nan,nan
2013-04-26,27,False,nan,nan,nan,nan,nan,nan,nan,nan,nan,nan,nan,nan,nan,nan,nan,nan,nan,nan,nan,nan,nan,nan,nan,nan,nan,nan,nan,nan,nan,nan,nan,nan,nan,nan,nan
2013-04-27,27,False,nan,nan,nan,nan,nan,nan,nan,nan,nan,nan,nan,nan,nan,nan,nan,nan,nan,nan,nan,nan,nan,nan,nan,nan,nan,nan,nan,nan,nan,nan,nan,nan,nan,nan,nan
2013-04-28,27,True,2.622871926601193,23.379629629629626,0.00025202698334093524,60.84565808624725,1.4851599126463353,2.402741619318202,0.0,2.6490224038141252,24.691358024691358,0.0002828350109938865,65.41500110370693,2.3399219063934162,2.560028785244722,0.0,2.6427376981354747,24.845679012345677,0.00027232105724548126,63.88774272499678,1.371226200344011,2.500532344176598,0.0,-0.026150477212932177,-1.3117283950617313,-3.080802765295128e-05,-4.56934301745968,-0.854761993747081,-0.15728716592652026,0.0,-0.019865771534281595,-1.4660493827160508,-2.0294073904546022e-05,-3.042084638749529,0.1139337123023243,-0.09779072485839624,0.0
2013-04-29,27,True,2.390301170068983,27.623456790123452,0.00027009087347404663,67.63170287258706,3.0542101002802453,2.1371988450324637,0.0,2.4112314824924814,29.089506172839503,0.00031095674064491344,72.68578239665855,3.1749477140934763,2.303474906990978,0.0,2.400051782137371,28.3179012345679,0.0002918761678407186,70.86995762296849,3.175893035392135,2.2421936004852494,0.0,-0.02093031242349852,-1.4660493827160508,-4.086586717086681e-05,-5.054079524071497,-0.120737613813231,-0.1662760619585142,0.0,-0.009750612068387898,-0.6944444444444464,-2.1785294366671957e-05,-3.2382547503814294,-0.12168293511188955,-0.10499475545278569,0.0
2013-04-30,27,True,2.756101453317161,19.90740740740741,0.0002070977671455133,74.2361729638274,2.7929915922278625,2.3963423805264235,0.0,2.758785264698495,22.145061728395056,0.0002228470552148664,79.1286833146116,3.315227943434937,2.5693054536562743,0.0,2.770198998554823,20.833333333333336,0.0002189643344098621,77.50018015713155,3.0326913039919337,2.520790659141915,0.0,-0.0026838113813343334,-2.237654320987648,-1.574928806935311e-05,-4.892510350784207,-0.5222363512070745,-0.17296307312985082,0.0,-0.014097545237662157,-0.9259259259259274,-1.18665672643488e-05,-3.2640071933041526,-0.23969971176407112,-0.12444827861549168,0.0
2013-05-01,27,True,2.3880807943168167,30.555555555555554,0.00026342162795241366,76.473468677227,5.468310674624855,2.5927116287350174,0.0,2.4191159881103887,32.56172839506173,0.00032188973532990163,81.2527821029415,7.278418248623167,2.841281401494128,0.0,2.4077248742021715,31.48148148148148,0.00030174072884942075,79.36719148236762,6.308949496730771,2.751400113121445,0.0,-0.031035193793572002,-2.006172839506174,-5.8468107377487974e-05,-4.779313425714491,-1.8101075739983115,-0.24856977275911074,0.0,-0.01964407988535477,-0.9259259259259274,-3.8319100897007095e-05,-2.8937228051406123,-0.840638822105916,-0.15868848438642758,0.0
2013-05-02,27,True,2.608803931316546,22.453703703703702,0.0002531631897730073,83.25119368127005,4.975540146345559,2.724365943382228,0.0,2.6188406455432065,25.23148148148148,0.0002912199243034539,88.26367919873752,5.196767443785213,2.968124698424324,0.0,2.617387130824576,24.845679012345677,0.00027354253619241755,86.55884363334444,5.204312481005565,2.8857582340589714,0.0,-0.010036714226660415,-2.7777777777777786,-3.8056734530446574e-05,-5.012485517467468,-0.22122729743965408,-0.2437587550420961,0.0,-0.008583199508029882,-2.3919753086419746,-2.037934641941025e-05,-3.307649952074385,-0.22877233466000568,-0.16139229067674332,0.0
2013-05-03,27,True,2.603101261286157,27.77777777777778,0.00026465983195636343,84.38622874237599,3.9688543236484555,3.0784112148720846,0.0,2.6386833318886875,28.93518518518518,0.00031148966383831713,89.485464333349,5.271131176513001,3.317683011102162,0.0,2.626556601780728,29.320987654320984,0.0002958120254806968,87.59106661631189,4.131557992140037,3.2376831447649295,0.0,-0.03558207060253071,-1.1574074074074012,-4.68298318819537e-05,-5.099235590973009,-1.3022768528645456,-0.23927179623007744,0.0,-0.023455340494570986,-1.5432098765432052,-3.115219352433339e-05,-3.204837873935901,-0.16270366849158124,-0.1592719298928449,0.0
2013-05-04,27,True,2.97461268408754,26.466049382716044,0.00020954172752098412,84.2038325062482,4.137579125924736,3.2342989006632648,0.0,2.9851169229613936,29.089506172839503,0.00024584468945219585,88.36138224649308,5.283642329169344,3.440796701828211,0.0,2.996867903916519,27.546296296296298,0.0002360445332305164,86.8513779066927,4.126883257041549,3.372258963379743,0.0,-0.010504238873853655,-2.623456790123459,-3.630296193121173e-05,-4.157549740244875,-1.1460632032446076,-0.2064978011649461,0.0,-0.022255219828978934,-1.080246913580254,-2.6502805709532266e-05,-2.6475454004445,0.010695868883186854,-0.13796006271647832,0.0
2013-05-05,27,True,2.7033684604360197,29.01234567901235,0.0002924252665476135,80.4404353398101,5.4947703613151235,3.020818361183241,0.0,2.730573124846484,32.71604938271605,0.0003406524217628598,84.5547785620022,7.886683779175637,3.265202152831688,0.0,2.7224797505107015,31.86728395061728,0.00032269899123011536,83.30482266981772,7.560869768350141,3.1914756899136223,0.0,-0.027204664410464208,-3.7037037037037024,-4.8227155215246334e-05,-4.114343222192105,-2.391913417860513,-0.24438379164844726,0.0,-0.019111290074681708,-2.854938271604933,-3.0273724682501873e-05,-2.864387330007631,-2.0660994070350176,-0.17065732873038142,0.0
2013-05-06,27,True,2.7920113009132868,26.311728395061728,0.0003105453603736387,80.4781944616514,4.1456646788474085,2.928178648492177,0.0,2.8185106982864654,29.398148148148145,0.0003608643192275093,85.32462435194243,4.802907760820946,3.1695168457593956,0.0,2.8091020382428233,28.780864197530864,0.0003444410276851447,83.65588140459393,3.999106671366076,3.091119808520683,0.0,-0.026499397373178635,-3.0864197530864175,-5.0318958853870586e-05,-4.846429890291034,-0.6572430819735375,-0.24133819726721883,0.0,-0.017090737329536587,-2.469135802469136,-3.389566731150601e-05,-3.177686942942529,0.14655800748133263,-0.162941160028506,0.0
2013-05-07,27,True,2.8470076652560605,25.540123456790127,0.0002534917623537832,86.7990728624532,1.6888441956185845,3.2405622591460426,0.0,2.867454171063661,28.39506172839506,0.0003039660295222428,91.46381700428363,2.1401599141591046,3.517556054374829,0.0,2.866620301138095,27.85493827160494,0.00029030108671276216,90.53365442020377,2.180064097873653,3.455668779134901,0.0,-0.020446505807600435,-2.854938271604933,-5.0474267168459615e-05,-4.664744141830425,-0.4513157185405201,-0.2769937952287864,0.0,-0.019612635882034546,-2.314814814814813,-3.680932435897897e-05,-3.734581557750573,-0.4912199022550685,-0.2151065199888582,0.0
2013-05-08,27,True,2.822776480770728,18.595679012345677,0.00015188111314419698,83.04474310204687,3.6996977786524328,3.1377038803055717,0.0,2.8374463968551193,22.762345679012345,0.0001966758712326197,87.83578774632639,4.199443277626376,3.4218095910812885,0.0,2.837386128838742,21.6820987654321,0.00018675238785385425,86.35747102620235,3.938618194683908,3.338546289630759,0.0,-0.014669916084391499,-4.166666666666668,-4.479475808842273e-05,-4.791044644279523,-0.49974549897394294,-0.2841057107757168,0.0,-0.014609648068014014,-3.0864197530864246,-3.487127470965727e-05,-3.3127279241554817,-0.2389204160314753,-0.20084240932518727,0.0
2013-05-09,27,True,2.438868275496359,33.101851851851855,0.00034314932944351436,80.27685990256875,5.919091509798147,3.1237421519067374,0.0,2.4681117553070595,35.879629629629626,0.00041029742202562496,84.24660006183461,6.744510490735953,3.401588260633549,0.0,2.4557829794956056,34.79938271604938,0.00038852911463189326,83.10572769607293,6.391846487341469,3.3233791958938133,0.0,-0.029243479810700634,-2.7777777777777715,-6.71480925821106e-05,-3.969740159265868,-0.8254189809378065,-0.27784610872681137,0.0,-0.016914703999246772,-1.6975308641975246,-4.53797851883789e-05,-2.8288677935041875,-0.47275497754332196,-0.19963704398707582,0.0
2013-05-10,27,True,2.4714513509788105,29.166666666666668,0.0002923968108753761,81.50515768708497,6.500976569513311,3.2165819794643666,0.0,2.49416378829388,32.40740740740741,0.0003343050619041719,85.75939656611764,6.569731464576913,3.424032118150171,0.0,2.4887333982919717,30.09259259259259,0.0003101877303238373,83.96240200758866,6.593186878126785,3.3472725941695134,0.0,-0.022712437315069334,-3.240740740740744,-4.190825102879579e-05,-4.25423887903267,-0.0687548950636021,-0.2074501386858043,0.0,-0.017282047313161186,-0.9259259259259238,-1.7790919448461165e-05,-2.4572443205036905,-0.09221030861347401,-0.13069061470514676,0.0
2013-05-11,27,True,3.653903712880926,15.200617283950615,0.0002050742818590978,84.59313309732941,3.324927687031338,3.546390981836054,0.0,3.6441037267774568,17.59259259259259,0.00023147313048413622,88.70687896400644,3.5196913234618497,3.7630761866834437,0.0,3.664460794613013,17.20679012345679,0.00022724980300719045,87.43027359331857,3.526188445749344,3.6974872557024487,0.0,0.009799986103469216,-2.3919753086419764,-2.639884862503842e-05,-4.1137458666770215,-0.19476363643051187,-0.21668520484738973,0.0,-0.010557081732087248,-2.006172839506176,-2.2175521148092654e-05,-2.8371404959891606,-0.2012607587180062,-0.1510962738663948,0.0
2013-05-12,27,True,2.712786124907209,32.48456790123457,0.00038317863080324327,89.04785395527261,7.271633432309708,3.249378962498925,0.0,2.7526682961145976,35.26234567901234,0.00042629035373434185,92.78353059122739,8.14995294998884,3.500974763807358,0.0,2.740379789272838,34.33641975308642,0.0004133030917961706,91.71422657414485,7.538655325937633,3.438304540358175,0.0,-0.039882171207388684,-2.7777777777777715,-4.3111722931098585e-05,-3.735676635954775,-0.8783195176791327,-0.25159580130843295,0.0,-0.027593664365629156,-1.8518518518518476,-3.0124460992927342e-05,-2.6663726188722308,-0.26702189362792517,-0.18892557785925002,0.0
2013-05-13,27,True,3.1216725226824398,14.043209876543209,0.00014596658870169092,83.6314550338356,1.749600963126887,2.9100324010594614,0.0,3.1296888808562735,16.512345679012345,0.00016827986305097817,88.94130261306935,1.8269750297015053,3.1532699777532835,0.0,3.144687647575908,16.203703703703702,0.00016301907681786875,87.82670816347424,1.851895594922108,3.1052465414274826,0.0,-0.008016358173833726,-2.469135802469136,-2.2313274349287254e-05,-5.309847579233747,-0.07737406657461832,-0.24323757669382218,0.0,-0.02301512489346802,-2.1604938271604937,-1.7052488116177833e-05,-4.19525312963863,-0.10229463179522114,-0.1952141403680212,0.0
2013-05-14,27,True,3.4752563472133837,15.354938271604937,0.0001539330171925022,99.05429423963194,1.8252060571277406,3.7694528754708836,0.0,3.4830469251794294,17.361111111111107,0.00017912737342416394,104.38671816606494,2.344258613072021,4.088887770292601,0.0,3.4878905767114445,17.05246913580247,0.0001806126446049609,103.84588771747696,2.32669592426554,4.0672123212697375,0.0,-0.007790577966045653,-2.0061728395061706,-2.519435623166174e-05,-5.332423926432995,-0.5190525559442805,-0.3194348948217174,0.0,-0.012634229498060812,-1.6975308641975317,-2.6679627412458704e-05,-4.791593477845012,-0.5014898671377994,-0.29775944579885394,0.0
2013-05-15,27,True,3.297947419099736,29.706790123456788,0.0003801652911889672,99.25760408065888,9.208078074643472,4.197518128927566,0.0,3.327635929461735,32.56172839506173,0.0004362030341963665,103.84344419588817,9.976439573401853,4.5162551776888735,0.0,3.3176477203036634,31.944444444444443,0.00042080104590267706,103.1936274729902,9.220614779305873,4.459724771426243,0.0,-0.029688510361999043,-2.85493827160494,-5.6037743007399305e-05,-4.5858401152292885,-0.7683614987583809,-0.3187370487613075,0.0,-0.019700301203927406,-2.237654320987655,-4.063575471370984e-05,-3.9360233923313217,-0.012536704662400311,-0.2622066424986773,0.0
2013-05-16,27,True,3.4951058944950906,19.67592592592592,0.0002594308373436755,92.29538556317316,3.195072328697991,4.071602764428686,0.0,3.514314728390445,22.145061728395063,0.0003140281523905401,97.96015748242368,3.7315873136539133,4.397918912138662,0.0,3.5098988939848272,21.91358024691358,0.0003012491222512458,96.85313135694805,3.337927420535345,4.3248084119150665,0.0,-0.019208833895354438,-2.469135802469143,-5.4597315046864606e-05,-5.664771919250526,-0.5365149849559221,-0.3263161477099761,0.0,-0.014792999489736669,-2.2376543209876587,-4.18182849075703e-05,-4.557745793774899,-0.14285509183735368,-0.2532056474863804,0.0
2013-05-17,27,True,3.654268440298025,22.453703703703702,0.0002457258378831197,105.97187459390194,4.117627405189367,4.3423893007310905,0.0,3.6843302650318104,24.614197530864192,0.00030154709017589636,109.86057776456687,5.230304098541374,4.640095651082362,0.0,3.6694112657287867,24.074074074074073,0.0002782623132931217,108.77025331570718,3.946107693156528,4.548181699043376,0.0,-0.030061824733785603,-2.16049382716049,-5.582125229277668e-05,-3.8887031706649253,-1.1126766933520065,-0.29770635035127135,0.0,-0.015142825430761953,-1.6203703703703702,-3.2536475410002e-05,-2.7983787218052356,0.1715197120328389,-0.20579239831228513,0.0
2013-05-18,27,True,4.036193059605177,24.459876543209877,0.00037581749602192484,102.15150130081342,4.213295340682314,5.301879038369229,0.0,4.075162857008712,26.466049382716044,0.00043808484139816126,105.91164348365237,4.727830455302637,5.590568193106533,0.0,4.05919408850508,25.54012345679012,0.00041701502890276984,104.57652440291156,4.330480647125607,5.482646609581272,0.0,-0.03896979740353501,-2.006172839506167,-6.226734537623642e-05,-3.7601421828389476,-0.5145351146203234,-0.2886891547373036,0.0,-0.02300102889990363,-1.0802469135802433,-4.1197532880845006e-05,-2.4250231020981374,-0.11718530644329306,-0.18076757121204245,0.0
2013-05-19,27,True,4.287922307652845,19.83024691358025,0.00032176254961220396,99.35434150014957,2.111433200238763,5.0371371413043775,0.0,4.320729880368143,20.52469135802469,0.00034768283466501547,102.61461901871249,3.6331063658546703,5.235897529893614,0.0,4.313513698324692,20.216049382716047,0.0003373233037901803,101.42468533773368,2.488533526822238,5.168332421882152,0.0,-0.03280757271529744,-0.6944444444444393,-2.592028505281151e-05,-3.2602775185629156,-1.5216731656159075,-0.1987603885892364,0.0,-0.025591390671846348,-0.38580246913579685,-1.556075417797633e-05,-2.0703438375841046,-0.37710032658347536,-0.1311952805777743,0.0
2013-05-20,27,True,4.0714602900253105,23.45679012345679,0.0003096903920791752,101.36184796192475,5.766116946022617,4.917682977449198,0.0,4.103087817894531,25.154320987654323,0.0003620478161278821,104.42247157222295,6.148731634794145,5.189852192205062,0.0,4.090619873572885,24.305555555555557,0.0003322788579380527,103.31874066671243,6.141966513730837,5.083471282721387,0.0,-0.03162752786922063,-1.6975308641975317,-5.23574240487069e-05,-3.060623610298194,-0.38261468877152804,-0.27216921475586364,0.0,-0.019159583547574854,-0.8487654320987659,-2.2588465858877497e-05,-1.956892704787677,-0.37584956770821965,-0.1657883052721889,0.0
2013-05-21,27,True,4.237573287352126,16.589506172839506,0.0002739644863244334,111.32846373723541,1.867436707990481,5.666124620322885,0.0,4.266676635437519,19.444444444444446,0.0003132884870780408,113.9201430363452,1.958792001748123,5.9036145489804595,0.0,4.260705163143164,18.51851851851852,0.0002967300839414758,113.13330893026632,1.9857294189389167,5.833323509017202,0.0,-0.02910334808539261,-2.85493827160494,-3.932400075360744e-05,-2.591679299109785,-0.09135529375764206,-0.237489928657574,0.0,-0.02313187579103726,-1.9290123456790127,-2.2765597617042444e-05,-1.8048451930309142,-0.11829271094843574,-0.16719888869431632,0.0
2013-05-22,27,True,4.9567730323200685,11.03395061728395,0.0001512502803562501,107.8316315119076,2.3974279006005506,5.835900505620245,0.0,4.931849813376356,11.651234567901236,0.00017225534548609528,111.04901075780987,2.634022124513457,6.052016326321523,0.0,4.951574971222529,11.342592592592593,0.00016239400269428498,110.13925911098798,2.684859773170438,5.9894700276360515,0.0,0.0249232189437123,-0.6172839506172867,-2.1005065129845195e-05,-3.217379245902265,-0.23659422391290663,-0.21611582070127788,0.0,0.005198061097539508,-0.30864197530864423,-1.1143722338034898e-05,-2.3076275990803765,-0.2874318725698872,-0.15356952201580665,0.0
2013-05-23,27,True,5.041622613597167,8.719135802469136,7.686559961974484e-05,114.66292174717783,0.0,5.885547978699212,0.0,5.032162532369374,9.645061728395062,8.573411314687924e-05,116.73391735123006,0.0,6.098457120283407,0.0,5.03843797718716,9.5679012345679,8.446906599730202e-05,116.361470588872,0.0,6.069203404774915,0.0,0.009460081227793182,-0.9259259259259256,-8.8685135271344e-06,-2.0709956040522286,0.0,-0.21290914158419483,0.0,0.0031846364100074354,-0.8487654320987641,-7.60346637755718e-06,-1.698548841694162,0.0,-0.18365542607570262,0.0
2013-05-24,27,True,4.1515942382829305,18.98148148148148,0.00020982061902990944,108.56240960000807,4.918230960211031,5.754987123856059,0.0,4.1776636780576135,20.75617283950617,0.0002394540098330975,109.64314220472562,4.970915425351978,5.932263102778434,0.0,4.175123269078402,20.216049382716047,0.0002352779884510773,109.6000007565128,5.010743478603652,5.917300273718471,0.0,-0.026069439774683012,-1.7746913580246897,-2.963339080318806e-05,-1.0807326047175536,-0.05268446514094727,-0.177275978922375,0.0,-0.02352903079547186,-1.2345679012345663,-2.545736942116786e-05,-1.0375911565047318,-0.09251251839262142,-0.1623131498624124,0.0
2013-05-25,27,True,4.4472617637140175,20.75617283950617,0.00033944220736636016,104.31312019940044,0.0,5.428510297331219,0.0,4.477379459884221,22.453703703703706,0.00036359863181536866,106.7646417469052,0.28917300486705927,5.651737671151812,0.0,4.474081338894551,22.376543209876544,0.00036062069302440205,106.57154766342947,0.07683904413586379,5.63189999453337,0.0,-0.030117696170203878,-1.6975308641975353,-2.4156424449008496e-05,-2.451521547504754,-0.28917300486705927,-0.22322737382059277,0.0,-0.02681957518053313,-1.6203703703703738,-2.1178485658041892e-05,-2.258427464029026,-0.07683904413586379,-0.20338969720215072,0.0
2013-05-26,27,True,4.0409133894412035,22.29938271604938,0.00036677712624496586,101.0549234759289,5.490466078910539,5.393270852278454,0.0,4.069383029932596,23.30246913580247,0.0004063247257152462,104.25302926559554,5.697993934582297,5.591740696179858,0.0,4.062751181750556,23.14814814814815,0.00039723632496375933,103.76175991543033,5.746520510909149,5.553363548651035,0.0,-0.028469640491392667,-1.0030864197530889,-3.954759947028035e-05,-3.1981057896666414,-0.20752785567175813,-0.1984698439014041,0.0,-0.0218377923093529,-0.8487654320987694,-3.045919871879347e-05,-2.70683643950143,-0.25605443199861,-0.1600926963725806,0.0
2013-05-27,27,True,5.063364088534409,6.712962962962962,6.774678773171341e-05,106.13802158567252,0.0,5.409689505020494,0.0,5.046455793897542,7.870370370370369,7.746320350973103e-05,109.69081171273423,0.0,5.649168212678239,0.0,5.057622472497991,7.484567901234566,7.46441411828724e-05,109.05664049163309,0.0,5.599794209042313,0.0,0.016908294636866827,-1.1574074074074074,-9.71641577801762e-06,-3.552790127061712,0.0,-0.23947870765774493,0.0,0.005741616036417874,-0.7716049382716044,-6.8973534511589915e-06,-2.918618905960571,0.0,-0.19010470402181934,0.0
2013-05-28,27,True,4.308075007027249,21.141975308641978,0.00027759733008192916,111.22492538809529,9.31029922932965,5.770160457313729,0.0,4.323713972736542,22.99382716049383,0.00031886003020331074,113.41081576719071,9.709381950177114,5.998227577587697,0.0,4.3239367112390354,23.070987654320984,0.00031806357047157834,113.38727818525376,9.795801271924079,5.991776876620115,0.0,-0.015638965709293018,-1.8518518518518512,-4.126270012138158e-05,-2.185890379095426,-0.3990827208474652,-0.22806712027396792,0.0,-0.015861704211786787,-1.9290123456790056,-4.0466240389649174e-05,-2.1623527971584764,-0.48550204259442964,-0.2216164193063861,0.0
2013-05-29,27,True,3.4442684423655714,28.935185185185187,0.0003154958796411392,115.23868561382741,6.188657074924139,4.973706590957503,0.0,3.491745200283279,31.17283950617284,0.0003781767471889583,117.47033262004614,7.42969129112036,5.260331513872201,0.0,3.4848625200494445,31.17283950617284,0.00036709758047797557,117.22068523307992,6.70429156845597,5.225074519245289,0.0,-0.04747675791770778,-2.2376543209876516,-6.268086754781908e-05,-2.231647006218722,-1.241034216196221,-0.2866249229146973,0.0,-0.04059407768387313,-2.2376543209876516,-5.160170083683634e-05,-1.9819996192525053,-0.5156344935318309,-0.2513679282877854,0.0
2013-05-30,27,True,3.3561661390465938,34.10493827160494,0.0004833173812619461,101.18846531417574,9.033596107815587,4.996477578796966,0.0,3.403496359050314,35.95679012345679,0.000548816179773926,103.72142517332198,9.114181058798694,5.241322906099826,0.0,3.395179098274442,35.57098765432099,0.0005397594883430985,103.45573338156152,9.155529449317244,5.217049611423322,0.0,-0.047330220003720225,-1.8518518518518547,-6.549879851197994e-05,-2.5329598591462315,-0.08058495098310736,-0.24484532730285924,0.0,-0.03901295922784831,-1.4660493827160508,-5.64421070811524e-05,-2.2672680673857712,-0.12193334150165747,-0.2205720326263556,0.0
2013-05-31,27,True,3.107143414759347,31.404320987654316,0.00035535054028152166,102.66635800105007,8.568876466866582,4.449043458889131,0.0,3.147599224990581,35.03086419753087,0.00042342497919939923,106.36803623225342,8.839341853452307,4.756753926553216,0.0,3.137617409873792,33.33333333333333,0.0004072891960210247,105.5441172290222,8.898425662916004,4.682421311972251,0.0,-0.04045581023123379,-3.6265432098765515,-6.807443891787757e-05,-3.7016782312033456,-0.27046538658572494,-0.3077104676640854,0.0,-0.03047399511444482,-1.9290123456790127,-5.1938655739503024e-05,-2.8777592279721347,-0.3295491960494221,-0.23337785308312053,0.0
2013-06-01,27,True,4.240751294021932,15.277777777777779,0.0001469557235426605,95.02414273394632,5.801088868658702,4.417631740316974,0.0,4.2226732065662675,15.972222222222221,0.00017007693406395782,98.73817980751886,5.894301894042888,4.62520277387074,0.0,4.23718106340257,15.277777777777779,0.00016371425820363452,97.41110407227984,5.923428773056184,4.559913681765936,0.0,0.018078087455664082,-0.6944444444444429,-2.3121210521297305e-05,-3.714037073572541,-0.09321302538418585,-0.20757103355376572,0.0,0.0035702306193616806,0.0,-1.6758534660974014e-05,-2.3869613383335206,-0.12233990439748155,-0.142281941448962,0.0
2013-06-02,27,True,5.953180989032763,6.172839506172839,5.5988736969067e-05,100.39936994824174,3.4509176452913564,5.927796168532386,0.0,5.94001976256687,7.4074074074074066,6.628206080426473e-05,101.83670420829986,4.875122776788234,6.045826450607993,0.0,5.9453740466545915,7.638888888888888,6.653343177240209e-05,101.64685968084974,4.957258038547701,6.034327621831611,0.0,0.01316122646589335,-1.2345679012345672,-1.0293323835197723e-05,-1.4373342600581225,-1.4242051314968776,-0.11803028207560651,0.0,0.0078069423781714775,-1.466049382716049,-1.0544694803335084e-05,-1.2474897326080026,-1.506340393256345,-0.1065314532992252,0.0
2013-06-03,27,True,5.589585538957137,13.348765432098766,0.00016366257286832888,122.02346874936164,2.8037393471970216,7.234305776716216,0.0,5.615295417760501,13.88888888888889,0.000179699834797663,122.974834228703,3.110008688672555,7.38541556451884,0.0,5.613564522109315,13.888888888888888,0.00017870771750656066,122.91762519332862,3.264447090027041,7.3799102640864,0.0,-0.025709878803363395,-0.5401234567901234,-1.603726192933412e-05,-0.9513654793413622,-0.30626934147553353,-0.15110978780262396,0.0,-0.023978983152177946,-0.5401234567901216,-1.5045144638231773e-05,-0.8941564439669776,-0.4607077428300195,-0.14560448737018383,0.0
2013-06-04,27,True,4.957823237243804,15.66358024691358,0.0002503991958158146,117.63752022156865,5.528922128006187,6.784479472788746,0.0,4.977999229426261,17.05246913580247,0.0002683415599597572,119.48523738247472,5.976991363562149,6.968957404680008,0.0,4.9741492561843,16.589506172839506,0.0002678514808815052,119.28864267971507,6.073879153248424,6.947553735234495,0.0,-0.020175992182457136,-1.3888888888888875,-1.794236414394255e-05,-1.8477171609060719,-0.44806923555596256,-0.18447793189126216,0.0,-0.016326018940496567,-0.9259259259259256,-1.7452285065690557e-05,-1.6511224581464177,-0.5449570252422378,-0.16307426244574863,0.0
2013-06-05,27,True,4.921825163019224,11.574074074074074,0.00014066712542121183,123.85026481518409,5.2988498934817345,6.4296791356508685,0.0,4.927730256797697,13.040123456790123,0.00015778996133568825,126.64886311574146,5.8247703257475045,6.6670114923426,0.0,4.930145962716944,12.345679012345679,0.00015338433498318923,126.25742283320255,5.8206689822416955,6.627491999741717,0.0,-0.005905093778473258,-1.466049382716049,-1.712283591447642e-05,-2.798598300557373,-0.52592043226577,-0.23733235669173158,0.0,-0.008320799697719927,-0.7716049382716044,-1.2717209561977397e-05,-2.407158018018464,-0.521819088759961,-0.19781286409084853,0.0
2013-06-06,27,True,5.087009416925064,10.95679012345679,0.00010918821882547193,121.07824657683125,2.152905861362873,6.493460528514634,0.0,5.09375096995391,11.959876543209875,0.00013657613636508525,123.42078504538429,3.877189376156886,6.717049559044981,0.0,5.094558661477493,12.03703703703704,0.00013465653630783403,123.16962625154932,3.430165856797281,6.6944013640259215,0.0,-0.006741553028845715,-1.0030864197530853,-2.7387917539613326e-05,-2.3425384685530446,-1.724283514794013,-0.22358903053034762,0.0,-0.007549244552429002,-1.0802469135802504,-2.5468317482362103e-05,-2.0913796747180697,-1.2772599954344077,-0.20094083551128783,0.0
2013-06-07,27,True,4.2571101951168275,23.91975308641975,0.0003063854128504108,118.82823665322158,11.007426831939018,5.847693785000782,0.0,4.251944721374766,25.0,0.00033966826157847313,119.51446109310729,11.213595216317044,5.995207461512168,0.0,4.253615960788274,24.922839506172835,0.0003400997012904315,119.51896025109568,11.258530286570771,5.995987522655317,0.0,0.005165473742061444,-1.0802469135802504,-3.3282848728062315e-05,-0.6862244398857058,-0.2061683843780262,-0.14751367651138558,0.0,0.0034942343285537802,-1.0030864197530853,-3.3714288440020684e-05,-0.6907235978740971,-0.2511034546317532,-0.14829373765453457,0.0
2013-06-08,27,True,4.51501986549539,15.817901234567898,0.00027583201489519006,112.52838703822525,8.17363527975776,5.723307545174704,0.0,4.520377865116113,16.049382716049383,0.0002964606885594071,113.76328497578045,8.362974290774346,5.846704563276201,0.0,4.523074713235745,16.049382716049383,0.0002983590866942044,113.81749418478523,8.440609834412637,5.859563166631641,0.0,-0.005357999620723142,-0.2314814814814845,-2.062867366421704e-05,-1.2348979375552034,-0.18933901101658712,-0.12339701810149695,0.0,-0.008054847740355697,-0.2314814814814845,-2.252707179901432e-05,-1.289107146559985,-0.26697455465487785,-0.13625562145693682,0.0
2013-06-09,27,True,4.440190898845196,24.922839506172835,0.0003463515814825715,114.94890776326689,12.08369795929312,6.654466472421886,0.0,4.470739403442909,24.922839506172835,0.0003735268745023082,115.2280893932249,12.437206459902725,6.783914935336924,0.0,4.469548954878648,24.845679012345677,0.00037209075614979176,115.2280893932249,12.490807868541852,6.7745279536056415,0.0,-0.03054850459771341,0.0,-2.7175293019736672e-05,-0.27918162995801765,-0.35350850060960504,-0.12944846291503787,0.0,-0.029358056033451874,0.07716049382715795,-2.573917466722024e-05,-0.27918162995801765,-0.4071099092487316,-0.1200614811837557,0.0
2013-06-10,27,True,5.091901374263415,12.191358024691358,0.0002704613117139264,109.39053570019496,0.555966266675099,6.452712877125672,0.0,5.111123777739569,13.425925925925927,0.0003039217512440749,111.45457311396882,0.5922789520272443,6.648221515187166,0.0,5.110601247658337,13.503086419753085,0.00030287722723010415,111.47302084304438,0.6292326675091165,6.647422676150642,0.0,-0.019222403476153893,-1.2345679012345698,-3.3460439530148464e-05,-2.0640374137738604,-0.03631268535214538,-0.19550863806149454,0.0,-0.018699873394922406,-1.3117283950617278,-3.241591551617773e-05,-2.0824851428494213,-0.07326640083401759,-0.1947097990249702,0.0
2013-06-11,27,True,4.150195778397982,26.15740740740741,0.0003401903987978162,119.96886166439963,7.4084040382670695,6.15438317074042,0.0,4.1910331104520395,28.086419753086417,0.00037788001486592303,120.71205424031345,8.346222070124007,6.3581679026351825,0.0,4.189695242629153,28.086419753086417,0.0003759869366366979,120.73369897498816,8.263278606503055,6.3540905773623795,0.0,-0.04083733205405782,-1.9290123456790091,-3.768961606810683e-05,-0.7431925759138238,-0.9378180318569376,-0.20378473189476232,0.0,-0.03949946423117101,-1.9290123456790091,-3.5796537838881715e-05,-0.7648373105885327,-0.854874568235986,-0.1997074066219593,0.0
2013-06-12,27,True,5.853917800194673,9.104938271604938,0.000147137175618951,125.86842563833751,0.0,7.258438207201989,0.0,5.840934504310488,9.645061728395062,0.00016082508451003349,127.82778959927293,0.0,7.475559142765831,0.0,5.848886747892681,9.645061728395062,0.0001597454347935695,127.43017867338972,0.0,7.430153953723833,0.0,0.012983295884184898,-0.5401234567901234,-1.3687908891082479e-05,-1.9593639609354199,0.0,-0.21712093556384193,0.0,0.005031052301991856,-0.5401234567901234,-1.2608259174618506e-05,-1.561753035052206,0.0,-0.17171574652184418,0.0
2013-06-13,27,True,4.515556234248026,26.77469135802469,0.00030960121526036444,131.67108423851414,7.763649706265112,7.206845798512579,0.0,4.555306057625712,27.546296296296298,0.0003534932458241782,132.08558553905863,8.916100651607534,7.4140655954672265,0.0,4.551935229740509,27.546296296296298,0.0003516564663927609,132.1212494593634,9.029776095840736,7.406686449243429,0.0,-0.03974982337768562,-0.7716049382716079,-4.389203056381376e-05,-0.41450130054448664,-1.152450945342422,-0.20721979695464743,0.0,-0.03637899549248225,-0.7716049382716079,-4.205525113239644e-05,-0.45016522084927146,-1.266126389575624,-0.19984065073084967,0.0
2013-06-14,27,True,4.521523117418142,23.302469135802465,0.00034704734149630586,111.1549708142682,12.646579731717903,6.566014689796326,0.0,4.551604466625401,24.922839506172835,0.00038529296301383726,113.6816254349219,13.10680201190506,6.827975613529,0.0,4.545449775304229,24.151234567901234,0.0003716437910868949,113.02694074187981,13.11350610387059,6.742482045748895,0.0,-0.03008134920725869,-1.6203703703703702,-3.824562151753141e-05,-2.5266546206537015,-0.46022228018715694,-0.26196092373267454,0.0,-0.023926657886087277,-0.8487654320987694,-2.4596449590589035e-05,-1.871969927611616,-0.4669263721526864,-0.17646735595256935,0.0
2013-06-15,27,True,4.729530338874555,10.95679012345679,0.00015281845418762085,97.71149305644757,2.4506188879591666,5.311139014106475,0.0,4.737244773974992,11.728395061728396,0.00016237997507145675,100.47440915415197,2.4956157884644594,5.523024936592352,0.0,4.737625129482413,11.651234567901234,0.0001624442235982561,100.08151470382329,2.553148218079402,5.483097465497594,0.0,-0.007714435100437456,-0.7716049382716061,-9.5615208838359e-06,-2.762916097704405,-0.044996900505292814,-0.21188592248587668,0.0,-0.008094790607858116,-0.6944444444444446,-9.625769410635251e-06,-2.3700216473757223,-0.10252933012023524,-0.1719584513911192,0.0
2013-06-16,27,True,4.972693576863622,19.90740740740741,0.0003362470343175276,112.27562191952865,9.48348587919302,6.534569539544128,0.0,5.000212550844868,20.679012345679013,0.0003577457083442019,113.43252510901901,9.685284872868776,6.691190553284551,0.0,4.992558591848405,20.37037037037037,0.0003537027362446954,113.2533015299661,9.698906997239996,6.661560207424655,0.0,-0.027518973981245587,-0.7716049382716044,-2.149867402667432e-05,-1.1569031894903645,-0.20179899367575516,-0.15662101374042336,0.0,-0.019865014984782547,-0.4629629629629619,-1.74557019271678e-05,-0.9776796104374483,-0.21542111804697583,-0.12699066788052704,0.0
2013-06-17,27,True,5.97981767720615,12.577160493827158,0.0001872334379332442,125.86467293415336,0.0,8.303792621201318,0.0,5.9893348401681825,13.348765432098764,0.00021482255080668695,127.28314155907067,0.0,8.506886406388093,0.0,5.989361163903883,13.117283950617283,0.00020824641130872597,127.0237447339874,0.0,8.47034695757102,0.0,-0.009517162962032089,-0.7716049382716061,-2.7589112873442753e-05,-1.4184686249173097,0.0,-0.20309378518677512,0.0,-0.00954348669773264,-0.5401234567901252,-2.1012973375481774e-05,-1.159071799834038,0.0,-0.1665543363697033,0.0
2013-06-18,27,True,5.159297545269572,21.91358024691358,0.0003250807247834021,120.41712214364063,5.272945948503686,7.35853294119831,0.0,5.188938385153745,22.685185185185187,0.0003804355472974275,122.5217172386813,6.205334446274579,7.6199611924130615,0.0,5.181831300629643,22.608024691358022,0.00036788113086044994,122.12322575810134,6.074693665662559,7.568402920173439,0.0,-0.029640839884172543,-0.7716049382716079,-5.535482251402545e-05,-2.104595095040679,-0.9323884977708925,-0.26142825121475166,0.0,-0.02253375536007063,-0.6944444444444429,-4.2800406077047866e-05,-1.7061036144607158,-0.8017477171588725,-0.20986997897512882,0.0
2013-06-19,27,True,6.287996565507954,11.342592592592593,0.00017523220732395202,123.84053920811982,0.0,7.740812617196907,0.0,6.29269161376155,11.728395061728396,0.00019419337742050148,125.91394650968213,0.0,7.946176786842605,0.0,6.298790613684584,11.342592592592593,0.000187269786504257,125.44587605881958,0.0,7.877761026786766,0.0,-0.0046950482535956795,-0.3858024691358022,-1.896117009654946e-05,-2.0734073015623125,0.0,-0.2053641696456978,0.0,-0.010794048176630433,0.0,-1.2037579180304987e-05,-1.6053368506997572,0.0,-0.1369484095898592,0.0
2013-06-20,27,True,5.487593739714807,14.583333333333334,0.00018282059963908086,121.37751405449247,0.44233940463681315,6.869198812668143,0.0,5.4871812010584,15.817901234567898,0.00021247275381973182,122.90259505964411,0.6798557173526266,7.0738815617567585,0.0,5.4885830012979175,15.663580246913577,0.00020679575687561434,122.78458032563722,0.722881413135391,7.045374523637532,0.0,0.0004125386564073352,-1.2345679012345645,-2.965215418065096e-05,-1.5250810051516481,-0.23751631271581347,-0.20468274908861517,0.0,-0.0009892615831104123,-1.0802469135802433,-2.3975157236533472e-05,-1.4070662711447568,-0.28054200849857786,-0.1761757109693889,0.0
2013-06-21,27,True,5.697634677023916,16.435185185185183,0.00019655285082000075,120.89876683417269,2.284356392668855,7.502418387966655,0.0,5.708847216532539,16.589506172839506,0.00023175068610171867,121.89508244525109,3.828624795850357,7.721452314702559,0.0,5.7080732276374295,16.512345679012345,0.00022180712981080918,121.72355303207075,3.819068841965099,7.675306768767532,0.0,-0.01121253950862311,-0.154320987654323,-3.519783528171792e-05,-0.9963156110784013,-1.5442684031815022,-0.2190339267359045,0.0,-0.01043855061351362,-0.0771604938271615,-2.5254278990808428e-05,-0.8247861978980637,-1.534712449296244,-0.17288838080087743,0.0
2013-06-22,27,True,6.188557957826163,14.274691358024691,0.0002170839875992143,121.17420781542098,0.0,7.720344938397667,0.0,6.211661086999066,14.506172839506174,0.0002333551354081568,121.87373596739809,0.0,7.847277279842356,0.0,6.208200067331837,14.274691358024691,0.00023174623686147552,121.87373596739809,0.0,7.839529876652351,0.0,-0.02310312917290336,-0.23148148148148273,-1.6271147808942515e-05,-0.6995281519771055,0.0,-0.12693234144468857,0.0,-0.01964210950567402,0.0,-1.4662249262261225e-05,-0.6995281519771055,0.0,-0.11918493825468435,0.0
2013-06-23,27,True,5.84408681978925,12.114197530864198,0.00026022949515238053,116.5308032410059,1.1578816649851156,6.858290602207317,0.0,5.831537898351498,12.80864197530864,0.0002896422088567011,118.54557418510232,1.4494838822465628,7.0384291138013415,0.0,5.836913879748745,12.577160493827158,0.00028653233415643694,117.87576798138727,1.4568953860188765,6.996883025266,0.0,0.012548921437751659,-0.6944444444444429,-2.941271370432056e-05,-2.0147709440964263,-0.2916022172614472,-0.1801385115940244,0.0,0.007172940040504727,-0.46296296296296013,-2.630283900405641e-05,-1.3449647403813714,-0.2990137210337609,-0.13859242305868325,0.0
2013-06-24,27,True,5.527720732955793,13.811728395061728,0.00015219945391614162,130.02382378347096,3.3042243676470364,7.46844779890708,0.0,5.544961596772855,14.814814814814813,0.00016333849749309974,130.02382378347096,4.191252794113675,7.589085375540134,0.0,5.54339035581952,14.969135802469136,0.0001642339719494317,130.02382378347096,4.313453937270104,7.588797800553168,0.0,-0.01724086381706158,-1.0030864197530853,-1.1139043576958112e-05,0.0,-0.8870284264666384,-0.12063757663305363,0.0,-0.01566962286372675,-1.1574074074074083,-1.203451803329008e-05,0.0,-1.0092295696230678,-0.12035000164608789,0.0
2013-06-25,27,True,6.028154169743369,13.580246913580247,0.00020299428795214264,129.9797198370434,0.0,8.129037561291982,0.0,6.039066547048838,13.966049382716047,0.00021726225312064767,130.48972276784806,0.015103780728940593,8.246040739992432,0.0,6.040488864913251,14.043209876543209,0.0002168170628033815,130.46909134330906,0.21924848430569557,8.241505817880014,0.0,-0.010912377305468901,-0.3858024691358004,-1.4267965168505032e-05,-0.5100029308046601,-0.015103780728940593,-0.1170031787004504,0.0,-0.012334695169881726,-0.4629629629629619,-1.3822774851238867e-05,-0.4893715062656554,-0.21924848430569557,-0.11246825658803239,0.0
2013-06-26,27,True,5.61857926657248,14.04320987654321,0.0002583834371795856,132.4111541158914,10.196667183573105,8.223438093944296,0.0,5.62572427834834,16.126543209876544,0.00028048831384763534,132.78308224250463,10.31066811089862,8.373117533650765,0.0,5.62625078895312,16.126543209876544,0.00027899417731107155,132.78308224250463,10.343589778547758,8.366091578600367,0.0,-0.0071450117758598,-2.083333333333334,-2.2104876668049736e-05,-0.37192812661322705,-0.11400092732551492,-0.14967943970646935,0.0,-0.007671522380640283,-2.083333333333334,-2.0610740131485946e-05,-0.37192812661322705,-0.14692259497465265,-0.14265348465607097,0.0
2013-06-27,27,True,5.581246844652981,9.25925925925926,0.00011136410403594749,121.8745541188175,4.185896391227243,7.3867876200892875,0.0,5.573862744357911,10.339506172839506,0.00012485997796617457,123.21057739195234,4.465224463136632,7.556059843951598,0.0,5.579559191313537,10.339506172839506,0.00012473709516069528,123.0509023094705,4.485741890176808,7.5352296630925455,0.0,0.007384100295069196,-1.0802469135802468,-1.3495873930227087e-05,-1.3360232731348418,-0.27932807190938913,-0.16927222386231033,0.0,0.001687653339443429,-1.0802469135802468,-1.3372991124747791e-05,-1.1763481906530018,-0.2998454989495647,-0.14844204300325803,0.0
2013-06-28,27,True,5.432617609519654,14.969135802469133,0.00020278268759099798,137.02321776001207,6.075563954313255,7.649740793777217,0.0,5.4327091733163035,15.740740740740739,0.00022527935832606998,137.41913257303167,6.38171680546555,7.76019581363384,0.0,5.433665506333546,15.817901234567898,0.00022520489321584502,137.4111584872246,6.38598735003839,7.7601969073987735,0.0,-9.156379664965186e-05,-0.7716049382716061,-2.2496670735072e-05,-0.3959148130196013,-0.3061528511522953,-0.11045501985662298,0.0,-0.0010478968138922795,-0.8487654320987659,-2.2422205624847034e-05,-0.3879407272125377,-0.31042339572513544,-0.11045611362155672,0.0
2013-06-29,27,True,5.656061836930509,14.969135802469136,0.0003399615107329467,118.07501897107524,12.251391022413967,7.281046910279935,0.0,5.662273875064551,15.432098765432098,0.00033664874952705576,118.13095571420695,12.353265886279777,7.3514817132832375,0.0,5.663559361293604,15.432098765432098,0.0003381552768904827,118.13095571420695,12.382629801638615,7.353401541957711,0.0,-0.006212038134042253,-0.4629629629629619,3.3127612058909614e-06,-0.05593674313170993,-0.10187486386580957,-0.07043480300330263,0.0,-0.007497524363095032,-0.4629629629629619,1.8062338424640312e-06,-0.05593674313170993,-0.13123877922464722,-0.07235463167777567,0.0
2013-06-30,27,True,5.603248272957539,8.487654320987653,9.47946220223305e-05,105.14140438063376,4.996512933068993,6.845779691613243,0.0,5.611900518681614,8.950617283950617,9.915649211699198e-05,105.36664326348811,5.090587824814924,6.903759869281489,0.0,5.61255304788079,8.950617283950617,9.94302058433713e-05,105.38670599149016,5.1383866437630346,6.907374625108485,0.0,-0.008652245724075414,-0.4629629629629637,-4.361870094661489e-06,-0.2252388828543559,-0.09407489174593131,-0.057980177668246036,0.0,-0.009304774923251102,-0.4629629629629637,-4.6355838210408e-06,-0.24530161085640145,-0.14187371069404175,-0.06159493349524148,0.0
