date,household_count,common_clean_day,dfl__bill_aud,dfl__voltage_percentage_points,dfl__mean_voltage_excursion_pu,dfl__daily_import_peak_kw,dfl__daily_export_peak_kw,dfl__loss_kwh,dfl__voltage_090_110_percentage_points,mlp__bill_aud,mlp__voltage_percentage_points,mlp__mean_voltage_excursion_pu,mlp__daily_import_peak_kw,mlp__daily_export_peak_kw,mlp__loss_kwh,mlp__voltage_090_110_percentage_points,msecont__bill_aud,msecont__voltage_percentage_points,msecont__mean_voltage_excursion_pu,msecont__daily_import_peak_kw,msecont__daily_export_peak_kw,msecont__loss_kwh,msecont__voltage_090_110_percentage_points,dfl_minus_mlp__bill_aud,dfl_minus_mlp__voltage_percentage_points,dfl_minus_mlp__mean_voltage_excursion_pu,dfl_minus_mlp__daily_import_peak_kw,dfl_minus_mlp__daily_export_peak_kw,dfl_minus_mlp__loss_kwh,dfl_minus_mlp__voltage_090_110_percentage_points,dfl_minus_msecont__bill_aud,dfl_minus_msecont__voltage_percentage_points,dfl_minus_msecont__mean_voltage_excursion_pu,dfl_minus_msecont__daily_import_peak_kw,dfl_minus_msecont__daily_export_peak_kw,dfl_minus_msecont__loss_kwh,dfl_minus_msecont__voltage_090_110_percentage_points
2012-07-01,27,True,6.377224324502255,9.799382716049381,0.00011435663895116714,103.90907143624756,0.0,7.089409681705686,0.0,6.380835487833765,10.339506172839503,0.00012554767796829367,104.95369189969539,0.0,7.201224171042769,0.0,6.384127838124235,10.339506172839506,0.00012656803043593472,104.82898654047183,0.0,7.186879738921533,0.0,-0.0036111633315094593,-0.5401234567901216,-1.1191039017126534e-05,-1.0446204634478278,0.0,-0.11181448933708271,0.0,-0.00690351362197994,-0.5401234567901252,-1.2211391484767586e-05,-0.9199151042242733,0.0,-0.09747005721584667,0.0
2012-07-02,27,True,5.3378026109292875,15.432098765432098,0.00031012448402536927,104.590617108557,6.563787484972219,6.8711222061127515,0.0,5.362981595019494,15.817901234567902,0.0003277780238181108,105.40450098342798,7.0855694025750795,7.023153198554522,0.0,5.362345570888057,15.74074074074074,0.0003276283697148973,105.2976721816032,6.621373024972701,7.017157850169175,0.0,-0.025178984090206136,-0.38580246913580396,-1.7653539792741554e-05,-0.8138838748709816,-0.5217819176028602,-0.15203099244177043,0.0,-0.02454295995876965,-0.30864197530864246,-1.750388568952805e-05,-0.707055073046206,-0.057585540000482105,-0.14603564405642366,0.0
2012-07-03,27,True,5.060585350596943,18.595679012345677,0.00028825663145877446,102.89452779999353,6.598708551724589,6.201809044619758,0.0,5.098418788813659,19.058641975308642,0.0003176790133976365,103.27735812033062,7.198824700442797,6.34588344842848,0.0,5.091166292506723,19.521604938271604,0.0003125367844030514,103.0512372719223,7.052598825297729,6.321338898281567,0.0,-0.03783343821671625,-0.46296296296296546,-2.9422381938862025e-05,-0.3828303203370922,-0.6001161487182083,-0.14407440380872227,0.0,-0.03058094190978,-0.9259259259259274,-2.428015294427693e-05,-0.15670947192877804,-0.4538902735731405,-0.11952985366180968,0.0
2012-07-04,27,True,5.7738808636169034,15.74074074074074,0.00026628748942421874,111.99833631430752,0.0,6.569082867625102,0.0,5.7844672097864205,17.978395061728396,0.000295451145328195,112.56962780368983,0.0,6.686945239200151,0.0,5.782005196890403,16.97530864197531,0.0002774217237685063,112.42430068121291,0.0,6.6502944435644515,0.0,-0.010586346169517036,-2.237654320987655,-2.916365590397628e-05,-0.571291489382304,0.0,-0.11786237157504864,0.0,-0.008124333273499929,-1.2345679012345698,-1.1134234344287565e-05,-0.4259643669053901,0.0,-0.08121157593934925,0.0
2012-07-05,27,True,5.220221630765936,15.200617283950615,0.00023079562510113037,117.57666527810755,1.348836461929115,6.620206476850469,0.0,5.226885297892884,15.432098765432098,0.00024918892663740224,118.09714690292957,1.896759242332471,6.749405788655121,0.0,5.227577920059923,15.50925925925926,0.0002445572357545486,117.68667135898245,1.8952104158339698,6.701355038108258,0.0,-0.006663667126947992,-0.23148148148148273,-1.8393301536271875e-05,-0.5204816248220112,-0.547922780403356,-0.12919931180465216,0.0,-0.007356289293986684,-0.30864197530864423,-1.3761610653418232e-05,-0.11000608087489638,-0.5463739539048547,-0.08114856125778935,0.0
2012-07-06,27,True,5.430633765227446,10.493827160493826,0.00010780246599929398,117.67010458955687,0.6316422008303301,7.021715665021624,0.0,5.417734822168061,11.651234567901234,0.00012167184105558147,117.93780051331277,1.16292662715285,7.1369444430654,0.0,5.426393709483168,11.03395061728395,0.0001172407348070536,117.93062209641018,1.156063004748925,7.100659431111915,0.0,0.012898943059385104,-1.1574074074074083,-1.3869375056287485e-05,-0.2676959237558947,-0.5312844263225199,-0.11522877804377618,0.0,0.004240055744277882,-0.5401234567901234,-9.43826880775962e-06,-0.2605175068533043,-0.524420803918595,-0.07894376609029141,0.0
2012-07-07,27,True,6.117329804974997,10.802469135802468,0.00016144552077327904,116.0809936134304,3.7953881998116166,7.862818280020967,0.0,6.118817624943439,11.265432098765432,0.00017401979148665833,116.67223941981565,3.693571951280602,7.952524346354116,0.0,6.119715516566436,11.111111111111112,0.0001723816924935295,116.3077346777377,3.7073529577446074,7.9212083142028495,0.0,-0.0014878199684424942,-0.4629629629629637,-1.257427071337929e-05,-0.5912458063852597,0.10181624853101479,-0.08970606633314926,0.0,-0.00238571159143941,-0.30864197530864423,-1.0936171720250451e-05,-0.2267410643073049,0.08803524206700919,-0.05839003418188238,0.0
2012-07-08,27,True,5.153834963993735,20.44753086419753,0.00041206106456825176,95.32467163460609,11.29621498223623,7.021948477660652,0.0,5.177517072763362,21.527777777777775,0.00043262299311114277,95.32865614914677,11.424813280183255,7.083712234854918,0.0,5.174660177267616,21.296296296296294,0.0004325017890208151,95.32865614914677,11.436545546973125,7.078259728292651,0.0,-0.023682108769627064,-1.0802469135802433,-2.056192854289101e-05,-0.003984514540675832,-0.12859829794702549,-0.06176375719426552,0.0,-0.02082521327388065,-0.8487654320987623,-2.0440724452563356e-05,-0.003984514540675832,-0.14033056473689598,-0.05631125063199871,0.0
2012-07-09,27,True,4.855324451112607,19.290123456790123,0.0003174965201648357,91.20462723314398,4.419166600054176,5.790345797790522,0.0,4.874596155581121,19.907407407407405,0.00034033718703682685,92.164547931708,5.792025892983597,5.935338018588224,0.0,4.872177184190356,19.444444444444443,0.0003355074579577658,91.98685471162838,5.380682338721776,5.9149575857010515,0.0,-0.019271704468513562,-0.6172839506172814,-2.284066687199116e-05,-0.9599206985640194,-1.3728592929294212,-0.14499222079770213,0.0,-0.016852733077748816,-0.15432098765431945,-1.8010937792930116e-05,-0.7822274784844012,-0.9615157386676003,-0.12461178791052951,0.0
2012-07-10,27,True,4.66691763502151,16.435185185185183,0.00025987777565787446,94.36898013582547,8.295361066634843,5.414197775922572,0.0,4.6696706230139,18.132716049382715,0.00028393784625422566,95.69254281333627,8.145726297382474,5.543181255321191,0.0,4.673424869103931,17.66975308641975,0.00027885267908702723,95.44957037007337,8.15528096440674,5.5190749566726796,0.0,-0.00275298799239021,-1.6975308641975317,-2.4060070596351203e-05,-1.3235626775108074,0.14963476925236918,-0.12898347939861932,0.0,-0.006507234082421043,-1.2345679012345663,-1.8974903429152775e-05,-1.0805902342479072,0.14008010222810263,-0.10487718075010743,0.0
2012-07-11,27,True,4.061655448459648,27.391975308641975,0.0004126790518388086,100.46355217211527,11.152224601724852,5.301850978389923,0.0,4.070339304795723,28.549382716049383,0.00044473320766512853,101.73635759762053,11.085306518235871,5.472977184106517,0.0,4.068951972216981,28.240740740740737,0.0004396794627650415,101.49677402577177,11.124251556819338,5.4464019027466115,0.0,-0.008683856336074491,-1.1574074074074083,-3.205415582631995e-05,-1.272805425505254,0.06691808348898043,-0.1711262057165941,0.0,-0.007296523757332807,-0.8487654320987623,-2.7000410926232934e-05,-1.0332218536564994,0.027973044905513333,-0.1445509243566887,0.0
2012-07-12,27,True,5.288609802981602,11.959876543209875,0.0002719718478844156,100.81962037066955,7.470872189123503,5.5677981822790015,0.0,5.265571490388881,12.577160493827158,0.00029082167124408286,102.6653571262716,7.666607020351299,5.719554943123418,0.0,5.27849596984106,12.191358024691358,0.000285840968466651,102.24596393973762,7.694747407386742,5.700485246059512,0.0,0.023038312592721155,-0.6172839506172831,-1.8849823359667266e-05,-1.8457367556020472,-0.19573483122779667,-0.15175676084441658,0.0,0.010113833140541928,-0.23148148148148273,-1.3869120582235398e-05,-1.4263435690680666,-0.22387521826323908,-0.13268706378051043,0.0
2012-07-13,27,True,4.086865147686684,25.46296296296296,0.00032141578782202005,104.17366489022045,11.213958668950541,4.9748046692823875,0.0,4.096428529420192,25.848765432098762,0.0003487603919742354,104.96478968644489,11.472058734418784,5.076310443862424,0.0,4.098142025255509,25.925925925925924,0.00034925485146957157,104.96793338049739,11.503338599245852,5.083294925631684,0.0,-0.009563381733507903,-0.38580246913580396,-2.7344604152215344e-05,-0.7911247962244374,-0.25810006546824305,-0.10150577458003607,0.0,-0.011276877568825228,-0.46296296296296546,-2.783906364755152e-05,-0.7942684902769344,-0.2893799302953113,-0.10849025634929621,0.0
2012-07-14,27,True,4.474682152276201,22.608024691358022,0.00034741626670195145,108.86280591278174,8.797731114452686,5.823636732279402,0.0,4.488363102988779,24.305555555555554,0.00037022409455993865,109.5642927128567,9.008031975671795,5.922397875151945,0.0,4.488848376329406,24.151234567901234,0.00036853844540322126,109.42743965854244,8.699272096788574,5.9192733133122495,0.0,-0.01368095071257791,-1.6975308641975317,-2.28078278579872e-05,-0.7014868000749601,-0.21030086121910863,-0.09876114287254278,0.0,-0.014166224053204779,-1.5432098765432123,-2.112217870126981e-05,-0.5646337457607018,0.09845901766411203,-0.09563658103284745,0.0
2012-07-15,27,True,4.73716417117809,18.90432098765432,0.00022800892403127338,98.44221425382635,4.421703978491267,5.39350566250042,0.0,4.7512168100099945,20.061728395061728,0.0002579772715696844,99.71389011503847,4.958098615501377,5.529124914864536,0.0,4.751133745382187,19.83024691358025,0.00025224668309707725,99.39017769732162,5.345079631766089,5.5193789882924555,0.0,-0.014052638831904218,-1.1574074074074083,-2.996834753841101e-05,-1.2716758612121168,-0.53639463701011,-0.13561925236411554,0.0,-0.013969574204097057,-0.9259259259259309,-2.423775906580387e-05,-0.9479634434952686,-0.9233756532748227,-0.12587332579203547,0.0
2012-07-16,27,True,4.898653307734149,17.74691358024691,0.00025092626767017384,111.9970893967931,2.8477738864997497,6.283891997145281,0.0,4.931011080603836,18.672839506172835,0.0002834989844546312,113.462555956826,4.249977530574302,6.4805243219337205,0.0,4.919509581158194,18.132716049382715,0.0002667118118955896,113.02161969258422,3.2956335147434803,6.410480661973912,0.0,-0.03235777286968755,-0.9259259259259238,-3.2572716784457336e-05,-1.465466560032894,-1.4022036440745524,-0.19663232478843984,0.0,-0.02085627342404539,-0.38580246913580396,-1.578554422541575e-05,-1.0245302957911235,-0.4478596282437306,-0.12658866482863118,0.0
2012-07-17,27,True,4.480393337958349,21.83641975308642,0.0002704388635703734,109.80701163633802,5.330966661644347,5.714416098487138,0.0,4.512709338571618,23.84259259259259,0.00031547046614365453,111.51750106567133,6.271463406087348,5.901709912201929,0.0,4.499015967392458,22.685185185185187,0.0002929737729353426,110.94014665317822,5.957966547246417,5.838237440768542,0.0,-0.032316000613269225,-2.0061728395061706,-4.503160257328116e-05,-1.7104894293333075,-0.940496744443001,-0.18729381371479104,0.0,-0.018622629434108973,-0.8487654320987659,-2.253490936496923e-05,-1.1331350168401997,-0.6269998856020695,-0.12382134228140362,0.0
2012-07-18,27,True,4.133161201081445,22.0679012345679,0.0003146370193030835,107.18612356096429,7.745454490127101,5.692185997143478,0.0,4.152730734054933,23.45679012345679,0.0003336669752914508,107.85412299068489,8.383124900925317,5.824553330861314,0.0,4.153094312340239,22.685185185185183,0.0003198815171434595,107.77886367581564,8.47900381602556,5.787353181840171,0.0,-0.01956953297348818,-1.3888888888888928,-1.9029955988367295e-05,-0.6679994297205951,-0.6376704107982158,-0.13236733371783593,0.0,-0.019933111258794156,-0.6172839506172849,-5.244497840376026e-06,-0.5927401148513525,-0.7335493258984593,-0.09516718469669261,0.0
2012-07-19,27,True,5.421573613855039,16.743827160493826,0.00018679321331340165,105.87190882228376,4.723913781831813,6.402800828262539,0.0,5.428862565022332,18.827160493827158,0.00021656426170979875,107.15394099600114,5.2808400392643104,6.5502985836899725,0.0,5.429184158694091,18.209876543209877,0.00020037999010934053,106.98627271208929,4.6006796565012795,6.508988692149642,0.0,-0.007288951167292446,-2.083333333333332,-2.9771048396397102e-05,-1.2820321737173828,-0.5569262574324974,-0.14749775542743393,0.0,-0.007610544839051769,-1.4660493827160508,-1.358677679593888e-05,-1.1143638898055315,0.12323412533053357,-0.10618786388710344,0.0
2012-07-20,27,True,4.303775812732298,27.623456790123452,0.00044197099102746726,108.71194611547686,6.757770866054261,5.846464811001264,0.0,4.318907161229814,28.163580246913583,0.0004682569841907001,108.98397206067585,6.765908155956902,5.937437816012956,0.0,4.314632469443056,27.623456790123456,0.0004580689587958704,108.99973505296641,6.676453766035166,5.92324730223625,0.0,-0.015131348497515518,-0.5401234567901305,-2.628599316323283e-05,-0.27202594519899037,-0.008137289902641065,-0.09097300501169236,0.0,-0.010856656710757306,-3.552713678800501e-15,-1.609796776840314e-05,-0.2877889374895517,0.08131710001909465,-0.0767824912349866,0.0
2012-07-21,27,True,5.63398502872403,12.5,0.00028190244817112077,115.31943364343705,7.655812040546829,6.730939020042709,0.0,5.626190485029567,12.73148148148148,0.0002907177415719647,116.21931528564625,7.592268307242432,6.792805431398343,0.0,5.64037595322588,12.5,0.0002907195087017878,115.93889344044234,7.60518682356366,6.772267476969315,0.0,0.007794543694463307,-0.23148148148147918,-8.815293400843947e-06,-0.8998816422091949,0.06354373330439689,-0.0618664113556342,0.0,-0.0063909245018498595,0.0,-8.817060530667061e-06,-0.6194597970052911,0.05062521698316935,-0.041328456926605917,0.0
2012-07-22,27,True,5.9443791685867415,15.046296296296294,0.00022476478805834462,95.21452387201967,0.0,6.563728936693437,0.0,5.93881512647376,14.814814814814813,0.00023630466465197108,96.05683833069068,0.0,6.636788322410749,0.0,5.946168578221437,14.969135802469136,0.00023433447751287573,95.860376406255,0.0,6.624599833948809,0.0,0.005564042112981227,0.23148148148148096,-1.1539876593626462e-05,-0.8423144586710123,0.0,-0.07305938571731208,0.0,-0.001789409634695538,0.07716049382715795,-9.569689454531108e-06,-0.6458525342353312,0.0,-0.06087089725537176,0.0
2012-07-23,27,True,4.618675639421574,17.901234567901234,0.00020421778871326397,111.31619871087585,4.3376672876242015,5.862831002165072,0.0,4.625119377632492,18.51851851851852,0.00021302030593191353,112.28944612391054,5.118005570494337,5.969581658492219,0.0,4.627877283317139,17.901234567901234,0.000210862069872964,112.26895860443885,5.152671543093012,5.953033679934175,0.0,-0.0064437382109181485,-0.6172839506172849,-8.802517218649557e-06,-0.9732474130346844,-0.7803382828701357,-0.1067506563271472,0.0,-0.009201643895565326,0.0,-6.644281159700027e-06,-0.9527598935629982,-0.8150042554688106,-0.09020267776910362,0.0
2012-07-24,27,True,4.744960535199218,15.354938271604937,0.00017987306630003763,105.44957528979128,2.6176192097462017,5.598398257691977,0.0,4.745725825306694,15.817901234567902,0.000198297943894463,106.31294903084648,2.9469186232424582,5.707791807854208,0.0,4.745661543521667,15.817901234567902,0.0001985381016844282,106.28588749126418,2.640596073141093,5.7103433328124105,0.0,-0.0007652901074761687,-0.46296296296296546,-1.8424877594425365e-05,-0.8633737410551987,-0.3292994134962566,-0.10939355016223118,0.0,-0.0007010083224487929,-0.46296296296296546,-1.8665035384390552e-05,-0.836312201472893,-0.022976863394891467,-0.11194507512043383,0.0
2012-07-25,27,True,3.8098253285196537,32.947530864197525,0.0005267512824686795,103.95160169758059,9.461101149921648,5.658888364532473,0.0,3.8529997873253268,34.722222222222214,0.000568979831409635,104.40118176125029,9.749117722274969,5.817703602880139,0.0,3.8512120965083114,34.722222222222214,0.0005672866837600055,104.40118176125029,9.868326680306067,5.813474275929376,0.0,-0.043174458805673055,-1.7746913580246897,-4.2228548940955466e-05,-0.4495800636696998,-0.288016572353321,-0.15881523834766664,0.0,-0.0413867679886577,-1.7746913580246897,-4.053540129132598e-05,-0.4495800636696998,-0.40722553038441944,-0.1545859113969028,0.0
2012-07-26,27,True,4.455173585818475,18.132716049382715,0.00029977314051012814,101.17816254612836,5.196744764220341,5.256526655451257,0.0,4.442392331288659,18.98148148148148,0.00031682954435503476,102.72884592703392,6.719343887106528,5.407708806452997,0.0,4.456182278122397,18.287037037037038,0.0003147395450367283,102.30689441848698,6.698909825955263,5.3757996199016045,0.0,0.012781254529816266,-0.8487654320987659,-1.705640384490662e-05,-1.5506833809055536,-1.522599122886187,-0.15118215100174037,0.0,-0.0010086923039223095,-0.154320987654323,-1.4966404526600143e-05,-1.128731872358614,-1.5021650617349218,-0.11927296445034763,0.0
2012-07-27,27,True,4.263355450422138,29.706790123456788,0.0005023809900556144,117.4068404330488,9.369182278028461,6.335142206330236,0.0,4.288744048440133,31.48148148148148,0.0005405652576122585,119.49309023500945,9.572767840706016,6.524539495674164,0.0,4.282845459075541,30.864197530864196,0.0005315668841492075,119.05306105611103,9.613378326641826,6.485604824492777,0.0,-0.025388598017995534,-1.7746913580246932,-3.8184267556644075e-05,-2.0862498019606477,-0.20358556267755468,-0.18939728934392797,0.0,-0.019490008653403557,-1.1574074074074083,-2.9185894093593148e-05,-1.6462206230622343,-0.24419604861336452,-0.1504626181625408,0.0
2012-07-28,27,True,4.506832785704778,26.543209876543212,0.0005963448388429816,107.88798172787403,6.884892998949784,6.253269952917673,0.0,4.53032180788562,26.543209876543212,0.0006097830580919885,108.32225979995984,6.576966055295479,6.361957048352355,0.0,4.52268974878039,26.620370370370374,0.0006029514259997571,108.46786367240134,6.743063474769028,6.3456570411593685,0.0,-0.0234890221808417,0.0,-1.3438219249006919e-05,-0.43427807208580305,0.30792694365430506,-0.10868709543468213,0.0,-0.015856963075612462,-0.0771604938271615,-6.606587156775495e-06,-0.5798819445273011,0.14182952418075612,-0.09238708824169528,0.0
2012-07-29,27,True,4.86382711690116,19.135802469135797,0.00025410812104100915,100.70968450171375,4.6386962447298945,6.011338329191771,0.0,4.871760111976243,19.598765432098762,0.0002768376454709004,101.67140524087982,4.856490458388313,6.137226673999958,0.0,4.875304646893598,19.367283950617285,0.0002706123290283135,101.71030980371398,4.889300586194261,6.125998621843859,0.0,-0.007932995075082161,-0.46296296296296546,-2.2729524429891256e-05,-0.9617207391660685,-0.21779421365841856,-0.1258883448081871,0.0,-0.011477529992437674,-0.23148148148148806,-1.650420798730433e-05,-1.0006253020002305,-0.25060434146436616,-0.1146602926520881,0.0
2012-07-30,27,True,4.92550609737906,24.76851851851852,0.0004311454133958884,104.30164388582125,4.151000567866572,6.459240809619464,0.0,4.948360075531672,26.77469135802469,0.0004638214470211028,105.8829728439897,4.901713396392461,6.665917344591481,0.0,4.940094025361835,25.23148148148148,0.00044134275501508946,105.31859005868318,4.587779534903165,6.570517308115481,0.0,-0.02285397815261181,-2.0061728395061706,-3.267603362521441e-05,-1.5813289581684558,-0.7507128285258888,-0.20667653497201677,0.0,-0.014587927982774751,-0.4629629629629619,-1.0197341619201065e-05,-1.0169461728619353,-0.43677896703659247,-0.11127649849601706,0.0
2012-07-31,27,True,4.787542823210094,21.759259259259256,0.0002356481848386331,103.39109592022135,2.3194583149614907,5.93313902693799,0.0,4.792479973083068,22.916666666666664,0.00026557400605515196,105.17673098883557,3.029510165712729,6.123047772179419,0.0,4.799594446976323,22.145061728395063,0.00024914894266905407,104.64389671408614,2.2687564600487096,6.055737919512385,0.0,-0.004937149872973556,-1.1574074074074083,-2.992582121651887e-05,-1.7856350686142264,-0.7100518507512383,-0.18990874524142853,0.0,-0.012051623766229369,-0.3858024691358075,-1.3500757830420978e-05,-1.2528007938647931,0.05070185491278112,-0.12259889257439482,0.0
2012-08-01,27,True,4.889889370688432,20.60185185185185,0.00027195541662499735,103.85983186797633,4.9420750666442945,6.228488560471641,0.0,4.904465180923103,21.373456790123456,0.00030760790863334396,106.54278183700193,5.87695005449378,6.517952478822518,0.0,4.898582386272051,20.987654320987655,0.0002906990305729427,105.48382297171558,5.300666036822955,6.410013959434995,0.0,-0.014575810234671138,-0.7716049382716044,-3.565249200834661e-05,-2.6829499690256,-0.9348749878494855,-0.2894639183508767,0.0,-0.008693015583618902,-0.38580246913580396,-1.8743613947945373e-05,-1.6239911037392574,-0.3585909701786605,-0.18152539896335362,0.0
2012-08-02,27,True,4.724886557276296,24.691358024691358,0.00021129914139757526,104.59096116481763,5.03306883882628,5.830825489381759,0.0,4.743868496531532,27.00617283950617,0.00025238014403528486,105.76615301717887,5.591036559894613,6.023220762669211,0.0,4.735273247119288,25.154320987654316,0.00022655299556663107,105.46943062122689,5.216607024576009,5.937794677672693,0.0,-0.01898193925523639,-2.314814814814813,-4.10810026377096e-05,-1.1751918523612375,-0.5579677210683336,-0.19239527328745165,0.0,-0.01038668984299207,-0.46296296296295836,-1.525385416905581e-05,-0.8784694564092632,-0.1835381857497298,-0.10696918829093427,0.0
2012-08-03,27,True,5.397481461456264,12.962962962962962,0.0002301728967691886,114.17233512642827,1.5931273493395197,6.636445073821812,0.0,5.393302201102271,15.58641975308642,0.00024908002979193497,115.03863235326786,2.6020314518088714,6.765469352852396,0.0,5.40286142072693,14.583333333333332,0.0002414700251399338,114.8289169826184,2.4746591956458097,6.7184898210594834,0.0,0.004179260353993186,-2.6234567901234573,-1.8907133022746383e-05,-0.8662972268395919,-1.0089041024693517,-0.12902427903058378,0.0,-0.005379959270666035,-1.6203703703703702,-1.1297128370745224e-05,-0.6565818561901295,-0.88153184630629,-0.08204474723767152,0.0
2012-08-04,27,True,5.151415244868165,18.75,0.0003720532826221186,115.87974248311846,8.897638566872612,7.260765435084913,0.0,5.174726634858249,18.672839506172835,0.0003985724181876731,116.86509404429218,9.074005097256025,7.403122252293464,0.0,5.167718702959765,18.441358024691358,0.00038892584224520005,116.52803686259558,9.085203083885391,7.348192129206299,0.0,-0.023311389990084308,0.07716049382716506,-2.6519135565554518e-05,-0.9853515611737151,-0.17636653038341343,-0.14235681720855098,0.0,-0.016303458091599943,0.30864197530864246,-1.687255962308146e-05,-0.6482943794771217,-0.18756451701277932,-0.08742669412138593,0.0
2012-08-05,27,True,4.267642361827118,22.76234567901234,0.00042807111642951867,102.85611939729401,5.51953157061812,5.721440072185402,0.0,4.27978881313635,22.993827160493826,0.0004646593305860553,103.6754656724066,5.488121502823184,5.859210589813262,0.0,4.276258782675649,22.53086419753086,0.0004442503170367842,103.32032957607944,5.499525888414013,5.793445471238357,0.0,-0.012146451309232198,-0.2314814814814845,-3.658821415653663e-05,-0.8193462751125935,0.03141006779493605,-0.1377705176278603,0.0,-0.008616420848531092,0.23148148148148096,-1.617920060726551e-05,-0.4642101787854358,0.02000568220410681,-0.072005399052955,0.0
2012-08-06,27,True,3.83739827811984,26.080246913580247,0.000318549983707623,94.99122612634147,10.190577058174236,4.991501646701641,0.0,3.8650231498442906,27.314814814814813,0.00036330252328337396,96.16738553398338,10.328773528762426,5.154066398568956,0.0,3.8553342418588596,26.69753086419753,0.000338857412428692,95.58247680404625,10.351140638480224,5.072297888593045,0.0,-0.027624871724450717,-1.2345679012345663,-4.475253957575095e-05,-1.1761594076419044,-0.1381964705881895,-0.16256475186731478,0.0,-0.017935963739019734,-0.6172839506172849,-2.0307428721069015e-05,-0.5912506777047781,-0.16056358030598794,-0.08079624189140411,0.0
2012-08-07,27,True,4.524989826429194,28.47222222222222,0.0003176345187124402,104.80011187742424,6.762521336094245,6.033015955435502,0.0,4.556367028794863,28.472222222222225,0.00036238228849418103,105.96137462222578,7.5114948169142775,6.20949356128044,0.0,4.54336291519168,28.703703703703702,0.00033819510273263323,105.48056036698553,7.231992002622725,6.127945696484243,0.0,-0.0313772023656691,-3.552713678800501e-15,-4.474776978174083e-05,-1.1612627448015331,-0.7489734808200321,-0.176477605844938,0.0,-0.01837308876248578,-0.23148148148148096,-2.0560584020193025e-05,-0.6804484895612859,-0.4694706665284798,-0.09492974104874108,0.0
2012-08-08,27,True,4.0131063854086015,28.93518518518518,0.00039738641504562965,102.84286081213405,6.826096229166961,5.537647471854327,0.0,4.0419305733793545,29.938271604938272,0.00043311216298433825,104.19544904775289,7.819158176893722,5.720409828098067,0.0,4.031615141662288,29.938271604938265,0.0004082717469071453,103.70772607833322,7.651335198453347,5.637491900052282,0.0,-0.028824187970752924,-1.0030864197530924,-3.5725747938708595e-05,-1.352588235618839,-0.993061947726761,-0.1827623562437397,0.0,-0.018508756253686087,-1.0030864197530853,-1.0885331861515673e-05,-0.8648652661991747,-0.825238969286386,-0.09984442819795536,0.0
2012-08-09,27,True,4.539875332249394,17.28395061728395,0.00022409158825462916,96.1245155501427,5.716688350417114,5.151546425549616,0.0,4.534567959888035,18.132716049382715,0.00024432441955195245,97.58831183555813,6.244697646686136,5.298854875944684,0.0,4.555308252463874,17.746913580246915,0.00023380082393612586,96.93221275763008,6.21434443169818,5.232230637541132,0.0,0.005307372361358809,-0.8487654320987659,-2.0232831297323288e-05,-1.4637962854154267,-0.5280092962690217,-0.14730845039506857,0.0,-0.015432920214480284,-0.46296296296296546,-9.709235681496696e-06,-0.8076972074873794,-0.49765608128106553,-0.08068421199151654,0.0
2012-08-10,27,True,5.752616152600672,10.802469135802468,0.00012325115476780142,104.37535886614275,0.0,6.101290831820265,0.0,5.7370475040539795,10.570987654320989,0.00013718853834325648,105.99228223158262,0.0,6.2423076438789185,0.0,5.7465310115577175,10.339506172839508,0.0001349843659057577,105.20805973006598,0.0,6.188935851830481,0.0,0.01556864854669282,0.23148148148147918,-1.3937383575455062e-05,-1.6169233654398738,0.0,-0.14101681205865368,0.0,0.006085141042954767,0.46296296296296013,-1.1733211137956285e-05,-0.8327008639232361,0.0,-0.0876450200102159,0.0
2012-08-11,27,True,6.893068187043122,9.876543209876543,0.00014764654151888518,106.25330346386126,0.0,7.427680493332382,0.0,6.874130316044323,10.879629629629628,0.00015497215860108918,107.37457170022498,0.0,7.506086321837323,0.0,6.888902815949445,10.802469135802468,0.00015304116297976892,106.61427705587418,0.0,7.470707130777737,0.0,0.018937870998798623,-1.0030864197530853,-7.325617082203995e-06,-1.1212682363637185,0.0,-0.07840582850494116,0.0,0.004165371093677095,-0.9259259259259256,-5.39462146088374e-06,-0.36097359201292534,0.0,-0.0430266374453554,0.0
2012-08-12,27,True,6.265681988343836,10.416666666666668,0.00024502357184826804,100.00253315287945,0.0,6.932859156926112,0.0,6.259721885909705,10.262345679012345,0.00024841950526211155,101.54567772098478,0.0,7.037051281869554,0.0,6.266435805823665,10.185185185185185,0.00024714588441569524,101.303761625833,0.0,7.016036265502974,0.0,0.005960102434131365,0.154320987654323,-3.3959334138435092e-06,-1.5431445681053333,0.0,-0.10419212494344254,0.0,-0.0007538174798291664,0.23148148148148273,-2.1223125674271997e-06,-1.3012284729535537,0.0,-0.08317710857686222,0.0
2012-08-13,27,True,4.08060880909746,29.706790123456788,0.0005667369124285858,102.80765494347422,10.756713717576664,6.0547408070586215,0.0,4.1046199020377125,29.55246913580247,0.0005912146386177318,103.77296315173261,11.016117377024722,6.18951542131535,0.0,4.0995637834805985,29.243827160493822,0.0005840852717582601,103.53745838327416,10.816584603692403,6.162644872582898,0.0,-0.02401109294025261,0.15432098765431945,-2.4477726189145997e-05,-0.9653082082583921,-0.25940365944805777,-0.13477461425672832,0.0,-0.018954974383138534,0.46296296296296546,-1.7348359329674343e-05,-0.7298034397999373,-0.0598708861157391,-0.10790406552427623,0.0
2012-08-14,27,True,4.285466450646361,21.450617283950617,0.00027508665929479347,95.97463466841744,5.843813276024875,5.307714208813484,0.0,4.303450407071624,22.762345679012345,0.0003062214415157773,98.03190957612277,6.785473982300587,5.494210190062212,0.0,4.300808387430372,22.29938271604938,0.0002943032351767876,97.62472488232434,5.959926618897729,5.434807159308125,0.0,-0.017983956425263514,-1.3117283950617278,-3.113478222098383e-05,-2.0572749077053345,-0.9416607062757123,-0.18649598124872835,0.0,-0.015341936784011523,-0.8487654320987623,-1.9216575881994124e-05,-1.650090213906907,-0.11611334287285402,-0.12709295049464142,0.0
2012-08-15,27,True,3.9820630100509398,24.768518518518515,0.0004238057539041118,104.85281013059466,12.722475964285383,5.6223488065420275,0.0,4.0083944127383395,25.46296296296296,0.000470627386428866,105.9308255094614,13.591444404908046,5.834743659596435,0.0,4.001754014734818,24.614197530864192,0.0004514382976866721,105.47757935611845,13.556574959210371,5.7486811286301105,0.0,-0.026331402687399752,-0.6944444444444429,-4.6821632524754204e-05,-1.0780153788667377,-0.8689684406226625,-0.2123948530544073,0.0,-0.019691004683878077,0.154320987654323,-2.7632543782560304e-05,-0.6247692255237922,-0.8340989949249877,-0.12633232208808298,0.0
2012-08-16,27,True,3.8124452463688927,30.864197530864196,0.0005247147146994497,103.2495000399079,10.05280319849904,5.3478006669798805,0.0,3.851239817407179,32.407407407407405,0.0005816644950968181,105.29542096434385,11.53293474216641,5.593980675562217,0.0,3.8380159905814972,31.55864197530864,0.0005651274993865792,104.98177499287023,10.820237841695919,5.525016159172939,0.0,-0.03879457103828621,-1.5432098765432087,-5.6949780397368404e-05,-2.045920924435947,-1.480131543667369,-0.24618000858233646,0.0,-0.025570744212604524,-0.6944444444444429,-4.041278468712949e-05,-1.732274952962328,-0.7674346431968786,-0.1772154921930582,0.0
2012-08-17,27,True,4.179824672378357,24.459876543209877,0.00036081969667047024,104.25234873362372,3.9765402729059893,5.5066378679918335,0.0,4.19549774442231,26.543209876543212,0.00038616351446740127,104.6749428686214,5.030776253074697,5.632620130588845,0.0,4.1935150651749,25.46296296296296,0.00037666082358307,104.67885583412749,4.835032867742247,5.5974562690898395,0.0,-0.01567307204395263,-2.0833333333333357,-2.5343817796931022e-05,-0.4225941349976807,-1.0542359801687073,-0.12598226259701129,0.0,-0.013690392796542383,-1.0030864197530818,-1.5841126912599732e-05,-0.4265071005037697,-0.8584925948362576,-0.09081840109800599,0.0
2012-08-18,27,True,4.459559176334792,19.753086419753085,0.0002963149790218994,93.45800498908372,5.633691786903956,5.192885606467177,0.0,4.4898081075261524,20.44753086419753,0.00033572874134434326,94.21813173311966,7.3402068967770715,5.353263641923849,0.0,4.4803650832825195,19.984567901234566,0.0003149712398131779,93.82791735942688,5.913873260490127,5.262546489445397,0.0,-0.03024893119136074,-0.6944444444444464,-3.9413762322443855e-05,-0.7601267440359436,-1.7065151098731155,-0.16037803545667195,0.0,-0.02080590694772777,-0.23148148148148096,-1.865626079127847e-05,-0.36991237034315816,-0.28018147358617096,-0.06966088297821926,0.0
2012-08-19,27,True,3.9835930944597693,25.385802469135804,0.00033523504018672127,100.3780118802696,5.160548214669072,5.269833758707677,0.0,4.008900405375449,26.697530864197528,0.0003801288484910984,101.31144193724546,6.419636500005601,5.428936543725363,0.0,4.000923677719716,26.003086419753085,0.0003535641967849304,100.77073794383867,5.670477597601974,5.343150426809034,0.0,-0.02530731091568006,-1.3117283950617242,-4.4893808304377104e-05,-0.9334300569758653,-1.2590882853365288,-0.15910278501768538,0.0,-0.017330583259946852,-0.6172839506172814,-1.8329156598209152e-05,-0.39272606356907147,-0.5099293829329019,-0.07331666810135662,0.0
2012-08-20,27,True,3.947834358112861,22.839506172839506,0.00023143622294647217,105.78968444615334,5.746107165068168,5.136491130914781,0.0,3.9659909527923194,23.996913580246915,0.0002579643695020311,106.95677934922924,6.4224457166170135,5.297100807071534,0.0,3.9611329560971678,23.45679012345679,0.0002413264999799606,106.51201362022272,6.27784347274067,5.227614228079817,0.0,-0.018156594679458404,-1.1574074074074083,-2.6528146555558922e-05,-1.167094903075892,-0.6763385515488451,-0.1606096761567537,0.0,-0.01329859798430677,-0.6172839506172849,-9.890277033488436e-06,-0.7223291740693725,-0.5317363076725012,-0.09112309716503653,0.0
2012-08-21,27,True,3.531557835625918,28.703703703703702,0.0003144101529209537,99.79400809066632,6.9225899385446885,4.661140815597006,0.0,3.548505677083992,29.32098765432099,0.0003360382940370118,101.01757015508511,6.823727551212666,4.802243047329974,0.0,3.5400717145685574,28.780864197530864,0.00030983455538686675,100.62892352391235,6.43785892826913,4.722843093661244,0.0,-0.01694784145807393,-0.6172839506172885,-2.1628141116058065e-05,-1.2235620644187861,0.0988623873320229,-0.141102231732968,0.0,-0.00851387894263933,-0.0771604938271615,4.575597534086978e-06,-0.8349154332460245,0.4847310102755582,-0.06170227806423778,0.0
2012-08-22,27,False,nan,nan,nan,nan,nan,nan,nan,nan,nan,nan,nan,nan,nan,nan,nan,nan,nan,nan,nan,nan,nan,nan,nan,nan,nan,nan,nan,nan,nan,nan,nan,nan,nan,nan,nan
2012-08-23,27,False,nan,nan,nan,nan,nan,nan,nan,nan,nan,nan,nan,nan,nan,nan,nan,nan,nan,nan,nan,nan,nan,nan,nan,nan,nan,nan,nan,nan,nan,nan,nan,nan,nan,nan,nan
2012-08-24,27,False,nan,nan,nan,nan,nan,nan,nan,nan,nan,nan,nan,nan,nan,nan,nan,nan,nan,nan,nan,nan,nan,nan,nan,nan,nan,nan,nan,nan,nan,nan,nan,nan,nan,nan,nan
2012-08-25,27,False,nan,nan,nan,nan,nan,nan,nan,nan,nan,nan,nan,nan,nan,nan,nan,nan,nan,nan,nan,nan,nan,nan,nan,nan,nan,nan,nan,nan,nan,nan,nan,nan,nan,nan,nan
2012-08-26,27,False,nan,nan,nan,nan,nan,nan,nan,nan,nan,nan,nan,nan,nan,nan,nan,nan,nan,nan,nan,nan,nan,nan,nan,nan,nan,nan,nan,nan,nan,nan,nan,nan,nan,nan,nan
2012-08-27,27,False,nan,nan,nan,nan,nan,nan,nan,nan,nan,nan,nan,nan,nan,nan,nan,nan,nan,nan,nan,nan,nan,nan,nan,nan,nan,nan,nan,nan,nan,nan,nan,nan,nan,nan,nan
2012-08-28,27,False,nan,nan,nan,nan,nan,nan,nan,nan,nan,nan,nan,nan,nan,nan,nan,nan,nan,nan,nan,nan,nan,nan,nan,nan,nan,nan,nan,nan,nan,nan,nan,nan,nan,nan,nan
2012-08-29,27,False,nan,nan,nan,nan,nan,nan,nan,nan,nan,nan,nan,nan,nan,nan,nan,nan,nan,nan,nan,nan,nan,nan,nan,nan,nan,nan,nan,nan,nan,nan,nan,nan,nan,nan,nan
2012-08-30,27,True,2.626580882664218,39.50617283950617,0.0004792739246782803,88.08003004931693,8.818576373892212,3.5437845027249546,0.0,2.657791813637929,39.96913580246913,0.0005235466743805098,89.41111697322977,9.005381408155932,3.707080978511848,0.0,2.643785052927235,39.73765432098765,0.0004984014893895282,88.68026285548515,8.29460072053277,3.626458115756474,0.0,-0.031210930973711193,-0.4629629629629619,-4.4272749702229536e-05,-1.3310869239128351,-0.18680503426372042,-0.16329647578689332,0.0,-0.017204170263017016,-0.23148148148148096,-1.9127564711247946e-05,-0.600232806168222,0.5239756533594413,-0.08267361303151954,0.0
2012-08-31,27,True,3.503980665713444,20.29320987654321,0.0002520962165302618,87.69096089963041,5.6380689756398805,3.723708380762454,0.0,3.5115240346208063,21.45061728395062,0.0002810942555896459,89.9974202717311,6.321190085489255,3.890927691554325,0.0,3.513848219335244,21.064814814814813,0.0002621000542951841,88.40850852860392,4.493621283828683,3.786220367498805,0.0,-0.007543368907362513,-1.1574074074074119,-2.8998039059384114e-05,-2.30645937210069,-0.6831211098493748,-0.16721931079187113,0.0,-0.009867553621800251,-0.7716049382716044,-1.0003837764922287e-05,-0.7175476289735059,1.1444476918111972,-0.06251198673635106,0.0
2012-09-01,27,True,3.656235247578012,25.46296296296296,0.00046640642189187093,97.4442394109972,5.3611724031332395,4.361066334153161,0.0,3.679234039688157,26.1574074074074,0.0005145521011678142,99.39712259437701,5.239590758154975,4.538293120367138,0.0,3.664640814907946,25.925925925925924,0.0004825704884618398,98.32709045510288,4.748762042904649,4.446288756911457,0.0,-0.022998792110144883,-0.6944444444444429,-4.8145679275943254e-05,-1.9528831833798108,0.12158164497826451,-0.1772267862139767,0.0,-0.008405567329933916,-0.46296296296296546,-1.6164066569968874e-05,-0.8828510441056778,0.6124103602285906,-0.08522242275829583,0.0
2012-09-02,27,True,3.2221946970280193,34.10493827160494,0.0006131554354179165,81.98952914758308,7.575360718656704,4.24488597195775,0.0,3.252701064417854,35.18518518518518,0.0006656226465030143,84.1275851972456,8.726003081685358,4.464412800539091,0.0,3.236536600255811,34.79938271604938,0.000622092434193171,82.62639043825044,7.844277370005189,4.306714561813775,0.0,-0.030506367389834477,-1.0802469135802468,-5.2467211085097804e-05,-2.1380560496625094,-1.1506423630286537,-0.21952682858134143,0.0,-0.014341903227791608,-0.6944444444444429,-8.936998775254529e-06,-0.6368612906673548,-0.2689166513484853,-0.06182858985602557,0.0
2012-09-03,27,True,2.939703851870944,33.101851851851855,0.0003651169792339486,86.32648371378681,6.263317855981595,3.421124427453015,0.0,2.960899714805374,34.49074074074075,0.0003783634044345881,88.85766628224485,7.759668619822891,3.5707445867307595,0.0,2.948525200365463,33.101851851851855,0.0003568730588229386,87.13694519039227,6.631028382157548,3.468213431201462,0.0,-0.021195862934429766,-1.3888888888888928,-1.324642520063947e-05,-2.5311825684580356,-1.4963507638412965,-0.1496201592777444,0.0,-0.008821348494518766,0.0,8.243920411010004e-06,-0.8104614766054539,-0.36771052617595323,-0.047089003748447045,0.0
2012-09-04,27,True,2.663055608419529,35.80246913580247,0.00033925321245578867,80.16597787811928,5.538616465715517,3.028076246053921,0.0,2.6897137477090785,37.65432098765433,0.0003642918960317855,82.67142535795126,6.425208170447161,3.204411192725046,0.0,2.6713549884333734,36.34259259259259,0.0003267497111106962,80.85355311326907,5.2933042264406724,3.0769169589339107,0.0,-0.02665813928954952,-1.8518518518518619,-2.503868357599682e-05,-2.505447479831986,-0.8865917047316438,-0.17633494667112526,0.0,-0.008299380013844448,-0.5401234567901199,1.2503501345092474e-05,-0.6875752351497937,0.24531223927484458,-0.04884071287998992,0.0
2012-09-05,27,True,2.342413901049247,41.126543209876544,0.0004729008582679809,86.20792884637841,8.890723074713572,3.259925296689649,0.0,2.365148131717685,43.90432098765433,0.0005041165034823656,88.69680891168161,8.905409713809588,3.4554767166527194,0.0,2.3483983142133518,42.361111111111114,0.0004786774275165111,87.03322801729377,8.918860616288537,3.3254760337372073,0.0,-0.022734230668437938,-2.7777777777777857,-3.1215645214384706e-05,-2.4888800653032064,-0.014686639096016307,-0.19555141996307057,0.0,-0.005984413164104918,-1.2345679012345698,-5.776569248530238e-06,-0.8252991709153576,-0.028137541574965397,-0.06555073704755854,0.0
2012-09-06,27,True,2.2312869933428074,37.65432098765433,0.0003746060883596199,79.56294569349465,5.725555069850698,2.6709270857760923,0.0,2.25498225649335,39.50617283950617,0.0003987301000535081,82.97518176206516,6.798597957799948,2.8247775213891857,0.0,2.239169801558919,38.65740740740741,0.0003671705350989999,80.60469581948519,6.69679712337988,2.7140939267613042,0.0,-0.02369526315054271,-1.8518518518518405,-2.4124011693888196e-05,-3.4122360685705075,-1.0730428879492502,-0.15385043561309342,0.0,-0.007882808216111759,-1.0030864197530818,7.435553260620015e-06,-1.0417501259905322,-0.9712420535291821,-0.04316684098521195,0.0
2012-09-07,27,True,2.909381281889741,27.391975308641968,0.00030356943200421236,86.91645030711635,4.885304514675187,3.2645983135950876,0.0,2.915473412589022,27.391975308641975,0.00032840037529009215,89.99701654567303,5.12071493096339,3.4098884387682995,0.0,2.917093891934599,27.546296296296298,0.00030765817170081653,87.83049770433631,4.363259704460313,3.303790421538277,0.0,-0.00609213069928094,-7.105427357601002e-15,-2.483094328587979e-05,-3.0805662385566848,-0.2354104162882038,-0.14529012517321194,0.0,-0.007712610044857904,-0.1543209876543301,-4.088739696604172e-06,-0.9140473972199601,0.5220448102148731,-0.03919210794318939,0.0
2012-09-08,27,True,2.578834633942706,36.651234567901234,0.0005532699620608405,86.24531347469959,11.18776381516664,3.323307588774762,0.0,2.6110149989257456,39.42901234567901,0.0006183277594868595,89.20573486234076,11.651815600236914,3.5575694816055314,0.0,2.5911513341812786,38.19444444444444,0.0005701427052703512,87.33539535913972,10.125990560919535,3.399993314499512,0.0,-0.032180364983039667,-2.7777777777777786,-6.505779742601897e-05,-2.9604213876411762,-0.4640517850702732,-0.23426189283076937,0.0,-0.012316700238572675,-1.5432098765432087,-1.6872743209510668e-05,-1.0900818844401385,1.0617732542471057,-0.07668572572474996,0.0
2012-09-09,27,True,2.517680811942733,27.85493827160494,0.0002909805087739263,74.38949507772725,3.7655018348273925,2.843105506275238,0.0,2.5443587233364906,29.55246913580247,0.00032064260766740516,77.42929779861838,4.486031581321193,3.0024684145055995,0.0,2.5309997344269486,29.24382716049383,0.00029788968546754115,75.20012965017936,3.5654164244964583,2.895069466253754,0.0,-0.026677911393757636,-1.6975308641975282,-2.966209889347887e-05,-3.0398027208911316,-0.7205297464938001,-0.15936290823036137,0.0,-0.013318922484215623,-1.3888888888888893,-6.909176693614856e-06,-0.8106345724521162,0.2000854103309342,-0.051963959978515994,0.0
2012-09-10,27,True,2.1559273911788814,40.35493827160494,0.00048233659861339945,80.28289773148572,8.395088174028668,2.820604098805969,0.0,2.1864574104585506,40.972222222222214,0.0005177631114886102,83.06299859649675,8.807120201594026,2.9747803936859896,0.0,2.1690165004069693,40.58641975308642,0.00047942330513000604,81.03433606622599,8.32585947752701,2.8570942566466395,0.0,-0.03053001927966914,-0.6172839506172778,-3.542651287521075e-05,-2.780100865011036,-0.41203202756535795,-0.1541762948800205,0.0,-0.013089109228087814,-0.23148148148148096,2.9132934833934077e-06,-0.7514383347402713,0.06922869650165886,-0.036490157840670445,0.0
2012-09-11,27,True,2.384896401317588,33.873456790123456,0.0002737489875270054,85.41805767126996,7.12970127228455,2.7901058855553624,0.0,2.398353174093725,34.79938271604938,0.00028552153857277677,87.96989406895936,7.9418186889785245,2.9174651639918414,0.0,2.3906788933288627,33.7962962962963,0.00025859535231671955,85.9243086104685,6.092941396326438,2.8157953862528906,0.0,-0.013456772776136994,-0.9259259259259238,-1.1772551045771359e-05,-2.5518363976893994,-0.8121174166939742,-0.12735927843647898,0.0,-0.005782492011274787,0.07716049382715795,1.5153635210285856e-05,-0.5062509391985373,1.0367598759581123,-0.025689500697528178,0.0
2012-09-12,27,True,2.2002279598199372,34.5679012345679,0.0003507130452040733,79.01123167135154,6.312730392225401,2.6589276960325963,0.0,2.2147122941780766,38.42592592592593,0.0003851831201115694,82.41693332167725,6.654010404544671,2.8333312202713197,0.0,2.208046068095629,35.57098765432099,0.00035110169573957477,80.39790520004726,5.492774596170783,2.7336047878530203,0.0,-0.014484334358139339,-3.8580246913580325,-3.44700749074961e-05,-3.4057016503257103,-0.3412800123192703,-0.1744035242387234,0.0,-0.007818108275691849,-1.0030864197530889,-3.8865053550148163e-07,-1.3866735286957237,0.819955796054618,-0.07467709182042404,0.0
2012-09-13,27,True,3.617193139147472,19.90740740740741,0.0002033229408319776,74.07984578296046,7.141998350428414,3.189639078094566,0.0,3.606006746334666,20.679012345679013,0.00022068962441151798,77.2880605596444,8.059093033130297,3.32742563984323,0.0,3.6311852609017468,20.75617283950617,0.00021380253678615128,75.19773918218289,6.720572699398082,3.2491472953303986,0.0,0.0111863928128062,-0.7716049382716044,-1.736668357954038e-05,-3.2082147766839455,-0.9170946827018831,-0.13778656174866377,0.0,-0.013992121754274667,-0.8487654320987623,-1.0479595954173684e-05,-1.1178933992224245,0.421425651030332,-0.05950821723583255,0.0
2012-09-14,27,True,3.084281170944649,40.50925925925925,0.0006888142665010703,88.47573969305894,13.056635733900977,4.268639734608599,0.0,3.110798330605886,40.972222222222214,0.0007114076455380355,89.9837030889051,12.120080942624245,4.393953460231118,0.0,3.1076806186961847,40.89506172839506,0.0007107618616312029,89.8724708516957,12.527605872707538,4.385175508477494,0.0,-0.026517159661237244,-0.4629629629629619,-2.259337903696523e-05,-1.5079633958461613,0.9365547912767322,-0.12531372562251875,0.0,-0.023399447751535796,-0.38580246913581107,-2.194759513013259e-05,-1.3967311586367543,0.5290298611934396,-0.11653577386889502,0.0
2012-09-15,27,True,3.0466198500119086,22.0679012345679,0.000389247959306029,74.42526191873958,4.070472804849774,2.928862406126183,0.0,3.045913940945902,23.99691358024691,0.00040137141295601837,76.3674712446331,3.790283587385615,3.0246182276053366,0.0,3.048032648604637,23.22530864197531,0.00038095900906392886,74.75398279142034,3.5503626298458393,2.933309402581648,0.0,0.0007059090660064271,-1.9290123456790127,-1.2123453649989378e-05,-1.942209325893515,0.28018921746415915,-0.09575582147915362,0.0,-0.0014127985927285813,-1.1574074074074119,8.288950242100134e-06,-0.328720872680762,0.5201101750039347,-0.00444699645546498,0.0
2012-09-16,27,True,2.728539553546438,30.63271604938272,0.0003757108390554773,83.66150257502389,5.234123361211803,3.002790280294252,0.0,2.75893992206492,32.87037037037037,0.00040669859252714935,86.52459658906773,6.472378714337937,3.165838200616642,0.0,2.7420523024275827,31.944444444444443,0.0003839444151919893,84.89368611872446,5.621279173726831,3.0717830424134203,0.0,-0.030400368518481713,-2.237654320987648,-3.098775347167205e-05,-2.8630940140438383,-1.2382553531261342,-0.16304792032239002,0.0,-0.01351274888114462,-1.3117283950617242,-8.233576136511993e-06,-1.2321835437005717,-0.3871558125150276,-0.06899276211916838,0.0
2012-09-17,27,True,3.0409212122898337,25.540123456790127,0.00031659365560574113,80.9195840197846,3.8278252689573034,3.4119556746874995,0.0,3.03833881977636,27.160493827160497,0.00034043710545534836,84.41117907148059,4.984069353637522,3.5749921825067665,0.0,3.0539058364416145,25.308641975308642,0.0003208869903266511,81.54191204125054,4.239847376017327,3.433344761004247,0.0,0.002582392513473586,-1.6203703703703702,-2.3843449849607226e-05,-3.4915950516959953,-1.1562440846802184,-0.16303650781926704,0.0,-0.01298462415178081,0.2314814814814845,-4.293334720909946e-06,-0.6223280214659468,-0.4120221070600234,-0.02138908631674763,0.0
2012-09-18,27,True,2.171674101047668,34.02777777777777,0.0004091432925315963,81.0265675324349,9.336164437657224,2.4676586247860075,0.0,2.196095820145312,35.80246913580247,0.00044814612686461204,84.53419804085885,10.078635165780474,2.6390378750697416,0.0,2.180758764993678,34.25925925925925,0.0004127910464634,83.0686182114333,9.25878121890079,2.555019819563147,0.0,-0.0244217190976439,-1.7746913580246968,-3.9002834333015765e-05,-3.507630508423958,-0.7424707281232497,-0.17137925028373413,0.0,-0.009084663946010263,-0.23148148148148096,-3.6477539318037207e-06,-2.0420506789984074,0.0773832187564345,-0.08736119477713933,0.0
2012-09-19,27,True,2.132014312056857,42.51543209876543,0.0005405712216215329,73.31776163415059,8.930184880636043,2.6593000043259254,0.0,2.152897899203754,43.90432098765433,0.0005836033782682038,76.29567070133766,9.160645452388904,2.8040323042602404,0.0,2.1353621036631285,42.51543209876543,0.0005480135142584184,74.31399667834724,7.925210006331656,2.7089479925563977,0.0,-0.020883587146896865,-1.3888888888889,-4.3032156646670926e-05,-2.9779090671870705,-0.23046057175286094,-0.14473229993431502,0.0,-0.003347791606271411,0.0,-7.442292636885509e-06,-0.9962350441966521,1.004974874304387,-0.04964798823047234,0.0
2012-09-20,27,True,1.915088302920246,36.80555555555556,0.00037546159460358507,71.8683115893828,7.2507755164630945,2.1965718951825473,0.0,1.9294459032851492,37.26851851851852,0.000388298302083204,73.95392040799318,7.2466860086338025,2.290517075016506,0.0,1.9279876691953528,36.95987654320987,0.00036631996792179023,72.24088652410656,7.281276608138108,2.222597798511741,0.0,-0.0143576003649033,-0.4629629629629619,-1.2836707479618953e-05,-2.085608818610382,0.004089507829291961,-0.09394517983395856,0.0,-0.012899366275106905,-0.1543209876543159,9.141626681794836e-06,-0.37257493472375813,-0.03050109167501347,-0.026025903329193856,0.0
2012-09-21,27,True,2.4394138067987936,24.845679012345677,0.00027979596247783577,70.23748372320391,4.75167146556462,2.3607057221099397,0.0,2.4340455277926165,25.925925925925924,0.0002935634955732585,73.21300374590462,5.980202203736267,2.4746644369851047,0.0,2.450343942188032,24.537037037037038,0.00028443035643179777,70.83102960806893,4.48523079278374,2.3923138564267257,0.0,0.00536827900617709,-1.0802469135802468,-1.376753309542271e-05,-2.9755200227007066,-1.2285307381716475,-0.11395871487516507,0.0,-0.010930135389238593,0.3086419753086389,-4.634393953962005e-06,-0.5935458848650228,0.26644067278088013,-0.031608134316785996,0.0
2012-09-22,27,True,2.1476993371748256,36.41975308641975,0.000450575401295526,63.87438010080851,7.714617871832094,2.0911704311219808,0.0,2.173053555528343,37.34567901234567,0.00047713513219534875,67.51396783646496,8.973552583279291,2.2056957538157134,0.0,2.154148207377466,36.41975308641975,0.0004452318016328431,64.87855064182746,7.138321728687437,2.1151166698055923,0.0,-0.025354218353517144,-0.9259259259259167,-2.6559730899822762e-05,-3.6395877356564483,-1.2589347114471972,-0.11452532269373261,0.0,-0.0064488702026404,0.0,5.343599662682892e-06,-1.0041705410189508,0.5762961431446572,-0.023946238683611565,0.0
2012-09-23,27,True,2.0145456711932233,30.40123456790123,0.00034047298808139354,55.72286394864585,3.4711939377960532,1.7168936262318382,0.0,2.0282935068623185,30.941358024691358,0.0003528660860475334,58.36935253014561,3.0640316876123763,1.808058022129527,0.0,2.0196660596918248,29.24382716049383,0.00033652473517993764,55.78886605649966,2.6433205590861277,1.726703857526347,0.0,-0.01374783566909521,-0.540123456790127,-1.239309796613984e-05,-2.64648858149976,0.4071622501836769,-0.09116439589768888,0.0,-0.005120388498601525,1.1574074074074012,3.948252901455891e-06,-0.06600210785380511,0.8278733787099255,-0.009810231294508753,0.0
2012-09-24,27,True,1.952974233379582,30.94135802469135,0.0003205027466031481,71.18711704656677,4.700547168204511,1.9740911323846952,0.0,1.9700307711265932,34.25925925925925,0.00034059468664929894,73.75992101480756,5.848755048538531,2.0731921701282716,0.0,1.957215631686527,32.48456790123457,0.00031560097372398645,71.7112084750252,4.502670876083726,1.994330434898322,0.0,-0.017056537747011102,-3.317901234567902,-2.009194004615086e-05,-2.572803968240791,-1.14820788033402,-0.09910103774357637,0.0,-0.004241398306944921,-1.5432098765432194,4.90177287916163e-06,-0.5240914284584335,0.19787629212078528,-0.02023930251362671,0.0
2012-09-25,27,True,3.0042863704938196,13.271604938271603,0.00012972006926087245,72.57787292034591,1.1391841129133053,2.2639014163408895,0.0,2.993493409096417,14.351851851851851,0.00013399030273298097,75.84532810019378,1.168402329725353,2.3640512626056713,0.0,3.0305617687347004,13.580246913580247,0.0001358961184005379,73.0921293250547,1.1585786580818327,2.287610828119808,0.0,0.01079296139740249,-1.0802469135802486,-4.27023347210852e-06,-3.2674551798478717,-0.029218216812047615,-0.10014984626478185,0.0,-0.026275398240880765,-0.30864197530864423,-6.176049139665444e-06,-0.5142564047087888,-0.019394545168527344,-0.02370941177891872,0.0
2012-09-26,27,True,2.232207838955822,37.808641975308646,0.00048105856507830265,78.27783431406081,10.466423753836702,2.624885331504517,0.0,2.261328524744731,40.27777777777777,0.0005188159329063833,81.23716496516849,11.208462547798954,2.791209360023113,0.0,2.2470281529351004,39.35185185185184,0.0004871489022272478,79.47011454270128,10.305198035156087,2.6898999929146896,0.0,-0.02912068578890903,-2.4691358024691255,-3.775736782808063e-05,-2.9593306511076776,-0.7420387939622515,-0.16632402851859585,0.0,-0.01482031397927841,-1.5432098765431945,-6.090337148945146e-06,-1.1922802286404703,0.16122571868061542,-0.06501466141017254,0.0
2012-09-27,27,True,1.9643263714064554,28.626543209876544,0.00023931397587347863,61.47705434817826,6.0866957809145585,1.793538634692939,0.0,1.9819686120869102,29.398148148148145,0.0002572568134144553,64.57910366317877,6.072826824181746,1.8943311595024421,0.0,1.9800573127778904,29.166666666666664,0.00023893562038424,61.469531556273154,5.07769186378925,1.8066641209289072,0.0,-0.017642240680454835,-0.7716049382716008,-1.7942837540976662e-05,-3.1020493150005137,0.01386895673281252,-0.10079252480950318,0.0,-0.015730941371435048,-0.5401234567901199,3.7835548923862046e-07,0.007522791905103077,1.009003917125309,-0.013125486235968209,0.0
2012-09-28,27,True,2.1990392617459005,27.314814814814813,0.0002608321075479302,74.34108240469719,7.115656379426574,1.6858602253945774,0.0,2.2050745784909114,26.851851851851855,0.0002743380740059612,76.76082676882302,6.645216162014598,1.7775938948019625,0.0,2.203926608314952,26.697530864197528,0.00026155188271849807,75.37636108916874,6.04445487772626,1.7322519745199159,0.0,-0.006035316745010899,0.46296296296295836,-1.3505966458030982e-05,-2.419744364125833,0.4704402174119764,-0.09173366940738514,0.0,-0.004887346569051321,0.6172839506172849,-7.197751705678625e-07,-1.0352786844715496,1.0712015017003145,-0.0463917491253385,0.0
2012-09-29,27,True,2.1606772298025674,24.76851851851852,0.0002605073113433076,70.10524739691132,4.610565702030726,1.890191442738177,0.0,2.18651792995032,27.932098765432094,0.00029362929894807154,74.28690902147247,5.888084685363047,2.083886975757628,0.0,2.1699480271627785,26.15740740740741,0.0002630640393652894,71.26383433595696,4.062326211023908,1.9522390158618295,0.0,-0.02584070014775275,-3.1635802469135754,-3.3121987604763916e-05,-4.181661624561144,-1.277518983332321,-0.1936955330194512,0.0,-0.00927079736021108,-1.3888888888888893,-2.5567280219817505e-06,-1.1585869390456338,0.548239491006818,-0.0620475731236525,0.0
2012-09-30,27,True,1.9647196815633439,36.26543209876543,0.0004736952131269826,70.56029105454934,7.155790894046169,1.7764412288510294,0.0,2.0025737374846333,37.73148148148149,0.0005451608608506032,74.38105175903203,8.393223999301107,1.9708648720969693,0.0,1.9810658572079785,35.49382716049383,0.0005015655902187677,71.96685998583949,7.298165198836279,1.8428311617190651,0.0,-0.03785405592128943,-1.466049382716058,-7.146564772362061e-05,-3.8207607044826943,-1.2374331052549374,-0.19442364324593986,0.0,-0.016346175644634586,0.7716049382716008,-2.7870377091785087e-05,-1.4065689312901526,-0.14237430479010982,-0.06638993286803574,0.0
2012-10-01,27,True,2.1914424196586855,22.453703703703702,0.00020177649750308989,54.74555994502807,2.7763153518167627,1.568575612916885,0.0,2.201891693939512,24.922839506172835,0.00022879230263233032,58.87090123670936,3.1188707784148075,1.681983285650815,0.0,2.1986133034193576,23.225308641975307,0.00019652595735002252,55.33918683545918,2.11062929326024,1.5881143211118842,0.0,-0.010449274280826426,-2.4691358024691326,-2.701580512924043e-05,-4.125341291681288,-0.34255542659804483,-0.11340767273392993,0.0,-0.007170883760672098,-0.7716049382716044,5.250540153067367e-06,-0.5936268904311106,0.6656860585565227,-0.019538708194999144,0.0
2012-10-02,27,True,2.2282242345411296,35.03086419753087,0.00038308896530718246,72.8613498717266,8.433967246012756,1.9438700199842056,0.0,2.245861755752617,36.26543209876543,0.00043816972951675817,76.84964071436774,8.484339427639938,2.1103709505598514,0.0,2.228538670233983,34.9537037037037,0.0003867421588302716,73.42768945364415,7.508822162813425,1.9621415540975993,0.0,-0.017637521211487428,-1.2345679012345627,-5.5080764209575715e-05,-3.9882908426411348,-0.050372181627182044,-0.16650093057564574,0.0,-0.00031443569285327655,0.07716049382716506,-3.6531935230891556e-06,-0.5663395819175463,0.9251450831993306,-0.01827153411339366,0.0
2012-10-03,27,True,1.8581103477984058,35.03086419753086,0.0003527350309996741,71.57527062042537,8.147936066726599,1.847243781067069,0.0,1.8705308090717356,38.117283950617285,0.00038490068187692323,75.60109321584618,8.816488582463775,2.019342758774415,0.0,1.853187778498466,35.41666666666667,0.0003398355307677695,72.07245181056541,6.91645960317911,1.8663096883834416,0.0,-0.012420461273329853,-3.0864197530864246,-3.216565087724914e-05,-4.025822595420806,-0.6685525157371757,-0.17209897770734583,0.0,0.0049225692999397275,-0.38580246913581107,1.2899500231904591e-05,-0.49718119014004003,1.231476463547489,-0.019065907316372588,0.0
2012-10-04,27,True,2.3560222386029457,30.478395061728396,0.00026704885087157397,59.30786226778464,5.323270752731932,1.6891448706431822,0.0,2.3634634971766735,32.0216049382716,0.00028149275639598317,62.67307143384798,5.689215152721109,1.7877797362369992,0.0,2.3592157477152735,30.324074074074076,0.00025625050707465,60.06037055496716,5.004021713684986,1.7028226369135275,0.0,-0.007441258573727794,-1.5432098765432052,-1.4443905524409197e-05,-3.3652091660633374,-0.3659443999891767,-0.09863486559381696,0.0,-0.0031935091123278525,0.15432098765431945,1.0798343796923995e-05,-0.7525082871825148,0.31924903904694624,-0.013677766270345337,0.0
2012-10-05,27,True,2.2930105844665887,24.614197530864192,0.00027923668293528063,63.26389886647254,4.385214768701589,1.7758151865909122,0.0,2.3077593243370584,27.00617283950617,0.00030653205089298615,66.67266775876227,4.734746557368245,1.8868523697016748,0.0,2.295468896102667,25.30864197530864,0.00027660406977748035,63.42821531045244,4.404239356867575,1.7859175004710635,0.0,-0.014748739870469763,-2.391975308641978,-2.7295367957705526e-05,-3.4087688922897357,-0.34953178866665624,-0.1110371831107626,0.0,-0.0024583116360781254,-0.6944444444444464,2.6326131578002744e-06,-0.16431644397989942,-0.019024588165986067,-0.010102313880151259,0.0
2012-10-06,27,True,3.651454405145446,14.814814814814813,0.00019304816086819517,69.70618565961585,2.9344699408232335,2.684388183767751,0.0,3.625189236133716,15.432098765432098,0.00019837380911287474,73.03365330696569,2.9397340021894807,2.78537836318422,0.0,3.674884001505392,15.046296296296296,0.00019429574329547956,69.86189033908597,2.94996334369884,2.7201063579543616,0.0,0.026265169011729927,-0.6172839506172849,-5.325648244679568e-06,-3.3274676473498346,-0.00526406136624713,-0.10099017941646915,0.0,-0.023429596359946014,-0.23148148148148273,-1.24758242728439e-06,-0.15570467947011934,-0.01549340287560641,-0.03571817418661061,0.0
2012-10-07,27,True,2.1522245925127317,42.824074074074076,0.0006929400461261835,67.76117874073466,13.79239850898285,2.7278808115274797,0.0,2.194298486540604,43.51851851851851,0.0007561840348116359,71.04247871967782,15.218578488657215,2.9250105527767136,0.0,2.170071696013288,42.82407407407407,0.0007148222551069637,69.31664126204006,13.610221408094425,2.8154686882412427,0.0,-0.04207389402787243,-0.6944444444444358,-6.324398868545245e-05,-3.281299978943153,-1.426179979674366,-0.19712974124923388,0.0,-0.017847103500556294,7.105427357601002e-15,-2.188220898078025e-05,-1.555462521305401,0.1821771008884241,-0.087587876713763,0.0
2012-10-08,27,True,2.323084016473875,20.52469135802469,0.000209324478750302,40.10922707723937,4.2997492387435505,1.6073216023470671,0.0,2.321453188705741,21.91358024691358,0.0002102995343251003,42.651277099353386,3.1928019865861073,1.6584569840797467,0.0,2.3374235165934567,20.29320987654321,0.00021245345632323997,40.12964993921251,3.072196015742041,1.5994201577770986,0.0,0.0016308277681340577,-1.3888888888888893,-9.750555747983e-07,-2.5420500221140188,1.1069472521574433,-0.05113538173267962,0.0,-0.01433950011958185,0.23148148148148096,-3.128977572937965e-06,-0.020422861973145245,1.2275532230015096,0.007901444569968552,0.0
2012-10-09,27,True,2.5303668631725795,33.48765432098766,0.0004951531805839792,50.04843950357514,13.334954521963772,2.4944560249743923,0.0,2.5208616131329515,34.02777777777777,0.0005123903611731034,52.50133482811901,14.293261459566496,2.554509421529048,0.0,2.5228070633011384,33.02469135802469,0.0004919580718887546,50.797498139154705,13.676551627532186,2.4947114130395587,0.0,0.009505250039627988,-0.5401234567901128,-1.723718058912419e-05,-2.4528953245438743,-0.9583069376027247,-0.06005339655465569,0.0,0.007559799871441175,0.462962962962969,3.1951086952245866e-06,-0.7490586355795656,-0.3415971055684146,-0.00025538806516633983,0.0
2012-10-10,27,True,1.9209043728462671,42.05246913580247,0.0006108952283248446,50.46442144026191,11.661020773592194,2.0891440953787437,0.0,1.9486010793869961,42.43827160493827,0.0006447792221127043,54.01501028154858,12.811789407034983,2.240173202356474,0.0,1.9251658757796,42.20679012345679,0.0006011900572954074,51.25126019429657,10.86919712112944,2.1093613412824634,0.0,-0.027696706540728977,-0.38580246913580396,-3.388399378785969e-05,-3.550588841286668,-1.1507686334427891,-0.15102910697773053,0.0,-0.004261502933332828,-0.154320987654323,9.705171029437184e-06,-0.7868387540346617,0.7918236524627531,-0.02021724590371976,0.0
2012-10-11,27,True,3.4811992940485,12.191358024691358,0.00016825490474920137,45.843692393396154,0.5960224404505773,2.2086282891091216,0.0,3.469770422758699,12.268518518518519,0.0001573901950318344,48.2611909159767,0.1910483014835337,2.2396400630552673,0.0,3.5111575747147024,11.882716049382715,0.00016545833848833786,45.59758049803845,0.0,2.200156398777756,0.0,0.011428871289800746,-0.0771604938271615,1.0864709717366985e-05,-2.4174985225805443,0.4049741389670436,-0.031011773946145738,0.0,-0.02995828066620243,0.30864197530864246,2.796566260863508e-06,0.24611189535770706,0.5960224404505773,0.008471890331365639,0.0
2012-10-12,27,True,4.7423901676306395,12.191358024691358,0.00012926606329449134,68.2642498478764,5.541126017535047,3.5914645376028465,0.0,4.746891358211356,12.268518518518517,0.00015245546106793664,71.53592757951276,7.909873293386233,3.7586880981416027,0.0,4.752117521797408,12.268518518518517,0.0001446805917288116,70.11053575804542,7.57097713809006,3.6943973430489794,0.0,-0.004501190580716852,-0.07716049382715973,-2.3189397773445297e-05,-3.271677731636359,-2.3687472758511854,-0.1672235605387562,0.0,-0.00972735416676862,-0.07716049382715973,-1.5414528434320253e-05,-1.8462859101690157,-2.029851120555013,-0.10293280544613292,0.0
2012-10-13,27,True,2.5297919142521823,40.277777777777786,0.0007794146716159298,70.74971526510359,12.564920749818699,3.1017276149516864,0.0,2.5397019159165275,39.81481481481481,0.0007771757880388258,71.5663267676788,12.365100947356744,3.1285560674865174,0.0,2.531211868960063,40.0462962962963,0.000767380684451726,70.93824726261114,12.032277326643282,3.093856559690045,0.0,-0.009910001664345192,0.4629629629629761,2.238883577104062e-06,-0.8166115025752134,0.1998198024619544,-0.026828452534831015,0.0,-0.0014199547078805885,0.23148148148148806,1.203398716420384e-05,-0.18853199750755323,0.5326434231754167,0.007871055261641224,0.0
2012-10-14,27,True,2.2489257476987397,29.938271604938272,0.0003681422280085527,46.968596742981894,7.7996405512034,1.8839080587903205,0.0,2.2467468655211027,29.938271604938272,0.0003589602201098262,48.344487168577125,5.303790498370158,1.8927040362390755,0.0,2.245411461733346,28.086419753086417,0.0003387954105486906,46.15364619752133,5.350673982490201,1.8275607379749568,0.0,0.002178882177636954,0.0,9.18200789872648e-06,-1.3758904255952302,2.4958500528332426,-0.008795977448754932,0.0,0.0035142859653936043,1.8518518518518547,2.934681745986209e-05,0.8149505454605617,2.4489665687131996,0.056347320815363755,0.0
2012-10-15,27,True,2.062690551887332,37.57716049382716,0.0006304988642798114,54.52590364859932,10.905112879463013,2.235279268229391,0.0,2.0766114766577406,38.65740740740741,0.0006444921022253756,56.18740638596816,11.861223730082578,2.3156024567195406,0.0,2.056331112220643,38.271604938271615,0.0006108014564025183,54.27785526251934,10.036870774929403,2.2098213647224663,0.0,-0.013920924770408405,-1.080246913580254,-1.3993237945564199e-05,-1.661502737368842,-0.9561108506195648,-0.08032318849014963,0.0,0.00635943966668906,-0.6944444444444571,1.9697407877293082e-05,0.24804838607997937,0.8682421045336106,0.025457903506924673,0.0
2012-10-16,27,True,2.2808849675456093,34.33641975308642,0.00044401263557469913,57.03455496534087,7.8666550704411025,1.9554986537782628,0.0,2.2935350995482624,34.41358024691358,0.0004719885024602888,58.89441415387279,7.889487412153934,2.035127967088414,0.0,2.277906433603879,34.5679012345679,0.00042066961286927115,55.91377825144847,7.174356609647956,1.9122110264632344,0.0,-0.01265013200265308,-0.07716049382716506,-2.7975866885589695e-05,-1.859859188531921,-0.02283234171283155,-0.0796293133101511,0.0,0.0029785339417305323,-0.23148148148148096,2.3343022705427975e-05,1.120776713892397,0.6922984607931468,0.04328762731502844,0.0
2012-10-17,27,True,1.6989455020940947,42.901234567901234,0.0004908549397862801,47.709131506743844,10.269323097931087,1.7107821475308487,0.0,1.7063979090937307,42.82407407407407,0.0004899980381225846,49.80329717110911,10.671834874071669,1.7688010210082552,0.0,1.6958313066651787,41.51234567901234,0.0004649033507927983,47.33377969127181,9.675079748031541,1.671973698501629,0.0,-0.007452406999636008,0.07716049382716506,8.56901663695564e-07,-2.0941656643652635,-0.40251177614058165,-0.05801887347740653,0.0,0.003114195428916,1.3888888888888928,2.595158899348183e-05,0.3753518154720368,0.5942433498995463,0.03880844902921976,0.0
2012-10-18,27,True,1.7814233154774637,33.10185185185185,0.00032975240626461076,45.31051445831972,7.0540243577041934,1.4677340177672542,0.0,1.7721109434937516,34.876543209876544,0.00032718634681051795,47.08172084671748,6.474149162654013,1.5006308572276357,0.0,1.774914196380381,32.098765432098766,0.0002989909112503314,44.68324857325166,6.502830096709739,1.4218844019386765,0.0,0.009312371983712042,-1.7746913580246968,2.566059454092815e-06,-1.7712063883977578,0.5798751950501808,-0.032896839460381466,0.0,0.006509119097082738,1.0030864197530818,3.0761495014279376e-05,0.6272658850680628,0.5511942609944542,0.04584961582857772,0.0
2012-10-19,27,True,1.944675535270558,34.02777777777777,0.0003772388572515051,50.56059951151026,7.003865622006576,1.6938379586185577,0.0,1.9590518180711272,33.56481481481481,0.0003948755478242222,51.741252215578626,7.613338391824256,1.7603183677437326,0.0,1.9565439128535007,32.33024691358025,0.0003704248273747582,50.23060151050105,6.621013636022025,1.686072648202163,0.0,-0.014376282800569129,0.4629629629629619,-1.7636690572717085e-05,-1.1806527040683648,-0.6094727698176801,-0.06648040912517494,0.0,-0.01186837758294268,1.6975308641975246,6.814029876746862e-06,0.3299980010092085,0.3828519859845514,0.007765310416394611,0.0
2012-10-20,27,True,2.0422841223947916,33.873456790123456,0.00046473615157012856,48.30497185225155,6.4334096478554725,1.7265887447996553,0.0,2.055876958280856,36.26543209876543,0.0004976653284651796,50.563329886978174,7.92118533255913,1.8044187996176706,0.0,2.0454855746513485,35.879629629629626,0.0004684322308765516,48.039037567475965,6.957411474243844,1.7083749358886569,0.0,-0.013592835886064414,-2.3919753086419746,-3.292917689505108e-05,-2.2583580347266263,-1.4877756847036574,-0.0778300548180153,0.0,-0.0032014522565568804,-2.0061728395061706,-3.696079306423055e-06,0.26593428477558234,-0.5240018263883712,0.01821380891099844,0.0
2012-10-21,27,True,2.813266634483525,18.75,0.00019468144142705752,49.42877387257462,3.9103719337438836,1.8452436110898414,0.0,2.832160780488989,19.830246913580243,0.0001985183400005867,50.58549305128826,4.528911904730693,1.8784034633069782,0.0,2.865847110237559,19.290123456790123,0.00019704304767458904,48.05377442095071,3.4880683412690496,1.8326542079185748,0.0,-0.01889414600546413,-1.0802469135802433,-3.836898573529178e-06,-1.1567191787136437,-0.6185399709868094,-0.0331598522171368,0.0,-0.05258047575403424,-0.5401234567901234,-2.361606247531519e-06,1.374999451623907,0.42230359247483396,0.012589403171266556,0.0
2012-10-22,27,True,2.570169509011294,27.9320987654321,0.0003553419199133772,57.978736520415055,12.987716335639718,2.112475588617624,0.0,2.577933756818684,29.320987654320984,0.0003775451851794666,61.50167757156837,11.296174351233104,2.2565758601423553,0.0,2.5774290603471237,28.858024691358025,0.00035437215957622267,58.77570580384428,10.818170759121118,2.1517439170389814,0.0,-0.007764247807390046,-1.3888888888888822,-2.2203265266089412e-05,-3.5229410511533175,1.691541984406614,-0.14410027152473148,0.0,-0.007259551335829784,-0.9259259259259238,9.697603371545353e-07,-0.7969692834292275,2.1695455765185994,-0.03926832842135752,0.0
2012-10-23,27,True,1.983968327773967,32.48456790123457,0.00040873072262284,38.17881763437056,10.156346538577749,1.6780858862315284,0.0,1.9935779256820443,33.33333333333333,0.0004184561297595957,40.17018604221171,10.715843394869554,1.7300750187756706,0.0,1.986721451788943,31.790123456790127,0.00038275469744986334,38.194872662271685,10.322391800456895,1.646716726897158,0.0,-0.00960959790807725,-0.8487654320987588,-9.725407136755712e-06,-1.9913684078411507,-0.5594968562918048,-0.05198913254414217,0.0,-0.0027531240149760716,0.6944444444444429,2.5976025172976642e-05,-0.016055027901124674,-0.16604526187914637,0.031369159334370345,0.0
2012-10-24,27,True,1.815059020746357,38.73456790123457,0.0004742694543175166,37.129042689158,7.987455000314647,1.6095158649188475,0.0,1.8257820344501525,37.57716049382716,0.0004578811551837624,38.19916746177756,8.30248569770809,1.6156292930401002,0.0,1.8139644212485353,36.882716049382715,0.00042985395708334596,36.39666613150265,7.989687791064384,1.5470860056275961,0.0,-0.01072301370379547,1.1574074074074119,1.6388299133754164e-05,-1.0701247726195646,-0.3150306973934427,-0.006113428121252706,0.0,0.0010945994978217577,1.8518518518518547,4.441549723417063e-05,0.7323765576553498,-0.0022327907497370347,0.06242985929125133,0.0
2012-10-25,27,True,2.1128921040281887,29.706790123456788,0.0004269606379186687,46.6376473566131,9.19658877664059,1.7101669609364016,0.0,2.1350838962610954,29.938271604938272,0.00044645590282534715,48.47827450118157,9.378481214785138,1.7669032466328392,0.0,2.127256177712368,29.166666666666668,0.0004133065164912407,45.465550852137845,8.819742206437281,1.655378308975309,0.0,-0.022191792232906682,-0.2314814814814845,-1.9495264906678423e-05,-1.8406271445684723,-0.1818924381445477,-0.056736285696437516,0.0,-0.014364073684179246,0.5401234567901199,1.365412142742805e-05,1.172096504475256,0.37684657020330903,0.05478865196109273,0.0
2012-10-26,27,True,1.8178755077451394,33.48765432098765,0.0003169149914345469,53.694157619892856,6.9435116604405405,1.5386088960967386,0.0,1.8355818299229791,35.80246913580247,0.00032748574904378205,55.125053963876354,7.250872821100367,1.6193117532321877,0.0,1.8352966668929955,32.48456790123457,0.00029769295956208697,52.506850078996514,6.677972382534161,1.5006628867576035,0.0,-0.01770632217783974,-2.3148148148148167,-1.0570757609235169e-05,-1.4308963439834983,-0.3073611606598261,-0.08070285713544911,0.0,-0.017421159147856136,1.0030864197530818,1.9222031872459912e-05,1.1873075408963416,0.2655392779063792,0.037946009339135056,0.0
2012-10-27,27,True,1.8867653416414778,36.882716049382715,0.0005224097700535765,53.13587049359517,8.903766633705576,1.8677985488664515,0.0,1.9090468199329715,38.65740740740741,0.0005493400079288473,56.348974058339614,9.51072123665877,2.007891104124269,0.0,1.891494817903679,36.7283950617284,0.0005129495777959464,53.551569141693314,8.845459284192916,1.8834386433886638,0.0,-0.02228147829149374,-1.7746913580246968,-2.6930237875270793e-05,-3.2131035647444435,-0.6069546029531931,-0.1400925552578176,0.0,-0.004729476262201215,0.1543209876543159,9.460192257630153e-06,-0.41569864809814305,0.05830734951265981,-0.015640094522212378,0.0
2012-10-28,27,True,2.1458691237725476,30.40123456790123,0.00037332504196890365,50.04676499691193,11.04017742786009,1.7574018438898185,0.0,2.1347961107980007,32.33024691358025,0.0003808805591936015,52.38558047491103,8.418158865938869,1.8134760000907717,0.0,2.1369922773792576,31.095679012345673,0.00034826435140598394,48.71886932553031,7.766942092935603,1.7069585139808634,0.0,0.01107301297454688,-1.9290123456790162,-7.555517224697877e-06,-2.3388154779990984,2.6220185619212213,-0.05607415620095324,0.0,0.008876846393290005,-0.6944444444444429,2.5060690562919707e-05,1.3278956713816257,3.273235334924488,0.05044332990895506,0.0
2012-10-29,27,True,1.9937307585006765,33.4104938271605,0.00048035507154675037,42.174714930978276,9.174710237559324,1.8632762747825762,0.0,1.992091741564759,33.71913580246914,0.0005076863904028538,43.97602816931003,9.202159913955201,1.9252471756799174,0.0,1.9845129766269172,32.48456790123457,0.00046625866237962125,41.42372435120793,8.14721574305449,1.8277506828234518,0.0,0.0016390169359175033,-0.3086419753086389,-2.733131885610348e-05,-1.8013132383317512,-0.02744967639587692,-0.06197090089734125,0.0,0.009217781873759323,0.9259259259259309,1.4096409167129115e-05,0.7509905797703453,1.0274944945048343,0.035525591959124414,0.0
2012-10-30,27,True,1.8611179367593111,34.02777777777777,0.00033877074130902394,39.74239148862428,8.1852858514374,1.4494465345511522,0.0,1.8618902695266317,33.4104938271605,0.0003391989135632571,41.103620782671996,8.974442258912642,1.4575125990213564,0.0,1.8634818310197445,32.175925925925924,0.0003082130458729408,38.33279234706881,7.542027798959869,1.3837572806676122,0.0,-0.0007723327673205826,0.6172839506172707,-4.281722542331381e-07,-1.3612292940477175,-0.7891564074752431,-0.008066064470204193,0.0,-0.0023638942604333746,1.8518518518518476,3.0557695436083136e-05,1.4095991415554678,0.6432580524775302,0.06568925388354008,0.0
2012-10-31,27,True,1.6302685682762474,38.11728395061728,0.0004321817372243276,47.80248191101942,9.224313689102832,1.359091609011386,0.0,1.6406992380065817,38.88888888888889,0.0004498189607221618,49.962328837243845,10.098453260179486,1.4241555916488797,0.0,1.6287979692559196,36.49691358024691,0.00040706066156392663,46.982838945182564,9.605031932589759,1.3289512971968893,0.0,-0.010430669730334241,-0.771604938271615,-1.7637223497834207e-05,-2.159846926224425,-0.874139571076654,-0.06506398263749369,0.0,0.0014705990203278674,1.6203703703703667,2.5121075660400978e-05,0.8196429658368558,-0.3807182434869265,0.030140311814496723,0.0
2012-11-01,27,True,2.9856496635652947,21.219135802469133,0.00020963107033741208,43.880774401739956,7.9983421845864,1.926832183597839,0.0,3.042222690169951,23.533950617283946,0.00023693545106185266,45.12147598019754,9.202651758026878,1.9910769499020193,0.0,3.0581016793062217,22.530864197530864,0.00021264726592993083,42.27394634746768,8.162789228092233,1.9213371304818008,0.0,-0.05657302660465646,-2.314814814814813,-2.7304380724440576e-05,-1.2407015784575819,-1.2043095734404785,-0.0642447663041803,0.0,-0.07245201574092697,-1.3117283950617313,-3.0161955925187434e-06,1.6068280542722775,-0.1644470435058336,0.005495053116038262,0.0
2012-11-02,27,True,1.9916424079810024,38.348765432098766,0.0006480333090381202,60.3759331173712,13.973137128277259,2.0731463259717593,0.0,1.999533432462586,39.120370370370374,0.0006643684073811938,62.39652648081031,13.759495114392832,2.155973706380634,0.0,1.9828902045021541,38.888888888888886,0.0006370397121766472,60.353969545629035,13.170927414687238,2.06423047110353,0.0,-0.00789102448158352,-0.7716049382716079,-1.633509834307362e-05,-2.0205933634391116,0.21364201388442616,-0.0828273804088746,0.0,0.008752203478848308,-0.5401234567901199,1.0993596861472946e-05,0.021963571742162458,0.8022097135900204,0.0089158548682291,0.0
2012-11-03,27,True,2.838315896103821,11.959876543209875,9.755414242932523e-05,53.521804681973215,4.136769485489927,1.8013364203509243,0.0,2.859299002921045,11.651234567901232,0.00010792517707913751,55.84721909126987,4.232543389960544,1.855774806447716,0.0,2.895659295929334,11.651234567901232,0.00010305053621218416,52.678628197485104,4.008761861497165,1.7851360217489312,0.0,-0.02098310681722415,0.30864197530864246,-1.0371034649812275e-05,-2.3254144092966555,-0.09577390447061696,-0.054438386096791636,0.0,-0.057343399825513064,0.30864197530864246,-5.4963937828589305e-06,0.8431764844881116,0.12800762399276167,0.016200398601993182,0.0
2012-11-04,27,True,1.8811918812212884,37.5,0.0005900513653742458,61.66955060808291,10.437781091376378,2.100047447513894,0.0,1.9062622472567197,37.42283950617284,0.00060652658183189,63.56662474455843,10.296930875872224,2.207460247376756,0.0,1.889209571910509,37.191358024691354,0.0005789061057196879,61.64083866365048,9.992954838842925,2.0998447317806583,0.0,-0.025070366035431224,0.07716049382715795,-1.6475216457644188e-05,-1.8970741364755241,0.14085021550415355,-0.10741279986286223,0.0,-0.008017690689220647,0.308641975308646,1.1145259654557894e-05,0.028711944432430414,0.44482625253345276,0.00020271573323560332,0.0
2012-11-05,27,True,1.9131159623720366,38.19444444444444,0.000531690618081575,40.5313026471314,10.379786663749073,1.6097895303470522,0.0,1.922573466976698,40.58641975308642,0.0005480729758448844,43.11758616705482,7.987710261084267,1.656667924926713,0.0,1.9102307925606288,38.966049382716044,0.0004990726019178899,39.284085607267215,7.609966963319903,1.5513023953876042,0.0,-0.009457504604661437,-2.3919753086419746,-1.6382357763309436e-05,-2.5862835199234198,2.392076402664806,-0.04687839457966092,0.0,0.0028851698114078506,-0.7716049382716008,3.2618016163685074e-05,1.2472170398641822,2.76981970042917,0.05848713495944802,0.0
2012-11-06,27,True,2.027960985765234,28.39506172839506,0.00029972391027134566,48.07515100533808,6.119105575435242,1.4176074260702785,0.0,2.040587037647251,30.401234567901238,0.0003186892303239865,50.20781026361819,6.554056662182852,1.4794613603024525,0.0,2.0268155155296252,28.78086419753086,0.000278683669206415,47.818435740885256,5.319553079899571,1.3849758611223766,0.0,-0.012626051882016931,-2.0061728395061778,-1.8965320052640822e-05,-2.132659258280114,-0.43495108674760985,-0.061853934232174,0.0,0.0011454702356088475,-0.3858024691358004,2.104024106493066e-05,0.2567152644528221,0.7995524955356705,0.03263156494790187,0.0
2012-11-07,27,True,2.3434524610329146,19.058641975308642,0.0001356376597496964,50.06792490196796,4.5816143789331205,1.5331041587885852,0.0,2.3469004850795265,20.75617283950617,0.0001416796271887142,52.51457979620575,4.653768788455103,1.6339924527476146,0.0,2.3714470816607336,18.98148148148148,0.00012686078851734017,50.104294182747914,4.613567703964134,1.5389434039633691,0.0,-0.0034480240466119305,-1.6975308641975282,-6.041967439017817e-06,-2.4466548942377884,-0.07215440952198282,-0.10088829395902943,0.0,-0.02799462062781899,0.0771604938271615,8.776871232356223e-06,-0.03636928077995094,-0.031953325031013335,-0.005839245174783958,0.0
2012-11-08,27,True,2.236898692348083,28.935185185185187,0.000269724653641288,53.53129233278028,7.5891045295600765,1.7921164000937404,0.0,2.257567299978224,29.166666666666668,0.00030038371358764485,55.986775458206615,8.297827010280336,1.8963727954381484,0.0,2.2518457906204326,29.398148148148145,0.000280978705148932,54.216132230260584,7.715313849505617,1.824953838260324,0.0,-0.020668607630141,-0.23148148148148096,-3.0659059946356844e-05,-2.4554831254263334,-0.7087224807202599,-0.104256395344408,0.0,-0.014947098272349635,-0.46296296296295836,-1.1254051507644e-05,-0.6848398974803018,-0.12620931994554052,-0.03283743816658369,0.0
2012-11-09,27,True,1.9899182061630654,29.243827160493822,0.0003529124486078996,46.409773982480566,7.408064259394291,1.5826446224118924,0.0,2.0118731560965806,31.095679012345673,0.00037654107566990414,49.437841272039584,8.094860286768691,1.6722986351247866,0.0,2.006676596846051,28.703703703703702,0.00034967656940253184,47.28941408126261,7.644805692764316,1.5989933864908439,0.0,-0.02195494993351521,-1.8518518518518512,-2.362862706200452e-05,-3.0280672895590186,-0.6867960273743998,-0.0896540127128942,0.0,-0.01675839068298557,0.5401234567901199,3.2358792053677763e-06,-0.8796400987820476,-0.23674143337002462,-0.016348764078951472,0.0
2012-11-10,27,True,3.3707980968523747,13.271604938271606,0.00014331356958633028,49.88016461764279,5.257169861375343,2.193743675784089,0.0,3.3635410868152897,13.348765432098766,0.00014485448373348757,52.75726749940979,5.290983490813236,2.2525130848133608,0.0,3.4070416396184497,13.117283950617283,0.0001471800673348822,49.55507448498798,5.3318343637356875,2.21136046168749,0.0,0.00725701003708501,-0.07716049382715973,-1.5409141471572929e-06,-2.8771028817670015,-0.03381362943789323,-0.058769409029271635,0.0,-0.036243542766075,0.154320987654323,-3.8664977485519225e-06,0.32509013265480746,-0.07466450236034472,-0.017616785903400878,0.0
2012-11-11,27,True,1.8786847309046106,49.30555555555555,0.0007955614556850394,68.20651158870321,16.927398848153718,2.566485769477882,0.0,1.916969779082952,49.845679012345684,0.0008457123699615728,70.27421542157218,16.723079012493685,2.710708761448025,0.0,1.8925419107165913,49.151234567901234,0.0008084013087958363,68.87346007160464,16.316709851488817,2.6130083718289594,0.0,-0.03828504817834144,-0.5401234567901341,-5.015091427653339e-05,-2.067703832868972,0.20431983566003353,-0.144222991970143,0.0,-0.013857179811980647,0.1543209876543159,-1.2839853110796907e-05,-0.6669484829014323,0.6106889966649014,-0.04652260235107741,0.0
2012-11-12,27,True,1.457208155074646,43.98148148148148,0.0005557903351645255,32.30366010051219,10.925402217174321,1.3647229553800133,0.0,1.462900064583253,44.05864197530864,0.0005481040590344039,34.069688151683394,10.667636469863622,1.3721199992918884,0.0,1.4473926611155858,43.132716049382715,0.0005059451585883666,31.02583558626188,10.384521388180767,1.2866295615402628,0.0,-0.005691909508606985,-0.07716049382715795,7.68627613012161e-06,-1.7660280511712045,0.25776574731069957,-0.007397043911875123,0.0,0.009815493959060229,0.8487654320987659,4.9845176576158935e-05,1.2778245142503089,0.5408808289935543,0.07809339383975056,0.0
2012-11-13,27,True,1.6659561112592687,31.095679012345677,0.00033946038501632804,40.17828752218456,7.275817967087324,1.3295119680347653,0.0,1.673962576165284,31.944444444444443,0.0003341882848886071,41.548598088088355,7.408955484978078,1.3736676946473998,0.0,1.6732295481877624,30.709876543209873,0.0003140973261713852,39.42034379006993,7.015214270458609,1.2918550553268693,0.0,-0.00800646490601542,-0.8487654320987659,5.272100127720961e-06,-1.370310565903793,-0.1331375178907539,-0.04415572661263445,0.0,-0.007273436928493693,0.38580246913580396,2.5363058844942842e-05,0.757943732114633,0.2606036966287153,0.03765691270789606,0.0
2012-11-14,27,True,2.9347317686791894,7.79320987654321,7.448871046866088e-05,48.25797074178451,0.3364128247685839,1.8417550352970447,0.0,2.9273361942485647,8.179012345679011,7.974097143190453e-05,50.70650208886729,0.3687788054680175,1.9069452983997648,0.0,2.9640574032150604,7.638888888888888,7.214641522225572e-05,47.817548724717504,0.41078143573028036,1.8288478674899116,0.0,0.007395574430624663,-0.3858024691358013,-5.252260963243646e-06,-2.4485313470827776,-0.03236598069943358,-0.06519026310272014,0.0,-0.029325634535871004,0.15432098765432123,2.3422952464051633e-06,0.44042201706700723,-0.07436861096169645,0.01290716780713308,0.0
2012-11-15,27,True,2.157784751963909,34.25925925925925,0.00041700932254344815,59.395934418863035,12.82369699895892,2.1752142970050903,0.0,2.172314549310742,35.41666666666667,0.0004343441495065831,61.77951221245519,13.423570007391062,2.281830970412073,0.0,2.1638697498430064,34.79938271604938,0.0004201328117565435,61.09565728119494,12.544098242063738,2.2512930640129714,0.0,-0.014529797346833018,-1.157407407407419,-1.733482696313494e-05,-2.3835777935921527,-0.5998730084321426,-0.10661667340698289,0.0,-0.006084997879097553,-0.540123456790127,-3.1234892130953306e-06,-1.6997228623319032,0.2795987568951812,-0.07607876700788108,0.0
2012-11-16,27,True,3.531869031020106,9.25925925925926,6.915328133109384e-05,46.843594279663726,0.6589064716557068,2.1371341740666954,0.0,3.5513736197301564,10.570987654320989,7.257406007033311e-05,48.88669141248793,0.5825784235056292,2.1806947806948003,0.0,3.5899844011675817,10.416666666666668,7.209020022034061e-05,46.18158194217345,0.6126561161887949,2.134834916759436,0.0,-0.019504588710050452,-1.3117283950617296,-3.4207787392392627e-06,-2.043097132824201,0.07632804815007765,-0.0435606066281049,0.0,-0.0581153701474757,-1.1574074074074083,-2.9369188892467704e-06,0.6620123374902747,0.04625035546691192,0.002299257307259328,0.0
2012-11-17,27,True,2.5993420356390664,32.0216049382716,0.0004838443316982968,79.72163353878015,12.170032368257601,3.18173762407492,0.0,2.597178820986466,32.71604938271605,0.00048013753234102743,79.90239532258559,11.738470082712293,3.1983168086869327,0.0,2.6016492767561883,32.94753086419753,0.00048549790720177105,80.25742747878977,12.35896870915257,3.2227013598789163,0.0,0.002163214652600498,-0.69444444444445,3.706799357269363e-06,-0.18076178380543695,0.43156228554530784,-0.01657918461201291,0.0,-0.002307241117121883,-0.9259259259259309,-1.653575503474255e-06,-0.5357939400096114,-0.18893634089496913,-0.04096373580399648,0.0
2012-11-18,27,True,2.370706462746238,25.694444444444443,0.000299805580316514,57.574163988334156,9.215493171357133,2.0947361906721595,0.0,2.3615431546879693,28.3179012345679,0.0003058544599444172,60.066133984710675,9.019715983067911,2.164123348688935,0.0,2.3649040845538147,26.543209876543212,0.0002836542811980244,57.27777631224645,7.996882952862073,2.0658301134834476,0.0,0.009163308058268704,-2.6234567901234556,-6.048879627903157e-06,-2.4919699963765183,0.19577718828922208,-0.06938715801677553,0.0,0.005802378192423241,-0.8487654320987694,1.6151299118489636e-05,0.2963876760877042,1.2186102184950602,0.028906077188711965,0.0
2012-11-19,27,True,2.042141318885788,27.23765432098765,0.0003374654335049,45.25047875544149,11.68087315642983,1.5720051488289617,0.0,2.0519317286717387,28.3179012345679,0.0003219328110938275,46.41379321731766,11.560854580151666,1.5973264011114,0.0,2.069015705578307,28.703703703703702,0.0003158677256997938,45.16923298120302,11.284991785903935,1.5549196967180599,0.0,-0.009790409785950693,-1.0802469135802468,1.553262241107251e-05,-1.163314461876169,0.12001857627816293,-0.0253212522824382,0.0,-0.02687438669251918,-1.4660493827160508,2.1597707805106183e-05,0.08124577423847512,0.39588137052589367,0.017085452110901844,0.0
2012-11-20,27,True,1.8524677445102182,38.81172839506173,0.0005438926117494945,56.027791609101186,12.42686550500326,2.0174870339181106,0.0,1.8648562853545003,39.6604938271605,0.0005804996143932043,58.94970107366179,12.802550303784829,2.1303167817120787,0.0,1.8441525330903763,38.19444444444444,0.0005230084314281289,55.31548029147963,11.596497848033414,1.980405590871684,0.0,-0.012388540844282092,-0.848765432098773,-3.660700264370982e-05,-2.9219094645606063,-0.3756847987815686,-0.11282974779396815,0.0,0.008315211419841928,0.6172839506172849,2.0884180321365572e-05,0.7123113176215554,0.8303676569698464,0.037081443046426577,0.0
2012-11-21,27,True,1.8232785559873208,32.098765432098766,0.00036798130778891374,43.68241369446002,11.085233182675212,1.6563870458826908,0.0,1.833533572031359,34.182098765432094,0.00036880064011270754,45.05579915401056,8.711858848270227,1.691595608442676,0.0,1.8370701155834341,31.17283950617284,0.0003346821241453146,42.473975049135774,8.47407716424518,1.6134707326141282,0.0,-0.010255016044038223,-2.0833333333333286,-8.193323237938024e-07,-1.3733854595505406,2.3733743344049856,-0.03520856255998517,0.0,-0.013791559596113334,0.9259259259259274,3.3299183643599115e-05,1.208438645324243,2.611156018430032,0.0429163132685626,0.0
2012-11-22,27,True,2.499000600937753,13.503086419753085,0.00011982871706109088,51.948670045072525,3.0891814569077187,1.7729453983125834,0.0,2.5284746352453653,14.891975308641975,0.00013307678667988975,53.612726774835494,3.134854776255613,1.8403414386656682,0.0,2.5598379187529394,13.657407407407407,0.00012249589133419257,50.81242864395137,3.197137647247932,1.7600176470506526,0.0,-0.029474034307612307,-1.3888888888888893,-1.3248069618798877e-05,-1.6640567297629687,-0.0456733193478942,-0.06739604035308489,0.0,-0.06083731781518642,-0.15432098765432123,-2.6671742731016937e-06,1.1362414011211541,-0.10795619034021309,0.012927751261930798,0.0
2012-11-23,27,True,2.0035819334901457,40.58641975308642,0.0005336042483463446,60.61824988960343,17.80432967275573,2.195282907464229,0.0,2.021383719465027,39.81481481481482,0.0005395112830972586,61.20581452336816,17.66684453660602,2.2427312987243186,0.0,2.021523813638695,39.81481481481482,0.0005377287563394831,60.91907775499006,17.97141393203472,2.2367268401938007,0.0,-0.017801785974881135,0.7716049382716008,-5.907034750914043e-06,-0.5875646337647282,0.13748513614971003,-0.04744839126008982,0.0,-0.01794188014854914,0.7716049382716008,-4.124507993138538e-06,-0.30082786538662987,-0.1670842592789903,-0.04144393272957192,0.0
2012-11-24,27,True,2.318202049217741,28.626543209876548,0.00030482321479880756,57.09019221275905,9.290233236354583,2.057058831946015,0.0,2.3089623495092324,29.629629629629626,0.0003191387582329324,59.47717488161216,7.097230848818266,2.1317508243955827,0.0,2.312370956370032,28.549382716049383,0.0002942259157633917,56.64396224229493,6.757204163736174,2.0252785080247007,0.0,0.009239699708508464,-1.0030864197530782,-1.4315543434124836e-05,-2.3869826688531077,2.1930023875363167,-0.07469199244956792,0.0,0.005831092847708774,0.07716049382716506,1.0597299035415835e-05,0.44622997046411683,2.533029072618409,0.031780323921314135,0.0
2012-11-25,27,True,3.7080109450623238,19.521604938271604,0.00024430948159087965,53.52971807530479,7.2688435029893865,2.601281401988622,0.0,3.741408542544361,21.373456790123456,0.00027521948703070867,54.90532119426809,8.309296709185299,2.6956949286439333,0.0,3.740409827553481,20.29320987654321,0.00025201086028855133,52.35056306897736,7.660001079156828,2.6211020142834345,0.0,-0.03339759748203708,-1.8518518518518512,-3.091000543982902e-05,-1.3756031189632978,-1.0404532061959122,-0.09441352665531122,0.0,-0.03239888249115719,-0.7716049382716044,-7.701378697671677e-06,1.1791550063274343,-0.3911575761674415,-0.019820612294812356,0.0
2012-11-26,27,True,2.5298463101507043,26.466049382716044,0.0003064906768407174,52.122120434051304,6.434497693617041,1.8829034279730252,0.0,2.560074991489481,26.69753086419753,0.00032793098026499134,53.81714332544759,6.388452510976497,1.9417467056971622,0.0,2.5631344740350204,25.61728395061728,0.00028726539498662537,50.348645786812206,5.5112490821810765,1.825864076707118,0.0,-0.030228681338776653,-0.23148148148148806,-2.1440303424273945e-05,-1.6950228913962846,0.046045182640543914,-0.058843277724137,0.0,-0.0332881638843161,0.8487654320987623,1.9225281854092034e-05,1.773474647239098,0.9232486114359642,0.05703935126590731,0.0
2012-11-27,27,True,2.1370208534825217,29.475308641975307,0.00035081444976254927,60.35018814543815,10.100596526183555,1.996515563144277,0.0,2.1651056421622523,31.17283950617284,0.00039100670002477643,63.697923728475054,11.266509235518658,2.1333359603500597,0.0,2.15271794946607,30.246913580246908,0.0003638270523806674,61.186227239250876,10.438877647803329,2.030115302266791,0.0,-0.028084788679730632,-1.6975308641975317,-4.019225026222716e-05,-3.3477355830369007,-1.1659127093351032,-0.13682039720578265,0.0,-0.015697095983548515,-0.7716049382716008,-1.301260261811813e-05,-0.8360390938127225,-0.3382811216197741,-0.033599739122514016,0.0
2012-11-28,27,True,2.5599970683624496,20.833333333333336,0.0002219000449533103,58.80550960122152,6.3808815317522125,2.130931946891865,0.0,2.5530985908330703,22.376543209876544,0.0002290317824677402,62.168397680975744,6.182818322580262,2.255026422291952,0.0,2.5563216607432775,20.75617283950617,0.00021130644929703607,59.37590542961248,6.03446435222531,2.146110414679097,0.0,0.006898477529379221,-1.5432098765432087,-7.131737514429881e-06,-3.362888079754221,0.1980632091719503,-0.12409447540008722,0.0,0.0036754076191720664,0.07716049382716506,1.0593595656274235e-05,-0.5703958283909571,0.34641717952690243,-0.015178467787232197,0.0
2012-11-29,27,True,2.2318461820757753,27.469135802469136,0.00037456321923911017,54.45945055681289,7.220094783029157,2.102293708940084,0.0,2.2273411223631716,29.938271604938272,0.0003805673597370137,55.18189185899058,6.644888444398254,2.143668188399532,0.0,2.22352635157504,29.55246913580247,0.0003698578134414992,54.437948580790746,6.68881720778761,2.1040204796607944,0.0,0.004505059712603732,-2.469135802469136,-6.004140497903505e-06,-0.7224413021776925,0.5752063386309025,-0.041374479459447944,0.0,0.008319830500735481,-2.083333333333332,4.705405797610985e-06,0.021501976022143765,0.5312775752415471,-0.0017267707207104799,0.0
2012-11-30,27,True,3.761379402548344,18.132716049382715,0.0002435595578736986,48.035761608945236,3.282656311257441,2.5263239642180997,0.0,3.8071504427113205,19.753086419753085,0.00026529700687268477,49.557185562234984,5.052077764513826,2.5978963912582094,0.0,3.8177035194794993,19.058641975308642,0.0002539809990466304,47.671183124325324,4.140444920594754,2.544519763870176,0.0,-0.04577104016297673,-1.6203703703703702,-2.1737448998986183e-05,-1.521423953289748,-1.7694214532563852,-0.07157242704010969,0.0,-0.056324116931155466,-0.9259259259259274,-1.0421441172931833e-05,0.36457848461991205,-0.8577886093373128,-0.018195799652076516,0.0
2012-12-01,27,True,4.387135924263054,11.728395061728396,0.00014145923755912464,71.54481979825513,1.4310907363083658,3.2159530979976476,0.0,4.3687137571797034,11.882716049382715,0.00013621126512339127,72.95703451496698,1.5384337931623648,3.270459853275344,0.0,4.382975205861443,11.419753086419753,0.00012867931170498507,70.49460947414322,1.3004199017331408,3.188338742854178,0.0,0.01842216708335087,-0.15432098765431945,5.247972435733363e-06,-1.4122147167118442,-0.10734305685399903,-0.05450675527769633,0.0,0.004160718401611696,0.30864197530864246,1.2779925854139565e-05,1.0502103241119158,0.130670834575225,0.02761435514346955,0.0
2012-12-02,27,True,2.752940649982572,26.697530864197528,0.00028412291883033743,66.28838140511958,9.863146935796111,2.4431280633544548,0.0,2.760387812795267,28.935185185185187,0.0002900655550617877,68.01736067531047,9.28251363820645,2.523917043627761,0.0,2.759581974868553,27.160493827160497,0.00027632929062236967,66.08738566163895,8.865383765022345,2.445468505684099,0.0,-0.007447162812694863,-2.2376543209876587,-5.942636231450274e-06,-1.7289792701908908,0.580633297589662,-0.08078898027330617,0.0,-0.006641324885980904,-0.462962962962969,7.793628207967767e-06,0.20099574348063243,0.9977631707737658,-0.0023404423296442545,0.0
2012-12-03,27,True,2.662497969412018,19.753086419753085,0.00022691524444892581,54.45780932962273,8.793978195870281,1.8313622457980951,0.0,2.6328714510230933,19.984567901234566,0.00021940376867354852,55.84335514681966,8.64847045625492,1.880430970325584,0.0,2.64427430163681,19.521604938271604,0.0002105304606427543,54.741050647830676,7.978389261562214,1.8345071370042294,0.0,0.029626518388924605,-0.23148148148148096,7.511475775377296e-06,-1.3855458171969346,0.14550773961536123,-0.04906872452748878,0.0,0.018223667775207897,0.23148148148148096,1.6384783806171508e-05,-0.2832413182079492,0.8155889343080673,-0.0031448912061342593,0.0
2012-12-04,27,True,2.0518044418963166,37.03703703703704,0.0005221308324178248,57.136639088636365,10.846227562360198,2.0117146444664997,0.0,2.0792175374457007,37.96296296296296,0.000570684571819016,59.42457263892556,11.09767396822931,2.137560780977765,0.0,2.0691968772704006,37.80864197530864,0.0005474145211926148,57.94413303374946,10.979189614103229,2.06576150093243,0.0,-0.027413095549384092,-0.9259259259259238,-4.8553739401191215e-05,-2.287933550289196,-0.25144640586911216,-0.12584613651126508,0.0,-0.01739243537408397,-0.7716049382716008,-2.5283688774789992e-05,-0.8074939451130945,-0.13296205174303033,-0.054046856465930215,0.0
2012-12-05,27,True,1.4013679450513576,44.675925925925924,0.0007793064144732179,47.338962391470616,13.379940301264325,1.7880622020720403,0.0,1.4100058484728888,45.52469135802469,0.0007771970434071951,48.44093365947371,12.55614034852882,1.7965570519087206,0.0,1.388563391398315,44.44444444444445,0.0007278549743630798,46.45964826983222,11.961605744588924,1.703576494813888,0.0,-0.008637903421531146,-0.8487654320987659,2.1093710660227737e-06,-1.1019712680030906,0.8237999527355058,-0.008494849836680363,0.0,0.01280455365304256,0.23148148148147385,5.1451440110138105e-05,0.8793141216383944,1.4183345566754006,0.08448570725815219,0.0
2012-12-06,27,True,1.295588678148295,48.148148148148145,0.0006805691201442998,40.36761306678265,11.788463062466219,1.445172935134523,0.0,1.3109314877013267,48.148148148148145,0.0006744964791707579,41.55401782827718,10.817710130584244,1.4639630783413107,0.0,1.294770615046846,47.60802469135803,0.0006225998784569383,39.12437584201896,9.582415036567012,1.362584871121805,0.0,-0.015342809553031689,0.0,6.072640973541908e-06,-1.1864047614945292,0.9707529318819752,-0.018790143206787624,0.0,0.0008180631014489403,0.5401234567901128,5.7969241687361476e-05,1.2432372247636962,2.2060480258992072,0.08258806401271812,0.0
2012-12-07,27,True,2.2517021930531103,21.141975308641978,0.00019281511808558262,47.54581031136899,7.12076117701664,1.6325712191750417,0.0,2.2722548041372614,21.604938271604937,0.000189299752978421,48.92753142370699,7.030792604704207,1.6590965448890587,0.0,2.3004040237854806,21.52777777777778,0.0001896892953491422,45.34194666574029,6.800682675860221,1.5883518547285376,0.0,-0.020552611084151184,-0.46296296296295836,3.5153651071616224e-06,-1.381721112337999,0.08996857231243371,-0.026525325714017,0.0,-0.04870183073237033,-0.3858024691358004,3.125822736440426e-06,2.203863645628701,0.3200785011564191,0.044219364446504095,0.0
2012-12-08,27,True,2.365600889596163,29.089506172839503,0.0004178046680383887,56.32893537042941,10.826825813397564,2.0652855024909735,0.0,2.3804787731853985,29.320987654320984,0.0004293779835370397,58.38534156909271,10.805442592199805,2.1426403665974894,0.0,2.3709265665830968,29.320987654320984,0.00039988220181703347,55.95636445599363,9.906734651077329,2.0409999700588113,0.0,-0.014877883589235363,-0.23148148148148096,-1.1573315498651041e-05,-2.0564061986632964,0.021383221197758928,-0.07735486410651582,0.0,-0.005325676986933647,-0.23148148148148096,1.792246622135522e-05,0.3725709144357836,0.9200911623202348,0.02428553243216225,0.0
2012-12-09,27,True,2.6688913410952306,20.29320987654321,0.00019206479794860144,52.416247568551,6.546459674377911,1.8001233371289629,0.0,2.719732641675765,21.990740740740737,0.00021531992639854192,54.222684711733045,6.99943085961511,1.8844785036012544,0.0,2.745067488148276,21.604938271604937,0.00019852839082181982,51.170650851646876,6.292263990450749,1.8080091597615537,0.0,-0.050841300580534377,-1.6975308641975282,-2.3255128449940483e-05,-1.8064371431820447,-0.4529711852371987,-0.08435516647229147,0.0,-0.07617614705304554,-1.3117283950617278,-6.463592873218383e-06,1.2455967169041244,0.2541956839271622,-0.007885822632590855,0.0
2012-12-10,27,True,3.310193625493837,12.191358024691358,0.00012472633249409373,62.06521697018453,3.485606908041552,2.365099106993693,0.0,3.309417092621015,12.80864197530864,0.0001301391005420193,64.11643730506351,3.4819358253635455,2.4406009216839895,0.0,3.3212736122380284,12.577160493827158,0.00012631963336593932,62.442108206996146,3.5457914278387723,2.381417582197755,0.0,0.0007765328728219778,-0.6172839506172831,-5.412768047925574e-06,-2.051220334878984,0.003671082678006421,-0.0755018146902966,0.0,-0.011079986744191306,-0.3858024691358004,-1.5933008718455955e-06,-0.3768912368116162,-0.06018451979722039,-0.016318475204061933,0.0
2012-12-11,27,True,2.495226868323686,22.993827160493826,0.0001925445817440702,66.62105716204896,5.060626890605398,2.4218352570686856,0.0,2.505552764782478,23.996913580246915,0.00020454410763729954,69.03698010580402,5.272591036867225,2.541182854819131,0.0,2.5110728288384565,22.839506172839506,0.00019382733684038546,67.034873220334,4.986949464563767,2.4489810172859543,0.0,-0.010325896458792005,-1.0030864197530889,-1.1999525893229332e-05,-2.4159229437550636,-0.2119641462618267,-0.11934759775044546,0.0,-0.015845960514770496,0.15432098765431945,-1.2827550963152466e-06,-0.4138160582850503,0.0736774260416313,-0.027145760217268666,0.0
2012-12-12,27,True,1.8850003575521637,43.05555555555555,0.0007090656514283761,53.75484552518133,11.895088427235185,2.1333244786884915,0.0,1.8999113253100202,43.67283950617284,0.000734462229748138,55.26934417429446,12.347434762784673,2.208824763259593,0.0,1.8936709218411802,43.3641975308642,0.0007202642758677445,54.55729991885883,12.369766435858118,2.1734206555606734,0.0,-0.014910967757856497,-0.617283950617292,-2.5396578319761883e-05,-1.5144986491131291,-0.4523463355494872,-0.0755002845711017,0.0,-0.00867056428901658,-0.3086419753086531,-1.1198624439368401e-05,-0.8024543936775004,-0.4746780086229325,-0.04009617687218192,0.0
2012-12-13,27,True,1.7344229782005698,38.19444444444444,0.0005331618519561033,38.22251540468136,8.16223232638736,1.5242375001421817,0.0,1.7359046076918925,38.34876543209876,0.0005244699705694772,39.00791325333704,7.521134256762757,1.5226803611806776,0.0,1.7367753556608803,38.348765432098766,0.0004968846840052737,37.047026291328585,7.608257889701348,1.4589884339935844,0.0,-0.001481629491322689,-0.1543209876543159,8.691881386626134e-06,-0.785397848655677,0.6410980696246025,0.001557138961504112,0.0,-0.002352377460310473,-0.154320987654323,3.62771679508296e-05,1.175489113352775,0.5539744366860111,0.06524906614859738,0.0
2012-12-14,27,True,1.9885279314782531,30.941358024691358,0.0004112124580461771,47.81903582548095,9.971950538668963,1.7260867476957906,0.0,1.9947566614899321,30.63271604938272,0.00041789295343349476,49.01369779197066,7.310925020689084,1.7640174539513032,0.0,1.992992760380579,30.169753086419753,0.0003855072200546826,46.03778836739574,6.733873902005712,1.660017327217662,0.0,-0.006228730011679007,0.3086419753086389,-6.680495387317658e-06,-1.1946619664897042,2.661025517979879,-0.037930706255512536,0.0,-0.0044648289023259125,0.7716049382716044,2.570523799149451e-05,1.7812474580852111,3.2380766366632514,0.0660694204781287,0.0
2012-12-15,27,True,3.4720660555268688,9.104938271604938,6.464950670101033e-05,58.09754969300276,0.0,2.1573868123345243,0.0,3.4818213555063897,9.876543209876543,8.283375536454793e-05,61.2990971994429,0.0,2.2805609905310282,0.0,3.520457778564924,9.799382716049381,7.985417083013682e-05,57.8287598084612,0.0,2.1725280803880898,0.0,-0.00975529997952096,-0.7716049382716044,-1.8184248663537597e-05,-3.2015475064401357,0.0,-0.12317417819650389,0.0,-0.04839172303805528,-0.6944444444444429,-1.5204664129126488e-05,0.2687898845415617,0.0,-0.015141268053565415,0.0
2012-12-16,27,True,4.640943343421477,18.287037037037035,0.00022949904956763166,71.04441955924695,0.6197656524582897,3.706576528073976,0.0,4.664184107374963,18.827160493827165,0.0002511009544290209,74.17772312825754,3.02365378528941,3.828085343986259,0.0,4.65659545911534,18.287037037037035,0.0002403997410454447,72.40749651045687,2.809914785078756,3.780724993473416,0.0,-0.023240763953485732,-0.5401234567901305,-2.1601904861389212e-05,-3.133303569010593,-2.40388813283112,-0.12150881591228302,0.0,-0.01565211569386271,0.0,-1.0900691477813045e-05,-1.3630769512099192,-2.190149132620466,-0.07414846539943998,0.0
2012-12-17,27,True,2.4906105141427832,21.604938271604937,0.0003564719257336849,63.25539301803876,10.637577564260148,2.463671802794057,0.0,2.4703496343622473,22.839506172839506,0.000365993211320421,64.99916255992541,9.779299607803708,2.571913830486145,0.0,2.4827085244710188,21.373456790123456,0.0003478642506244953,62.91610372979229,9.631047645618104,2.47095964170369,0.0,0.020260879780535923,-1.2345679012345698,-9.521285586736137e-06,-1.7437695418866497,0.8582779564564404,-0.1082420276920879,0.0,0.007901989671764476,0.23148148148148096,8.607675109189574e-06,0.3392892882464693,1.0065299186420447,-0.007287838909632693,0.0
2012-12-18,27,True,2.049075040096086,37.8858024691358,0.0005601588657613519,54.2878334698283,12.609176216803904,1.9608159549748023,0.0,2.0539798705627628,38.73456790123457,0.0005758401054599983,56.42531653408041,12.300149706421026,2.043932162729346,0.0,2.0413260189779945,38.19444444444444,0.0005439176946841262,54.641633700930754,11.954558531440007,1.9539265589613302,0.0,-0.004904830466676557,-0.848765432098773,-1.5681239698646376e-05,-2.137483064252109,0.3090265103828784,-0.08311620775454354,0.0,0.007749021118091726,-0.308641975308646,1.624117107722569e-05,-0.3538002311024542,0.6546176853638972,0.00688939601347216,0.0
2012-12-19,27,True,2.599880695880535,22.839506172839506,0.0002819983703249443,45.00263272459319,4.867747299929969,1.9457177458437178,0.0,2.5898528505018787,22.762345679012345,0.0002711356474293663,46.493243118029646,3.2183433866736144,1.9662094911431849,0.0,2.6166711312309956,21.527777777777775,0.00025175968912534105,44.39435323307674,2.99873612685818,1.8937416623233025,0.0,0.01002784537865642,0.0771604938271615,1.0862722895578025e-05,-1.4906103934364552,1.649403913256355,-0.020491745299467068,0.0,-0.01679043535046043,1.3117283950617313,3.0238681199603267e-05,0.6082794915164484,1.8690111730717893,0.05197608352041527,0.0
2012-12-20,27,True,3.6792448871483403,12.5,0.00013927545235253104,49.945108846809326,3.9841252508536504,2.557316388020861,0.0,3.7088148019709815,12.80864197530864,0.00014716260129991359,51.794585632817224,3.9758473471971767,2.6091619962646586,0.0,3.728332647015389,12.654320987654321,0.00014091173888139736,49.533018607375865,4.03892910803859,2.5642642752568636,0.0,-0.029569914822641152,-0.3086419753086407,-7.887148947382546e-06,-1.849476786007898,0.00827790365647374,-0.05184560824379769,0.0,-0.0490877598670485,-0.15432098765432123,-1.6362865288663167e-06,0.4120902394334607,-0.05480385718493963,-0.006947887236002703,0.0
2012-12-21,27,True,2.4550101031852685,28.703703703703702,0.0003129242188695099,59.86508875917555,10.65464205784046,2.220765147205988,0.0,2.4648755391679593,29.398148148148145,0.0003317953894558607,62.40410782265012,11.03662824395276,2.323195183808142,0.0,2.453285704944621,28.3179012345679,0.0003067568609032562,59.60435444751879,10.76839504047745,2.2177197673868196,0.0,-0.009865435982690851,-0.6944444444444429,-1.887117058635082e-05,-2.5390190634745693,-0.3819861861123002,-0.10243003660215422,0.0,0.0017243982406474068,0.38580246913580396,6.167357966253655e-06,0.260734311656762,-0.1137529826369903,0.0030453798191683035,0.0
2012-12-22,27,True,3.2334456889814254,19.212962962962962,0.0002402374722508951,57.37376511338787,3.580553397290354,2.4133424620264767,0.0,3.231856426776734,20.138888888888886,0.00023994469811720363,59.553126465908946,1.1645098959977178,2.4795628009566624,0.0,3.239143081231419,18.827160493827158,0.00023284644497439187,57.68398446696082,0.6179465834442797,2.421288884086919,0.0,0.0015892622046913552,-0.9259259259259238,2.927741336914661e-07,-2.1793613525210773,2.416043501292636,-0.06622033893018564,0.0,-0.005697392249993438,0.38580246913580396,7.391027276503224e-06,-0.31021935357295405,2.962606813846074,-0.00794642206044216,0.0
2012-12-23,27,True,3.7505187314559123,23.688271604938272,0.0003565298662022733,65.78667254292995,3.908188608453238,2.9589894926159555,0.0,3.7883193802804915,24.07407407407407,0.00040098717757827625,67.16230216670093,5.65596913734728,3.065518403862709,0.0,3.785297841565716,23.91975308641975,0.0003894264864801711,65.91589787592652,5.272504819234501,3.0005524920807884,0.0,-0.03780064882457923,-0.38580246913579685,-4.445731137600297e-05,-1.3756296237709762,-1.747780528894042,-0.10652891124675357,0.0,-0.034779110109803835,-0.2314814814814774,-3.2896620277897816e-05,-0.1292253329965689,-1.3643162107812632,-0.041562999464832995,0.0
2012-12-24,27,True,4.3016557734221434,12.5,0.00014458323994700063,61.04416469976802,0.0,2.8315558758134394,0.0,4.331529182040327,12.5,0.0001683837581427247,62.273197544364855,0.0,2.9059167362911302,0.0,4.333086602029272,11.959876543209875,0.00015532018196528848,59.585762877784944,0.0,2.8237075014476574,0.0,-0.029873408618183994,0.0,-2.380051819572408e-05,-1.229032844596837,0.0,-0.07436086047769086,0.0,-0.03143082860712898,0.5401234567901252,-1.0736942018287852e-05,1.4584018219830739,0.0,0.007848374365782007,0.0
2012-12-25,27,True,3.746700872641215,16.203703703703702,0.00016162501839340763,62.37538695618547,6.656552570378499,3.0023868555982154,0.0,3.76156095679385,15.895061728395063,0.00015828555835171855,64.13085555741515,6.633626653515312,3.047340755424714,0.0,3.7828966856492223,15.50925925925926,0.00015206577659453122,62.03391856576616,6.700912003785512,2.982340663876979,0.0,-0.014860084152635178,0.3086419753086389,3.339460041689086e-06,-1.7554686012296727,0.022925916863187012,-0.04495389982649867,0.0,-0.03619581300800734,0.6944444444444429,9.559241798876407e-06,0.3414683904193154,-0.04435943340701343,0.02004619172123645,0.0
2012-12-26,27,True,2.3933998550051623,32.33024691358025,0.0004268508616071055,66.76540114518554,9.111639404340687,2.5712707441551235,0.0,2.416256747259322,33.95061728395062,0.0004500779805339022,67.73135320779357,9.285540278073684,2.657590526391435,0.0,2.407363223327289,33.17901234567901,0.0004373944952282497,67.2137544778029,9.093126781623054,2.6165206114306057,0.0,-0.022856892254159877,-1.6203703703703738,-2.32271189267967e-05,-0.9659520626080393,-0.17390087373299679,-0.08631978223631132,0.0,-0.013963368322126524,-0.8487654320987659,-1.0543633621144224e-05,-0.44835333261735855,0.01851262271763332,-0.04524986727548219,0.0
2012-12-27,27,True,1.847009738515087,36.7283950617284,0.0005070415326320975,45.61237752193943,11.493584480920642,1.5545855135358195,0.0,1.8740974996805275,37.96296296296296,0.0005149905367281626,47.308442276703424,10.473450831838102,1.6261309423581365,0.0,1.863314201035192,37.191358024691354,0.0004970789964095468,46.1056363003654,10.477242013750805,1.574999261431392,0.0,-0.027087761165440538,-1.2345679012345627,-7.949004096065109e-06,-1.696064754763995,1.0201336490825401,-0.07154542882231696,0.0,-0.01630446252010498,-0.4629629629629548,9.962536222550707e-06,-0.4932587784259681,1.016342467169837,-0.020413747895572376,0.0
2012-12-28,27,True,3.0547791474669017,23.070987654320987,0.0002588407434645551,43.66347876525361,3.7365581917784416,2.291415814347679,0.0,3.0959991978976684,23.84259259259259,0.0002450256641911519,44.15825451174742,3.723271888901222,2.301182226078467,0.0,3.108364583709696,23.611111111111107,0.00024105936467120484,42.12896260087896,3.7693309228277667,2.276796758550299,0.0,-0.04122005043076671,-0.7716049382716044,1.3815079273403193e-05,-0.49477574649381495,0.013286302877219658,-0.009766411730788072,0.0,-0.053585436242794326,-0.5401234567901199,1.7781378793350254e-05,1.5345161643746508,-0.0327727310493251,0.014619055797379765,0.0
2012-12-29,27,True,2.4123927359725093,32.87037037037037,0.0006639339737810496,63.93927057809671,18.793471178947602,2.604374673819894,0.0,2.3976802464554043,33.873456790123456,0.0006754957717678582,66.28032718357592,17.550462798697897,2.6794055743166254,0.0,2.3895863618701365,33.56481481481482,0.0006500011835236404,63.4085109243178,17.144117055589973,2.5742202650441315,0.0,0.01471248951710491,-1.0030864197530889,-1.156179798680857e-05,-2.34105660547921,1.2430083802497052,-0.07503090049673133,0.0,0.02280637410237274,-0.69444444444445,1.3932790257409236e-05,0.5307596537789081,1.6493541233576288,0.030154408775762587,0.0
2012-12-30,27,True,1.8807097384402869,32.63888888888889,0.00035282012231835634,48.43490634958256,8.672674319232932,1.596271781874061,0.0,1.8994693923479333,34.10493827160494,0.0003577977988769516,50.390407258232415,9.842833064288968,1.6584083690305311,0.0,1.8939115572616454,31.404320987654323,0.00032890262319141216,47.88560887106995,7.855506936142514,1.56800258381358,0.0,-0.018759653907646445,-1.4660493827160437,-4.977676558595256e-06,-1.955500908649853,-1.1701587450560353,-0.06213658715647008,0.0,-0.013201818821358513,1.2345679012345698,2.3917499126944184e-05,0.5492974785126137,0.8171673830904185,0.028269198060481004,0.0
2012-12-31,27,True,2.9633463394080133,26.620370370370367,0.0005028631824518132,46.57771719125476,6.34523258710528,2.1196387041814644,0.0,2.9869108722148496,27.469135802469136,0.0005163292380839794,48.833506907502546,8.044462128571634,2.212683411528633,0.0,2.972958234607137,26.543209876543205,0.0004857374716929547,46.26229897948672,6.934146657203436,2.1223651132565746,0.0,-0.023564532806836347,-0.8487654320987694,-1.3466055632166255e-05,-2.255789716247783,-1.6992295414663543,-0.09304470734716874,0.0,-0.009611895199123754,0.0771604938271615,1.7125710758858503e-05,0.31541821176804063,-0.5889140700981557,-0.0027264090751102366,0.0
2013-01-01,27,True,3.4498361702179867,23.91975308641975,0.00038996943925879616,44.40850932225767,0.8856147855212143,2.3063588815792953,0.0,3.4674406964403115,24.151234567901234,0.0004146519562883151,45.485131463525335,3.0009868744345805,2.3526086499724133,0.0,3.460336972488263,23.53395061728395,0.0003873005278784769,42.69529785003384,2.423636431205712,2.2934916261485068,0.0,-0.01760452622232478,-0.2314814814814845,-2.4682517029518962e-05,-1.0766221412676629,-2.1153720889133663,-0.04624976839311801,0.0,-0.010500802270276388,0.3858024691358004,2.6689113803192444e-06,1.7132114722238327,-1.538021645684498,0.012867255430788482,0.0
2013-01-02,27,True,2.2805552784319905,27.932098765432094,0.00032018372496350457,57.867347465690735,5.853075785561723,1.790730696430142,0.0,2.31360461011478,30.632716049382715,0.00031392637785580704,58.55342801534731,6.030006847794973,1.8259135979143397,0.0,2.3264839002075948,27.623456790123452,0.0002916628816876039,56.028429933219144,5.789612249125952,1.7309612506208596,0.0,-0.03304933168278934,-2.7006172839506206,6.257347107697529e-06,-0.6860805496565732,-0.17693106223325028,-0.03518290148419778,0.0,-0.045928621775604306,0.30864197530864246,2.8520843275900692e-05,1.8389175324715907,0.06346353643577096,0.05976944580928234,0.0
2013-01-03,27,True,2.082316488148897,34.02777777777777,0.000521774089436003,57.943828717854835,9.706422950826544,1.9022011537777428,0.0,2.0824851548401964,35.3395061728395,0.000539447965053576,58.981382852763,7.820105118422645,1.973174251882907,0.0,2.067274189095392,35.03086419753087,0.0005064505513649938,57.349562506137204,6.56461223375561,1.877937600297415,0.0,-0.00016866669129944611,-1.3117283950617278,-1.7673875617572974e-05,-1.037554134908163,1.8863178324038996,-0.07097309810516417,0.0,0.015042299053504848,-1.003086419753096,1.532353807100922e-05,0.5942662117176312,3.1418107170709346,0.024263553480327715,0.0
2013-01-04,27,True,2.0380513845945822,38.65740740740741,0.00047738008615116624,48.20726095654787,8.447514345217874,1.6709507801806565,0.0,2.0627634231986285,37.96296296296296,0.0004908422845897616,48.720929237793975,8.564715724941482,1.7064494293296606,0.0,2.049931368441624,37.5,0.0004541489263677915,46.038236905755404,8.238810696580556,1.6189036464742954,0.0,-0.02471203860404625,0.69444444444445,-1.3462198438595363e-05,-0.5136682812461046,-0.11720137972360867,-0.035498649149004136,0.0,-0.011879983847041586,1.1574074074074119,2.323115978337476e-05,2.1690240507924656,0.20870364863731794,0.05204713370636105,0.0
2013-01-05,27,True,3.8846024206115466,16.820987654320987,0.0001665930219219799,50.29706225368608,0.6227219915908356,2.336521498494144,0.0,3.900551390073351,16.89814814814815,0.00017620471243347033,50.53720419567046,2.9008697917820188,2.3643112086064604,0.0,3.9030935989978834,16.97530864197531,0.0001729337153547764,47.87093253528223,2.851033213297447,2.3053784662903674,0.0,-0.015948969461804463,-0.0771604938271615,-9.611690511490434e-06,-0.24014194198438332,-2.2781478001911832,-0.027789710112316346,0.0,-0.01849117838633685,-0.154320987654323,-6.340693432796505e-06,2.4261297184038497,-2.2283112217066114,0.031143032203776677,0.0
2013-01-06,27,True,3.0356155671410536,17.978395061728396,0.0004220774735155498,53.04762096576354,6.750857792834039,2.041576914950559,0.0,3.0399199047567005,20.44753086419753,0.0004215960606147444,54.140553551669484,2.6450076672994594,2.0774210727515685,0.0,3.0241340414572644,19.67592592592592,0.0003899837884577776,51.01880926247679,1.7343775208071217,1.975725025525509,0.0,-0.004304337615646858,-2.469135802469136,4.814129008053817e-07,-1.0929325859059418,4.10585012553458,-0.03584415780100958,0.0,0.01148152568378924,-1.6975308641975246,3.2093685057772194e-05,2.028811703286749,5.016480272026918,0.06585188942504994,0.0
2013-01-07,27,True,2.249596821552791,26.543209876543212,0.0004282925937978007,51.15648147904905,8.720285973839594,1.7074262976622305,0.0,2.2430703997974426,27.9320987654321,0.0004068229016093322,51.31908868258039,5.606045777679779,1.7274678989041417,0.0,2.2372648802006716,25.771604938271604,0.0003891519939249275,49.618771406173636,5.1481753836587565,1.6453915929124547,0.0,0.006526421755348455,-1.3888888888888893,2.146969218846847e-05,-0.16260720353134417,3.114240196159815,-0.020041601241911122,0.0,0.012331941352119458,0.7716049382716079,3.914059987287317e-05,1.537710072875413,3.572110590180838,0.06203470474977579,0.0
2013-01-08,27,True,8.4759116085863,5.3240740740740735,4.1346287920649826e-05,60.05591458578778,0.0,6.335662044971945,0.0,8.536824429879816,6.481481481481481,5.996108641590942e-05,60.5567073914026,0.907138521567644,6.480267109991084,0.0,8.56450808567081,6.558641975308642,6.86357001374076e-05,58.99098618126047,0.7834453790134726,6.48004312767587,0.0,-0.06091282129351683,-1.1574074074074074,-1.8614798495259593e-05,-0.5007928056148145,-0.907138521567644,-0.14460506501913883,0.0,-0.08859647708450957,-1.234567901234568,-2.7289412216757774e-05,1.0649284045273149,-0.7834453790134726,-0.1443810827039247,0.0
2013-01-09,27,True,3.021339476087092,23.14814814814815,0.0004159253244594597,69.17740680198712,19.063290114751027,3.048125783761101,0.0,3.0319765507778667,24.459876543209877,0.0003960921351831924,69.40825559821687,16.466144012442797,3.0425243048902453,0.0,3.047110139558264,23.611111111111114,0.0003851022178131041,68.1297557106721,15.978932225815054,2.9643828508621857,0.0,-0.010637074690774462,-1.3117283950617278,1.983318927626732e-05,-0.23084879622975052,2.59714610230823,0.005601478870855825,0.0,-0.02577066347117185,-0.46296296296296546,3.082310664635562e-05,1.0476510913150179,3.0843578889359726,0.08374293289891543,0.0
2013-01-10,27,True,2.9390227388938768,15.354938271604937,0.00016175010714712668,69.10666358887204,7.322129908346567,2.457264820734406,0.0,2.9542559699225475,16.820987654320984,0.0001625025690375591,70.53651273825618,7.257279195103269,2.5439626876743837,0.0,2.9708884852888406,16.049382716049383,0.00015739024949691532,68.68917610853543,7.319560761804768,2.452945449929892,0.0,-0.01523323102867069,-1.4660493827160472,-7.524618904324184e-07,-1.4298491493841397,0.06485071324329805,-0.08669786693997761,0.0,-0.03186574639496387,-0.6944444444444464,4.3598576502113515e-06,0.41748748033660377,0.0025691465417994053,0.0043193708045139445,0.0
2013-01-11,27,True,4.099710920633,19.67592592592592,0.0003832970051224666,70.88781437765108,10.45590945633642,3.135660825126852,0.0,4.125099362636541,21.064814814814813,0.00041761255779962516,72.46432008264976,10.581658572837371,3.261994537726876,0.0,4.117632748106019,20.833333333333336,0.0004063829000061911,71.1206556973157,10.502439823462916,3.1943167773760908,0.0,-0.025388442003540845,-1.3888888888888928,-3.431555267715858e-05,-1.5765057049986808,-0.12574911650095189,-0.12633371260002413,0.0,-0.01792182747301929,-1.1574074074074154,-2.3085894883724523e-05,-0.2328413196646153,-0.04653036712649694,-0.05865595224923892,0.0
2013-01-12,27,True,5.752820300678178,15.200617283950615,0.00028898281614145576,66.34975381087065,1.4457708335950248,5.06070125973269,0.0,5.768918023258023,15.432098765432098,0.00026432935533886196,66.5714909968385,0.8060404827496516,5.061637325869989,0.0,5.7801178445000065,14.737654320987655,0.0002587434736414291,64.72044326178326,0.8573440799807652,5.031114599414892,0.0,-0.016097722579845097,-0.23148148148148273,2.4653460802593805e-05,-0.22173718596785363,0.6397303508453732,-0.0009360661372985746,0.0,-0.027297543821828363,0.46296296296296013,3.023934250002665e-05,1.6293105490873927,0.5884267536142596,0.029586660317798774,0.0
2013-01-13,27,True,3.123373803952119,17.978395061728396,0.0002592856210039051,71.64117883844874,6.54073581594395,2.6403279586303325,0.0,3.1372254998836344,18.209876543209877,0.0002613962919970231,72.36239433513306,5.432437388708981,2.6911387647858485,0.0,3.15248036194612,17.59259259259259,0.00024691773311011155,70.87588544977864,5.541268279819964,2.6064756366009214,0.0,-0.013851695931515362,-0.23148148148148096,-2.1106709931179935e-06,-0.7212154966843229,1.1082984272349696,-0.05081080615551592,0.0,-0.02910655799400086,0.38580246913580396,1.2367887893793535e-05,0.7652933886701021,0.9994675361239862,0.03385232202941113,0.0
2013-01-14,27,True,2.19530157088355,42.20679012345679,0.0009117213509262039,80.49511465500805,19.905295111810386,3.111948363230543,0.0,2.194637048847852,43.28703703703704,0.000930727371883056,82.48210717542153,19.625560633956454,3.232728599811929,0.0,2.1800466733117854,42.74691358024691,0.0009015821014564635,81.27583925850074,19.066880333262073,3.139999807072281,0.0,0.0006645220356977788,-1.0802469135802468,-1.9006020956852153e-05,-1.9869925204134802,0.2797344778539319,-0.12078023658138592,0.0,0.01525489757176457,-0.5401234567901199,1.0139249469740376e-05,-0.7807246034926862,0.8384147785483123,-0.028051443841738077,0.0
2013-01-15,27,True,2.216296960087879,35.18518518518518,0.0005494909796258516,61.7001420385353,10.623914123122704,2.2049225967209893,0.0,2.2207445035196205,35.18518518518518,0.0005302094663062742,61.90002076691398,9.165108980679125,2.2065015791163756,0.0,2.2202280184101877,34.64506172839506,0.0005104251142115353,60.56198538319352,9.467665779620381,2.1462635302527246,0.0,-0.004447543431741696,0.0,1.928151331957739e-05,-0.19987872837868537,1.4588051424435786,-0.0015789823953862303,0.0,-0.003931058322308889,0.5401234567901199,3.906586541431629e-05,1.1381566553417741,1.1562483435023232,0.05865906646826469,0.0
2013-01-16,27,True,2.536044216209952,34.9537037037037,0.0005948376881922468,61.652031403658825,12.23131925157996,2.518051185364717,0.0,2.553606058482396,37.5,0.0006214851417002141,63.01902087938972,12.86967214660592,2.6234461937193063,0.0,2.5381732290523935,36.651234567901234,0.0005894731042361111,61.442343379411206,12.42737616249627,2.5231740423475912,0.0,-0.01756184227244395,-2.5462962962962976,-2.6647453507967376e-05,-1.3669894757308967,-0.6383528950259603,-0.10539500835458915,0.0,-0.00212901284244138,-1.6975308641975317,5.364583956135615e-06,0.2096880242476189,-0.19605691091630995,-0.005122856982874069,0.0
2013-01-17,27,True,3.0149760792333455,25.23148148148148,0.00034784428306865525,52.96164179827356,8.501477170865128,2.40425582589588,0.0,3.0286849169218355,26.080246913580247,0.0003511533740130151,53.401642481246036,8.448821957153596,2.44622431498294,0.0,3.021704847517027,24.537037037037035,0.0003311846890806175,51.29341408628375,8.04877329603594,2.3560734193564437,0.0,-0.013708837688489961,-0.8487654320987659,-3.3090909443598496e-06,-0.4400006829724745,0.0526552137115317,-0.04196848908705997,0.0,-0.006728768283681408,0.6944444444444464,1.665959398803777e-05,1.6682277119898146,0.4527038748291883,0.048182406539436506,0.0
2013-01-18,27,True,7.140181479641107,12.577160493827162,0.00023324546847092894,58.49659453470871,0.0,6.036202773799703,0.0,7.179295403965928,12.037037037037036,0.0002219240009871394,59.327065737582295,0.0,6.08244606523998,0.0,7.196111428924666,12.191358024691358,0.00022784009896971316,57.17435718482659,0.0,6.0627441780845945,0.0,-0.03911392432482064,0.5401234567901252,1.1321467483789535e-05,-0.8304712028735821,0.0,-0.046243291440276835,0.0,-0.05592994928355832,0.38580246913580396,5.405369501215778e-06,1.3222373498821227,0.0,-0.026541404284891712,0.0
2013-01-19,27,True,2.76032326683956,29.243827160493822,0.0005403531064552079,69.03846011708937,12.817375486920678,2.829144013811457,0.0,2.760507846980941,29.01234567901234,0.0005332454322720778,69.53365860465154,12.927903791769994,2.8522946529224797,0.0,2.773826076086627,28.47222222222222,0.0005249942288635419,68.4570198063829,12.742612057440372,2.800949382942286,0.0,-0.00018458014138111878,0.23148148148148096,7.107674183130016e-06,-0.49519848756216334,-0.11052830484931597,-0.023150639111022553,0.0,-0.013502809247067038,0.7716049382716008,1.5358877591665934e-05,0.5814403107064692,0.07476342948030634,0.028194630869171178,0.0
2013-01-20,27,True,2.774620183517063,19.367283950617285,0.0002459404411910825,64.79196618276755,6.921400638960999,2.330383550742971,0.0,2.776786057968391,20.061728395061728,0.00025574095429079234,67.20961119474113,6.9215856957142625,2.4333968209602928,0.0,2.7881459807887015,19.675925925925927,0.00025424824479038663,65.75495130318215,6.973102583198934,2.378857058468272,0.0,-0.002165874451327987,-0.6944444444444429,-9.800513099709823e-06,-2.417645011973576,-0.0001850567532635239,-0.10301327021732165,0.0,-0.013525797271638496,-0.30864197530864246,-8.307803599304111e-06,-0.9629851204146007,-0.05170194423793539,-0.0484735077253009,0.0
2013-01-21,27,True,2.109975187462849,38.657407407407405,0.00047069975038163653,62.04897455035577,7.6955542341825804,2.1479913095738676,0.0,2.1413999403938737,39.81481481481482,0.0005158742472848953,63.5921701205962,9.174053244768123,2.2772542998354517,0.0,2.1328301160317307,39.58333333333333,0.0004977938306094839,62.75159443485117,9.009213747470975,2.2213475072616298,0.0,-0.031424752931024535,-1.1574074074074119,-4.517449690325876e-05,-1.543195570240428,-1.4784990105855425,-0.12926299026158405,0.0,-0.022854928568881494,-0.9259259259259238,-2.709408022784739e-05,-0.7026198844953981,-1.3136595132883944,-0.07335619768776214,0.0
2013-01-22,27,True,2.6294237815505817,28.626543209876544,0.000379542889305675,47.19698984794876,7.933764232536501,2.1006117146494803,0.0,2.6951707383960315,30.864197530864196,0.0004153781768288475,48.55600848206638,8.827119595305385,2.19174006698386,0.0,2.7054164522901596,30.478395061728396,0.0004083982820913376,47.05557586105074,7.814957313555546,2.1613740990880363,0.0,-0.06574695684544984,-2.2376543209876516,-3.583528752317249e-05,-1.359018634117625,-0.8933553627688839,-0.09112835233437977,0.0,-0.07599267073957794,-1.8518518518518512,-2.8855392785662605e-05,0.14141398689801576,0.11880691898095552,-0.06076238443855608,0.0
2013-01-23,27,True,2.7674841255713747,22.222222222222225,0.0002976385788918037,68.08179405173449,9.99956858385562,2.4619041017681096,0.0,2.763041843995634,23.76543209876543,0.00029632357057452,70.26424393383785,9.93947048269049,2.566274570759381,0.0,2.7746935177904084,22.376543209876544,0.00028906115519790413,68.45179834952572,10.060720738123974,2.4884210568716063,0.0,0.004442281575740559,-1.5432098765432052,1.3150083172837074e-06,-2.1824498821033558,0.06009810116512959,-0.10437046899127145,0.0,-0.007209392219033717,-0.15432098765431945,8.577423693899582e-06,-0.3700042977912261,-0.06115215426835441,-0.02651695510349672,0.0
2013-01-24,27,True,2.124418558013864,38.04012345679011,0.000649075097904023,68.12046040165802,14.004477589493076,2.5402341625048774,0.0,2.1515516122351634,39.96913580246913,0.0006934160491355737,69.54010839926573,14.602362179585016,2.667867803695791,0.0,2.135582614362315,39.42901234567901,0.0006667385200523862,68.55312879414251,14.597283745924654,2.595551488445719,0.0,-0.027133054221299524,-1.9290123456790198,-4.4340951231550694e-05,-1.4196479976077114,-0.5978845900919403,-0.12763364119091358,0.0,-0.01116405634845119,-1.3888888888889,-1.766342214836315e-05,-0.4326683924844872,-0.5928061564315783,-0.05531732594084149,0.0
2013-01-25,27,True,3.070308955032612,19.67592592592592,0.0003708987469735951,52.89029838749778,6.6242096338725975,2.2660822406683234,0.0,3.0733701699032223,22.762345679012345,0.0003823303650079867,53.862742329546556,3.5505376010816256,2.3237082964879834,0.0,3.070841055372872,22.53086419753086,0.0003593715992662328,52.235008051640726,2.9465870437785697,2.262720996392641,0.0,-0.003061214870610396,-3.0864197530864246,-1.1431618034391574e-05,-0.9724439420487769,3.073672032790972,-0.05762605581965996,0.0,-0.0005321003402602997,-2.85493827160494,1.1527147707362292e-05,0.6552903358570532,3.677622590094028,0.0033612442756822958,0.0
2013-01-26,27,True,4.180965736199308,14.274691358024691,0.0002541351431788837,51.09079218406338,0.0,2.741441222831254,0.0,4.194836279238827,14.351851851851851,0.00027596721098016775,52.354243864253675,0.1216902898059135,2.7918228552899955,0.0,4.200292778892134,14.429012345679013,0.00026164478785624184,50.50897910690076,0.0,2.7480981749397673,0.0,-0.013870543039518957,-0.07716049382715973,-2.1832067801284068e-05,-1.2634516801902933,-0.1216902898059135,-0.05038163245874161,0.0,-0.019327042692825813,-0.15432098765432123,-7.509644677358154e-06,0.5818130771626215,0.0,-0.006656952108513359,0.0
2013-01-27,27,True,3.368934336819918,14.660493827160492,0.00016054037899057314,64.62203089222164,5.238644228542022,2.474290772381842,0.0,3.359239377207525,14.969135802469138,0.0001511890746882953,67.10741864389546,4.876387759650029,2.5582538993773865,0.0,3.3789244560669167,15.123456790123457,0.00014937197130502095,64.06507672092285,4.953331015826928,2.4734050398352148,0.0,0.009694959612393195,-0.308641975308646,9.351304302277847e-06,-2.4853877516738123,0.36225646889199226,-0.08396312699554453,0.0,-0.009990119246998663,-0.46296296296296546,1.1168407685552186e-05,0.5569541712987984,0.2853132127150939,0.0008857325466271604,0.0
2013-01-28,27,True,3.9720883964855886,12.654320987654321,6.992585613152627e-05,72.57873000398453,3.4116273144384395,3.107988318337066,0.0,3.978517211438904,12.191358024691358,8.423934791835206e-05,73.9676737220066,3.450229120761166,3.1925604043637192,0.0,3.9886485990182683,11.882716049382715,8.238298710416455e-05,73.58071750848603,3.5294649460446017,3.1790759592369837,0.0,-0.006428814953315154,0.4629629629629637,-1.4313491786825791e-05,-1.3889437180220625,-0.038601806322726695,-0.08457208602665345,0.0,-0.016560202532679646,0.7716049382716061,-1.2457130972638272e-05,-1.0019875045014999,-0.11783763160616223,-0.07108764089991793,0.0
2013-01-29,27,False,nan,nan,nan,nan,nan,nan,nan,nan,nan,nan,nan,nan,nan,nan,nan,nan,nan,nan,nan,nan,nan,nan,nan,nan,nan,nan,nan,nan,nan,nan,nan,nan,nan,nan,nan
2013-01-30,27,False,nan,nan,nan,nan,nan,nan,nan,nan,nan,nan,nan,nan,nan,nan,nan,nan,nan,nan,nan,nan,nan,nan,nan,nan,nan,nan,nan,nan,nan,nan,nan,nan,nan,nan,nan
2013-01-31,27,False,nan,nan,nan,nan,nan,nan,nan,nan,nan,nan,nan,nan,nan,nan,nan,nan,nan,nan,nan,nan,nan,nan,nan,nan,nan,nan,nan,nan,nan,nan,nan,nan,nan,nan,nan
2013-02-01,27,False,nan,nan,nan,nan,nan,nan,nan,nan,nan,nan,nan,nan,nan,nan,nan,nan,nan,nan,nan,nan,nan,nan,nan,nan,nan,nan,nan,nan,nan,nan,nan,nan,nan,nan,nan
2013-02-02,27,False,nan,nan,nan,nan,nan,nan,nan,nan,nan,nan,nan,nan,nan,nan,nan,nan,nan,nan,nan,nan,nan,nan,nan,nan,nan,nan,nan,nan,nan,nan,nan,nan,nan,nan,nan
2013-02-03,27,False,nan,nan,nan,nan,nan,nan,nan,nan,nan,nan,nan,nan,nan,nan,nan,nan,nan,nan,nan,nan,nan,nan,nan,nan,nan,nan,nan,nan,nan,nan,nan,nan,nan,nan,nan
2013-02-04,27,False,nan,nan,nan,nan,nan,nan,nan,nan,nan,nan,nan,nan,nan,nan,nan,nan,nan,nan,nan,nan,nan,nan,nan,nan,nan,nan,nan,nan,nan,nan,nan,nan,nan,nan,nan
2013-02-05,27,False,nan,nan,nan,nan,nan,nan,nan,nan,nan,nan,nan,nan,nan,nan,nan,nan,nan,nan,nan,nan,nan,nan,nan,nan,nan,nan,nan,nan,nan,nan,nan,nan,nan,nan,nan
2013-02-06,27,True,1.7481494369720023,41.126543209876544,0.0006272485892326428,55.84263068676392,13.526819017808194,1.9817200306969522,0.0,1.7563761745229487,42.129629629629626,0.0006586053155329132,57.349798598515335,11.547281937917845,2.0481336654972124,0.0,1.7332764276632433,41.126543209876544,0.0005959003673789642,54.097492629159326,11.146017025611107,1.8895572721168492,0.0,-0.008226737550946384,-1.0030864197530818,-3.135672630027043e-05,-1.5071679117514165,1.979537079890349,-0.06641363480026019,0.0,0.014873009308759011,0.0,3.13482218536786e-05,1.745138057604592,2.380801992197087,0.09216275858010303,0.0
2013-02-07,27,True,1.8861022992283862,33.33333333333333,0.0003705041167140018,35.39836931674897,9.390111188987678,1.3291351477477638,0.0,1.8805806323493408,35.18518518518518,0.0003527675228818694,36.20874954436522,5.68259608378705,1.3419501150208137,0.0,1.8759347519436258,33.64197530864197,0.0003292041500335442,33.7234251270474,5.497354586253182,1.2690490041475404,0.0,0.005521666879045428,-1.8518518518518547,1.7736593832132414e-05,-0.8103802276162497,3.7075151052006277,-0.012814967273049982,0.0,0.010167547284760436,-0.3086419753086389,4.129996668045759e-05,1.67494418970157,3.8927566027344964,0.06008614360022335,0.0
2013-02-08,27,True,2.4664215364088933,29.398148148148145,0.0004234726549047645,48.13900171968612,8.427096939803109,1.8757079351912338,0.0,2.4758567500753146,30.709876543209873,0.00043163754854535244,48.838446552487916,9.504149597398284,1.9156876576392552,0.0,2.4563764376403743,30.478395061728396,0.00038295603930503297,45.96107119188289,7.330724467328293,1.7985872684210824,0.0,-0.009435213666421305,-1.3117283950617278,-8.164893640587919e-06,-0.6994448328017953,-1.0770526575951749,-0.03997972244802139,0.0,0.010045098768519,-1.0802469135802504,4.051661559973155e-05,2.177930527803234,1.0963724724748154,0.07712066677015139,0.0
2013-02-09,27,True,3.5798589875566584,19.598765432098766,0.000330192231328501,59.284235326968094,2.5511256063111496,2.4804226955080875,0.0,3.5803148645474066,20.679012345679013,0.0003362859761978894,60.149885548173756,3.376201350087551,2.509185110220862,0.0,3.572159070532382,19.984567901234566,0.00031912797673981793,57.789916713931326,3.3985131341841974,2.4134688001493707,0.0,-0.0004558769907481164,-1.0802469135802468,-6.09374486938843e-06,-0.8656502212056623,-0.8250757437764014,-0.028762414712774742,0.0,0.007699917024276637,-0.3858024691358004,1.1064254588683063e-05,1.4943186130367678,-0.8473875278730478,0.06695389535871676,0.0
2013-02-10,27,True,3.569044360909259,12.268518518518517,7.362802991150106e-05,58.4068455417731,1.3438088938097954,2.497383857556919,0.0,3.584764572247426,12.73148148148148,0.00010316434084370774,59.21148188442658,2.0320086239696327,2.554708883848847,0.0,3.5932721932402547,12.268518518518519,0.00010218652789618784,57.46990889026659,1.9750779949836146,2.496353282706332,0.0,-0.015720211338167367,-0.4629629629629619,-2.9536310932206682e-05,-0.804636342653481,-0.6881997301598373,-0.05732502629192826,0.0,-0.024227832330995902,-1.7763568394002505e-15,-2.8558497984686778e-05,0.9369366515065138,-0.6312691011738192,0.001030574850586774,0.0
2013-02-11,27,True,2.882447698209373,12.885802469135802,0.00011032179975281251,52.542956747327,5.019474753520631,2.0055608671582545,0.0,2.8877220904079604,13.503086419753085,0.00011009867527743719,53.32289867920445,5.013412105118788,2.044833921476931,0.0,2.9153586600619907,13.580246913580249,0.00010841700930705689,51.89736709056027,5.067794614466686,1.993400750226673,0.0,-0.005274392198587385,-0.6172839506172831,2.231244753753207e-07,-0.7799419318774525,0.00606264840184334,-0.03927305431867634,0.0,-0.03291096185261777,-0.6944444444444464,1.9047904457556168e-06,0.6455896567667239,-0.04831986094605423,0.012160116931581477,0.0
2013-02-12,27,True,2.8472572560655576,18.595679012345677,0.00013657189801400448,63.48608240974501,3.2922955566557457,2.4790690439648233,0.0,2.8528576693489063,19.367283950617285,0.00014283055231172154,64.73329082103177,3.4976224828459044,2.553023003684726,0.0,2.858175150331361,18.827160493827158,0.00013570658295629915,63.86462021734738,3.231037359211131,2.506877828661193,0.0,-0.005600413283348704,-0.7716049382716079,-6.25865429771706e-06,-1.2472084112867634,-0.2053269261901587,-0.0739539597199026,0.0,-0.010917894265803252,-0.23148148148148096,8.653150577053335e-07,-0.37853780760237044,0.06125819744461447,-0.027808784696369493,0.0
2013-02-13,27,True,2.2469440946615227,29.166666666666664,0.00036118140858361087,51.60443841244967,10.22095890909233,1.908066915624603,0.0,2.25583025142643,30.478395061728396,0.0003780637308995753,53.6405814421344,10.352645638502942,2.0141634790660716,0.0,2.2514777506254258,30.246913580246915,0.0003559744337252125,51.90622763521533,10.463798218084591,1.936203051509294,0.0,-0.008886156764907227,-1.3117283950617313,-1.688232231596441e-05,-2.0361430296847303,-0.1316867294106121,-0.10609656344146856,0.0,-0.004533655963903094,-1.0802469135802504,5.206974858398383e-06,-0.3017892227656631,-0.24283930899226114,-0.028136135884690994,0.0
2013-02-14,27,True,1.8606841521813284,31.635802469135804,0.0004036734732073061,43.675921457234814,9.771057793194478,1.4966632708983254,0.0,1.8557299363712687,33.02469135802469,0.00041260920061759896,45.183587793453206,8.999717293998978,1.5543835011146967,0.0,1.8484509352914398,32.33024691358025,0.0003932004805114728,43.586542520464896,8.283825004767769,1.4980233854866452,0.0,0.0049542158100597256,-1.3888888888888857,-8.93572741029287e-06,-1.5076663362183922,0.7713404991954995,-0.05772023021637129,0.0,0.012233216889888654,-0.6944444444444429,1.0472992695833281e-05,0.08937893676991848,1.4872327884267094,-0.0013601145883197496,0.0
2013-02-15,27,True,1.9301743579536212,33.48765432098766,0.0004167538271204121,51.65663115019368,10.91330039924024,1.8540497253829413,0.0,1.9236293965537987,35.03086419753087,0.00041418537063055177,52.19270671433799,10.300882210773425,1.8854203698545509,0.0,1.9225025950037435,33.25617283950618,0.0003826206306325277,50.17357571771468,10.064971080506023,1.7971938750753376,0.0,0.006544961399822524,-1.5432098765432087,2.5684564898603365e-06,-0.5360755641443049,0.6124181884668154,-0.03137064447160953,0.0,0.007671762949877703,0.23148148148148096,3.413319648788439e-05,1.4830554324790057,0.8483293187342174,0.05685585030760376,0.0
2013-02-16,27,True,1.922234733353211,35.879629629629626,0.0004720426084190931,55.59929605090518,14.986394136312091,2.0098201151979973,0.0,1.9287274430383274,38.34876543209876,0.0004764828551730273,56.953039784632715,12.719776152897637,2.0789612920912663,0.0,1.9156766010435333,37.03703703703704,0.0004422024167627715,55.14161499041895,12.280464143231606,1.992464628447034,0.0,-0.0064927096851163935,-2.4691358024691326,-4.440246753934212e-06,-1.3537437337275335,2.266617983414454,-0.06914117689326904,0.0,0.006558132309677722,-1.1574074074074119,2.9840191656321617e-05,0.45768106048623025,2.7059299930804848,0.017355486750963323,0.0
2013-02-17,27,True,1.9034909691883473,33.33333333333333,0.00045752792510309726,52.357302134117155,11.802973608827275,1.9144434117572042,0.0,1.9133191207212374,36.03395061728394,0.0004634480854971001,53.763076278474266,10.209680651456518,1.9988149323632074,0.0,1.903290482096761,34.876543209876544,0.00043184503543293,51.73497433532808,9.831195873698093,1.8880427325271,0.0,-0.009828151532890184,-2.7006172839506135,-5.920160394002846e-06,-1.4057741443571103,1.5932929573707568,-0.08437152060600317,0.0,0.00020048709158615452,-1.5432098765432158,2.568288967016725e-05,0.6223277987890725,1.9717777351291819,0.02640067923010414,0.0
2013-02-18,27,True,1.8443913301598667,35.41666666666667,0.00043171079853585037,47.515629568415704,7.973475803456734,1.648339533462591,0.0,1.8486036197034268,36.11111111111111,0.0004435216759603234,47.8565637323818,7.9792012984182215,1.6776088004311682,0.0,1.8400329248212044,35.18518518518518,0.0004132714915952333,46.19238075661473,7.674631618970514,1.6024941919706448,0.0,-0.0042122895435601215,-0.6944444444444358,-1.1810877424473041e-05,-0.34093416396609655,-0.005725494961487776,-0.029269266968577234,0.0,0.0043584053386622745,0.23148148148148806,1.843930694061705e-05,1.3232488118009726,0.29884418448621997,0.04584534149194619,0.0
2013-02-19,27,True,2.100392530247985,28.3179012345679,0.000393110238387853,53.8281816146272,9.3018354440349,1.7186888540820897,0.0,2.0982195421671332,29.629629629629626,0.00038374143186105055,54.83500301525047,8.747413361410217,1.759230689947769,0.0,2.0904526804891606,29.089506172839503,0.0003605245202471529,53.03726058669932,8.000893831837104,1.6832773403883774,0.0,0.0021729880808516455,-1.3117283950617278,9.368806526802425e-06,-1.0068214006232736,0.5544220826246828,-0.04054183586567928,0.0,0.009939849758824337,-0.7716049382716044,3.258571814070008e-05,0.7909210279278795,1.3009416121977964,0.035411513693712315,0.0
2013-02-20,27,True,2.015045841702086,25.61728395061728,0.000257292729693174,46.71143940868122,4.734502688046172,1.7165342128675378,0.0,2.021422385361087,25.0,0.0002693151716834992,45.90556260624904,5.199994853454257,1.7227940649857088,0.0,2.0220947998541106,23.99691358024691,0.000248694171114714,44.033093681017895,5.134986570482847,1.6559086647850436,0.0,-0.006376543659000866,0.6172839506172814,-1.2022441990325186e-05,0.8058768024321807,-0.4654921654080848,-0.006259852118170928,0.0,-0.007048958152024554,1.6203703703703702,8.598558578459977e-06,2.678345727663327,-0.4004838824366752,0.06062554808249421,0.0
2013-02-21,27,True,2.240969295221554,26.620370370370367,0.0003136412952922114,51.17377552783645,4.790440923764747,1.7492385554567884,0.0,2.235456934901963,25.925925925925924,0.0002983990122419651,50.60050149831761,4.03797428642727,1.7497481044834564,0.0,2.2312334124039634,24.768518518518515,0.00028162247774094563,48.28357132243253,3.7339154558282797,1.6640040206186233,0.0,0.005512360319591014,0.6944444444444429,1.5242283050246274e-05,0.573274029518835,0.7524666373374771,-0.0005095490266679992,0.0,0.009735882817590635,1.8518518518518512,3.201881755126576e-05,2.8902042054039185,1.056525467936467,0.08523453483816512,0.0
2013-02-22,27,True,2.6227597227980484,14.969135802469133,0.0001575746740645643,48.17842223609926,4.570446707314015,1.6906139092084675,0.0,2.6785460315906335,15.66358024691358,0.00016049711177785447,47.27210181997926,4.563690681011534,1.695668025352259,0.0,2.7092008163469328,14.891975308641973,0.00015748948115396186,45.70213665359613,4.6122828379364424,1.6536939661583963,0.0,-0.05578630879258517,-0.6944444444444482,-2.9224377132901842e-06,0.9063204161199963,0.006756026302481288,-0.005054116143791365,0.0,-0.0864410935488844,0.07716049382715973,8.519291060243308e-08,2.476285582503131,-0.041836130622427525,0.03691994305007129,0.0
2013-02-23,27,True,3.2161883079624345,10.493827160493826,4.5285589133790815e-05,61.459031072374756,2.6124552004072124,2.4233004391353616,0.0,3.2325662137079823,12.345679012345679,5.249208655901956e-05,62.1856089000811,2.60411800002507,2.476353924913531,0.0,3.2513579911651083,12.191358024691358,5.069811807978849e-05,60.97009015173761,2.68234258048852,2.4342546746657936,0.0,-0.01637790574554776,-1.851851851851853,-7.206497425228745e-06,-0.7265778277063433,0.008337200382142473,-0.053053485778169485,0.0,-0.035169683202673774,-1.6975308641975317,-5.412528945997674e-06,0.4889409206371482,-0.06988738008130779,-0.010954235530431955,0.0
2013-02-24,27,True,3.462545075028359,20.52469135802469,0.00030987119040394324,65.63287577646184,4.557305099139776,2.797357876024309,0.0,3.4806211517024,21.296296296296294,0.000330893487757186,66.62289420323164,4.580081892222197,2.867130600008706,0.0,3.47640551850547,21.52777777777778,0.000321492648690982,65.79495685905295,4.518835866838772,2.824500702669349,0.0,-0.018076076674041097,-0.7716049382716044,-2.1022297353242767e-05,-0.9900184267697938,-0.02277679308242142,-0.06977272398439682,0.0,-0.013860443477110795,-1.0030864197530889,-1.162145828703876e-05,-0.16208108259110077,0.0384692323010043,-0.027142826645039975,0.0
2013-02-25,27,True,2.855261648178378,18.904320987654323,0.00022139550936385986,58.53819150427688,3.6139911494703374,2.2760096372719163,0.0,2.853010323911607,19.598765432098766,0.00022328788412506119,59.194056760835146,4.007499647205191,2.3293919598138535,0.0,2.850143827717813,19.058641975308642,0.00021791814792411352,58.36502699692469,3.9114493022822168,2.2865537760537546,0.0,0.002251324266770993,-0.6944444444444429,-1.8923747612013212e-06,-0.6558652565582648,-0.3935084977348535,-0.0533823225419372,0.0,0.005117820460565081,-0.15432098765431945,3.477361439746345e-06,0.17316450735219036,-0.2974581528118794,-0.010544138781838353,0.0
2013-02-26,27,True,2.439026834905123,23.688271604938272,0.00024368145644945133,50.13631871175225,4.175896245294755,1.9974841369233205,0.0,2.45748206777942,24.768518518518515,0.00025690322006095866,50.70447587619917,4.318130373090551,2.0567397039135256,0.0,2.468327519736585,23.996913580246915,0.0002415178602376723,48.92906973427163,3.989046594849252,1.9756263346066312,0.0,-0.018455232874297067,-1.0802469135802433,-1.3221763611507333e-05,-0.5681571644469159,-0.14223412779579636,-0.059255566990205066,0.0,-0.029300684831461865,-0.30864197530864246,2.163596211779016e-06,1.2072489774806243,0.18684965044550284,0.021857802316689323,0.0
2013-02-27,27,True,1.9409723310163243,41.04938271604938,0.0005814210988812351,61.799074891102265,11.182162546567108,2.196636487123287,0.0,1.9566978796766945,42.824074074074076,0.0006218945688411434,63.13703009594549,11.635442586930555,2.306724083639583,0.0,1.9352577170458685,42.129629629629626,0.0005779422468233279,61.18052708260756,10.691590575688952,2.188435553502767,0.0,-0.015725548660370237,-1.7746913580246968,-4.04734699599083e-05,-1.337955204843226,-0.45328004036344716,-0.11008759651629596,0.0,0.005714613970455806,-1.0802469135802468,3.4788520579072044e-06,0.6185478084947036,0.49057197087815574,0.00820093362051999,0.0
2013-02-28,27,True,3.0289734271289865,15.432098765432098,0.00012338612137098926,54.105079874342074,2.5207613156136603,1.930730383652071,0.0,3.053450473698801,16.04938271604938,0.00013742100294354017,54.89607744854888,4.198285881111598,1.9851895544012275,0.0,3.082424237461865,16.358024691358022,0.0001352760986013425,52.77427553093119,3.916631204241179,1.9388297089573854,0.0,-0.02447704656981431,-0.6172839506172814,-1.4034881572550916e-05,-0.7909975742068056,-1.6775245654979378,-0.054459170749156405,0.0,-0.05345081033287835,-0.9259259259259238,-1.1889977230353233e-05,1.3308043434108825,-1.3958698886275185,-0.00809932530531432,0.0
2013-03-01,27,True,3.3028041695767523,17.438271604938272,0.00018382868961492322,70.14568540584567,3.259572724871572,2.9336156676701375,0.0,3.298497681043964,19.058641975308642,0.00020009412130631625,72.16123880668789,3.6037394992882112,3.068726932586539,0.0,3.3059466771313915,18.441358024691358,0.0001929059451754889,71.36206421781873,3.638767217052663,3.0205161976064017,0.0,0.004306488532788144,-1.6203703703703702,-1.6265431691393035e-05,-2.0155534008422222,-0.34416677441663923,-0.13511126491640146,0.0,-0.0031425075546391845,-1.0030864197530853,-9.077255560565678e-06,-1.2163788119730583,-0.379194492181091,-0.08690052993626418,0.0
2013-03-02,27,True,3.9679022787393596,9.104938271604938,6.993980045197767e-05,75.79512401151771,3.8139053765384396,3.595662735412575,0.0,3.959333959121755,9.645061728395062,8.011539921656527e-05,77.95234963393995,3.8338796622735054,3.706350974622552,0.0,3.9685880137334437,9.64506172839506,7.795859639255543e-05,77.12569765753395,3.932753545238211,3.665519355135419,0.0,0.008568319617604736,-0.5401234567901234,-1.0175598764587598e-05,-2.1572256224222315,-0.019974285735065767,-0.11068823920997684,0.0,-0.0006857349940840862,-0.5401234567901216,-8.01879594057776e-06,-1.3305736460162336,-0.11884816869977133,-0.06985661972284385,0.0
2013-03-03,27,True,2.4958076900184945,35.80246913580247,0.0006798673712741567,75.06620514012408,11.904395676241359,3.1487153916519475,0.0,2.516283286294101,37.345679012345684,0.0006999782145234207,75.79262444523805,13.004099275180067,3.220544550225599,0.0,2.5067253292815503,36.80555555555555,0.0006842289817827789,75.3079312707567,12.436039832524878,3.174953853678468,0.0,-0.020475596275606467,-1.5432098765432158,-2.0110843249263976e-05,-0.7264193051139642,-1.0997035989387083,-0.07182915857365169,0.0,-0.01091763926305589,-1.0030864197530818,-4.361610508622207e-06,-0.24172613063261394,-0.5316441562835195,-0.02623846202652036,0.0
2013-03-04,27,True,2.1351152823772104,28.626543209876537,0.00030916638185502144,51.56171628664598,8.087375869816713,1.848239225931636,0.0,2.1330766088889113,29.089506172839503,0.0003034510278678262,52.16952598429387,7.022447831415079,1.8708783135560414,0.0,2.1375745184711556,28.47222222222222,0.0002931463826289413,51.04267353642977,6.495056961009732,1.8270768824888863,0.0,0.002038673488299114,-0.46296296296296546,5.715353987195237e-06,-0.6078096976478875,1.064928038401634,-0.022639087624405363,0.0,-0.0024592360939452718,0.1543209876543159,1.6019999226080117e-05,0.5190427502162152,1.5923189088069805,0.021162343442749698,0.0
2013-03-05,27,True,1.9446348690573974,36.49691358024691,0.0006157790205953996,62.17700588941042,14.157531115624982,2.3612619520749476,0.0,1.9551255507266772,39.96913580246914,0.0006401731065023093,64.17366361765227,14.39955487071632,2.480447256027171,0.0,1.9405539066197022,38.966049382716044,0.0006150358741831344,62.63200892261698,14.46860352265939,2.3925816541331475,0.0,-0.0104906816692798,-3.4722222222222285,-2.439408590690969e-05,-1.9966577282418498,-0.24202375509133844,-0.11918530395222326,0.0,0.004080962437695179,-2.4691358024691326,7.43146412265222e-07,-0.455003033206566,-0.3110724070344073,-0.031319702058199894,0.0
2013-03-06,27,True,1.9967332499254558,35.49382716049383,0.00041654251501745137,54.22164545810869,12.701600934624915,1.8865199424858663,0.0,1.9944509331489844,37.808641975308646,0.00043674117098133856,56.12778085164872,10.980169506987087,1.9703817467205853,0.0,1.9815886703714127,36.651234567901234,0.00039604488221555307,53.752908425439365,10.575665853520556,1.8591683084097497,0.0,0.0022823167764713936,-2.3148148148148167,-2.0198655963887184e-05,-1.9061353935400334,1.7214314276378282,-0.083861804234719,0.0,0.015144579554043025,-1.1574074074074048,2.04976328018983e-05,0.4687370326693241,2.125935081104359,0.027351634076116627,0.0
2013-03-07,27,True,1.9300774081238674,35.3395061728395,0.0004804637314670698,47.27964657077997,10.241222640391628,1.8074310382908323,0.0,1.9382980440574467,36.882716049382715,0.0004913452669607614,48.67469104967513,8.27381940018904,1.8595603844973618,0.0,1.929719490253973,36.49691358024691,0.000461076176373091,46.87204706290079,7.989759268977903,1.7915559983768916,0.0,-0.008220635933579246,-1.5432098765432158,-1.0881535493691564e-05,-1.3950444788951657,1.9674032402025876,-0.05212934620652954,0.0,0.00035791786989447516,-1.1574074074074119,1.9387555093978808e-05,0.4075995078791763,2.251463371413725,0.01587503991394068,0.0
2013-03-08,27,True,1.826684798213894,36.80555555555555,0.0003546375613621964,50.813097558883854,7.725825094043953,1.5863213795803104,0.0,1.8340916601777333,38.04012345679013,0.00037327644923894603,52.042117935483944,7.490547112902366,1.6131720344764844,0.0,1.8310468883264335,36.65123456790124,0.00034454401013571715,49.7479668886555,6.603053120478611,1.537939180164575,0.0,-0.0074068619638392175,-1.234567901234577,-1.8638887876749628e-05,-1.22902037660009,0.2352779811415866,-0.026850654896173998,0.0,-0.004362090112539407,0.1543209876543088,1.0093551226479256e-05,1.0651306702283563,1.1227719735653414,0.048382199415735405,0.0
2013-03-09,27,True,2.2877911731850733,24.459876543209877,0.0003458941751822049,54.65376876001395,11.45287293811996,1.881695413370589,0.0,2.275928482787683,25.308641975308642,0.0003338574704457773,55.23468098366063,9.791114838874666,1.904219350234622,0.0,2.280988491528047,25.308641975308642,0.00033669751592145725,53.905592121659055,9.616035859087035,1.8567214970271448,0.0,0.011862690397390185,-0.8487654320987659,1.2036704736427626e-05,-0.5809122236466777,1.6617580992452936,-0.02252393686403309,0.0,0.006802681657026355,-0.8487654320987659,9.196659260747662e-06,0.7481766383548987,1.8368370790329251,0.024973916343444147,0.0
2013-03-10,27,True,2.115034054295257,34.79938271604938,0.0005729860755769224,60.93958856584379,11.128832829554742,2.0134268889559443,0.0,2.126783595694454,37.42283950617284,0.0005867862155189821,62.53833104407856,11.425541276326333,2.0930831562240653,0.0,2.1111986289053264,36.57407407407407,0.000553183710098612,60.35122274475027,10.869609477883143,1.9939594937085283,0.0,-0.011749541399197039,-2.6234567901234627,-1.3800139942059687e-05,-1.5987424782347688,-0.29670844677159103,-0.07965626726812092,0.0,0.0038354253899304247,-1.7746913580246897,1.9802365478310347e-05,0.5883658210935252,0.25922335167159893,0.01946739524741603,0.0
2013-03-11,27,True,1.8615665788353968,32.098765432098766,0.0003314861778421414,48.754314159414044,9.308928698038446,1.609153122326526,0.0,1.857444471946111,31.558641975308642,0.0003121361320127533,49.197216791018,8.168579023400502,1.6063243697434482,0.0,1.8537905334029732,30.63271604938272,0.0003004664344301197,47.55527796173145,7.561357051949515,1.5537450883362638,0.0,0.004122106889285826,0.5401234567901234,1.935004582938809e-05,-0.4429026316039568,1.1403496746379442,0.0028287525830779092,0.0,0.007776045432423606,1.4660493827160472,3.101974341202169e-05,1.1990361976825952,1.7475716460889315,0.055408033990262284,0.0
2013-03-12,27,True,2.0393718959894676,32.56172839506173,0.0003932300466907484,52.66740732831138,7.845129169431844,1.7516247243079162,0.0,2.0290282673434734,34.79938271604938,0.00039146165066478866,53.581663383784985,7.899083565332972,1.7773855931809888,0.0,2.0232137031165265,34.10493827160494,0.0003670667657326922,51.87845681370082,6.627215572270035,1.7050754801205514,0.0,0.01034362864599414,-2.2376543209876516,1.7683960259597207e-06,-0.9142560554736079,-0.05395439590112794,-0.025760868873072607,0.0,0.01615819287294107,-1.5432098765432087,2.616328095805619e-05,0.7889505146105549,1.2179135971618082,0.046549244187364724,0.0
2013-03-13,27,True,1.934901984678683,33.64197530864197,0.00042882181636568704,52.964401809289164,9.202677759001512,1.904018539370469,0.0,1.931312356355953,34.10493827160494,0.0004205456942761434,53.512489961456886,9.425169639467503,1.922298215379294,0.0,1.9212729207053172,32.716049382716044,0.00039027161064675834,51.73487361722423,8.323281717716796,1.8442739993128923,0.0,0.0035896283227299097,-0.462962962962969,8.276122089543648e-06,-0.5480881521677219,-0.22249188046599144,-0.018279676008825074,0.0,0.01362906397336583,0.9259259259259238,3.85502057189287e-05,1.229528192064933,0.8793960412847159,0.05974454005757668,0.0
2013-03-14,27,True,2.267724080588336,25.848765432098762,0.00027272546101199754,48.38612794236202,4.984079566089989,1.6782102980444447,0.0,2.320664363156946,26.003086419753085,0.000290886276658963,49.03792924647026,5.7552799794178,1.7081293571948701,0.0,2.333000034938717,24.845679012345677,0.0002798307692398475,46.78662655397924,4.399040337517612,1.6534466331824647,0.0,-0.052940282568610275,-0.154320987654323,-1.816081564696547e-05,-0.6518013041082398,-0.7712004133278114,-0.029919059150425475,0.0,-0.06527595435038114,1.0030864197530853,-7.105308227849962e-06,1.5995013883827838,0.5850392285723762,0.024763664861980006,0.0
2013-03-15,27,True,2.948550856426367,12.80864197530864,0.0001331860505239141,60.40848536672442,5.747323706048442,2.3143761412789807,0.0,2.9493115644317016,12.5,0.0001378777579584908,62.169140998842444,5.871674451766203,2.402137301798713,0.0,2.9665159030240655,12.114197530864198,0.0001375963805073396,60.77009366332148,5.816680573411685,2.3458634324948564,0.0,-0.0007607080053344539,0.3086419753086407,-4.6917074345766846e-06,-1.7606556321180236,-0.12435074571776106,-0.08776116051973215,0.0,-0.017965046597698375,0.6944444444444429,-4.410329983425479e-06,-0.36160829659706195,-0.06935686736324342,-0.03148729121587568,0.0
2013-03-16,27,True,3.0453993722044683,29.706790123456788,0.0004351445067619715,69.46488565790419,10.564713808877732,2.815666708399582,0.0,3.0599915857769737,30.324074074074076,0.00045201538269134677,71.11495231914161,10.612312748259914,2.8999879060428713,0.0,3.0498285476066,30.169753086419753,0.00043303308085789117,70.03328555802929,9.703852358566692,2.8433828097408895,0.0,-0.014592213572505397,-0.6172839506172885,-1.687087592937525e-05,-1.6500666612374175,-0.047598939382181626,-0.08432119764328938,0.0,-0.004429175402131502,-0.46296296296296546,2.1114259040803485e-06,-0.568399900125101,0.8608614503110399,-0.027716101341307642,0.0
2013-03-17,27,True,1.9405448856661638,37.191358024691354,0.0005273992926620434,48.24566594627161,12.117200018970008,1.8549231247110378,0.0,1.9330734358957176,38.04012345679013,0.0005060740842258903,48.89985584559532,11.341479554988384,1.8607071844305518,0.0,1.9228826919409696,37.731481481481474,0.00048445959978957637,47.527987401403884,10.627792545095788,1.8088244784342993,0.0,0.007471449770446226,-0.848765432098773,2.1325208436153093e-05,-0.6541898993237112,0.7757204639816244,-0.005784059719514012,0.0,0.017662193725194175,-0.5401234567901199,4.2939692872467005e-05,0.7176785448677236,1.4894074738742198,0.04609864627673854,0.0
2013-03-18,27,True,1.9299794724529977,38.34876543209876,0.00043212370381898077,47.24577672725385,8.420308687231486,1.7514711991026908,0.0,1.9475865923561295,39.27469135802469,0.0004604682466485023,48.15058682552614,7.4323487045279135,1.7955774918187486,0.0,1.940565534377244,38.2716049382716,0.00043580785355159065,46.389491518568924,7.272397193468588,1.7360861014943225,0.0,-0.017607119903131796,-0.9259259259259309,-2.8344542829521538e-05,-0.9048100982722929,0.9879599827035728,-0.044106292716057816,0.0,-0.010586061924246382,0.07716049382715795,-3.6841497326098836e-06,0.8562852086849233,1.1479114937628987,0.015385097608368259,0.0
2013-03-19,27,True,1.7109913666848886,44.5216049382716,0.0006374291365383915,58.10640787521221,14.481271956001441,1.9862446378839544,0.0,1.7127881974999892,44.675925925925924,0.0006505357903811908,59.33211269990099,13.062230369308741,2.0415451792171373,0.0,1.6994818762187123,44.59876543209876,0.0006166130753776531,57.47715451898486,12.791243042981264,1.9547919722154725,0.0,-0.0017968308151006251,-0.154320987654323,-1.3106653842799272e-05,-1.2257048246887763,1.4190415866926998,-0.05530054133318285,0.0,0.011509490466176331,-0.07716049382715795,2.0816061160738365e-05,0.6292533562273519,1.6900289130201767,0.03145266566848193,0.0
2013-03-20,27,True,1.8130535599748143,34.33641975308642,0.00037406591793082833,44.52169866757636,9.702173671726834,1.5592290984879933,0.0,1.8171049386300695,35.72530864197531,0.00036896199645402813,45.19612174131548,7.703420347365162,1.581760144408612,0.0,1.8175269206611233,34.72222222222223,0.00035448706716931537,43.979929857633415,7.144794161082728,1.537274457152586,0.0,-0.004051378655255178,-1.3888888888888928,5.1039214768002004e-06,-0.6744230737391206,1.9987533243616724,-0.02253104592061872,0.0,-0.004473360686308991,-0.38580246913581107,1.9578850761512963e-05,0.5417688099429441,2.5573795106441066,0.021954641335407254,0.0
2013-03-21,27,True,2.1050032298064543,28.626543209876544,0.00032750770640009347,50.195993118113826,6.6594778926249765,1.8362996070029762,0.0,2.124976574827685,28.626543209876544,0.0003485235028476809,51.34438444171537,7.205254194049845,1.908069828556358,0.0,2.1208972285618835,28.626543209876544,0.00033016655862224043,49.426331045467315,6.965532116494305,1.839567841453503,0.0,-0.019973345021230937,0.0,-2.1015796447587448e-05,-1.148391323601544,-0.5457763014248682,-0.07177022155338175,0.0,-0.015893998755429184,0.0,-2.658852222146965e-06,0.7696620726465113,-0.3060542238693289,-0.003268234450526819,0.0
2013-03-22,27,True,2.372363441315202,30.015432098765434,0.00025614826163324343,62.07404927138025,7.6747411396726735,1.988570766205659,0.0,2.388794485466622,30.324074074074076,0.0002738528524554879,62.844998813589406,7.7674265426813776,2.056059190908311,0.0,2.3868786330486618,29.32098765432099,0.00025725473426781506,61.20713873807811,7.034783201765698,1.9816853776592829,0.0,-0.016431044151419716,-0.30864197530864246,-1.7704590822244487e-05,-0.7709495422091592,-0.09268540300870409,-0.0674884247026517,0.0,-0.01451519173345961,0.6944444444444429,-1.1064726345716295e-06,0.8669105333021392,0.6399579379069751,0.006885388546376214,0.0
2013-03-23,27,True,2.9958266028815417,19.058641975308642,0.00022368448010354222,73.73846362067601,5.583758541981562,2.732471484811258,0.0,3.0173809033397627,21.759259259259256,0.00024206729175767593,75.17693287232984,5.541085026507694,2.8372974411604615,0.0,3.022426303814334,21.219135802469133,0.00023445840781117166,74.0495637206474,5.156670222856592,2.776340061843099,0.0,-0.021554300458221043,-2.7006172839506135,-1.8382811654133716e-05,-1.438469251653828,0.04267351547386866,-0.10482595634920333,0.0,-0.026599700932792292,-2.16049382716049,-1.077392770762944e-05,-0.31110009997138377,0.42708831912497036,-0.04386857703184077,0.0
2013-03-24,27,True,3.5129123402407174,24.922839506172835,0.00031581187051668086,65.27477998494982,4.740733947232726,2.677386491961547,0.0,3.5352314777491425,25.07716049382716,0.00032841797979470496,67.43306830382515,4.673387627992002,2.778110876557888,0.0,3.523906147605229,24.537037037037038,0.00031457747922549573,65.63684430386412,3.7402966661656487,2.710624145254478,0.0,-0.02231913750842507,-0.15432098765432656,-1.2606109278024097e-05,-2.1582883188753357,0.06734631924072332,-0.10072438459634103,0.0,-0.01099380736451172,0.38580246913579685,1.2343912911851312e-06,-0.3620643189143067,1.000437281067077,-0.033237653292931046,0.0
2013-03-25,27,True,2.224521874387787,33.7962962962963,0.00046305876504893753,58.094027198102864,6.381034333283312,2.2232106454236784,0.0,2.2261843885738894,35.3395061728395,0.0004454720725829615,58.42414023835003,6.303282122907651,2.2453382330257883,0.0,2.218120481854687,34.33641975308642,0.00042400513325621534,57.325075978298976,5.550120045565135,2.1867609519488447,0.0,-0.0016625141861026371,-1.5432098765432016,1.7586692465976043e-05,-0.3301130402471628,0.07775221037566027,-0.022127587602109866,0.0,0.006401392533099681,-0.5401234567901199,3.905363179272219e-05,0.7689512198038884,0.8309142877181763,0.03644969347483373,0.0
2013-03-26,27,True,2.432489858914492,24.537037037037035,0.00027203380342633477,57.035431942295304,4.401665514078253,2.131071029827747,0.0,2.4364493420157025,24.922839506172835,0.00027740822609882,57.80942128643692,4.292286720561235,2.18689490386413,0.0,2.4401888252825596,23.99691358024691,0.0002707956224862943,56.56249938880025,3.4956294968176618,2.1302428701216978,0.0,-0.003959483101210637,-0.3858024691358004,-5.374422672485221e-06,-0.7739893441416186,0.10937879351701785,-0.055823874036383,0.0,-0.007698966368067772,0.5401234567901234,1.2381809400404883e-06,0.47293255349505614,0.9060360172605915,0.000828159706049103,0.0
2013-03-27,27,True,2.2558857032848425,39.89197530864197,0.0005496324697759674,65.82839548897225,10.20629753359869,2.3231338385315023,0.0,2.2804713887875514,41.5895061728395,0.0005788851924044262,67.73672935004642,10.268207209105794,2.442061561079378,0.0,2.26644005672298,41.203703703703695,0.0005526356455055697,66.49660816813649,9.756310871245367,2.3682870178543514,0.0,-0.0245856855027089,-1.6975308641975317,-2.9252722628458818e-05,-1.9083338610741691,-0.06190967550710447,-0.11892772254787554,0.0,-0.010554353438137376,-1.3117283950617278,-3.0031757296023224e-06,-0.6682126791642418,0.4499866623533233,-0.04515317932284901,0.0
2013-03-28,27,True,3.1352766065350925,19.290123456790123,0.00025676248597692727,58.05195342289818,2.3481757244034727,2.406891454067021,0.0,3.157543314638485,22.145061728395063,0.0002751544191391783,59.445816582215315,2.3056316029129387,2.4930199774812825,0.0,3.1536317289367357,21.141975308641978,0.00025998616378397805,58.163451801642864,1.8913441467050618,2.434348381866478,0.0,-0.022266708103392485,-2.85493827160494,-1.839193316225101e-05,-1.3938631593171351,0.04254412149053399,-0.08612852341426125,0.0,-0.018355122401643165,-1.8518518518518547,-3.223677807050781e-06,-0.1114983787446846,0.4568315776984109,-0.027456927799456743,0.0
2013-03-29,27,True,2.561153053414552,25.46296296296296,0.0002965520693631477,63.73872789041541,10.506717131547699,2.275188312538571,0.0,2.575436315948983,26.92901234567901,0.0003061486221757073,66.10176205766219,10.622578839398132,2.377937280693409,0.0,2.5784891680098325,25.925925925925924,0.00030422110814090186,64.97620877046187,10.465389948996961,2.327916890748586,0.0,-0.014283262534430907,-1.4660493827160508,-9.596552812559571e-06,-2.3630341672467736,-0.11586170785043315,-0.10274896815483814,0.0,-0.017336114595280616,-0.46296296296296546,-7.669038777754144e-06,-1.237480880046455,0.04132718255073797,-0.05272857821001509,0.0
2013-03-30,27,True,2.1590025193809064,39.73765432098766,0.0006627301770306,64.44793425104268,11.810871720028237,2.451568573336896,0.0,2.1813952186335737,39.58333333333333,0.00067748603463136,66.42792605007206,11.710299017710975,2.557860298677446,0.0,2.165016037317349,39.50617283950617,0.0006574095977534547,64.92182616746163,11.629139590256955,2.476521736780936,0.0,-0.022392699252667292,0.1543209876543301,-1.4755857600760023e-05,-1.9799917990293778,0.10057270231726179,-0.10629172534054998,0.0,-0.006013517936442447,0.23148148148148806,5.320579277145305e-06,-0.4738919164189497,0.18173212977128195,-0.02495316344403964,0.0
2013-03-31,27,True,3.062744923070744,18.51851851851852,0.00019998717655251493,57.701636698640314,5.678927385342829,2.1953298108841905,0.0,3.044844271001213,18.3641975308642,0.00019578292499586658,59.341618359324265,5.66656777559547,2.234441518571204,0.0,3.066267249954763,18.132716049382715,0.00019284805769900393,57.77279648986313,5.696136184039086,2.1942229336093106,0.0,0.017900652069531287,0.15432098765431945,4.204251556648344e-06,-1.6399816606839508,0.012359609747358391,-0.03911170768701355,0.0,-0.003522326884018767,0.38580246913580396,7.139118853510991e-06,-0.07115979122281857,-0.017208798696257688,0.0011068772748799027,0.0
2013-04-01,27,True,2.5406029577236957,28.703703703703702,0.0002768712077367699,56.449079952761274,6.839080335423397,2.2052147994524836,0.0,2.5556480986166408,30.709876543209873,0.0002965069361900285,58.31482078275643,6.840691548928058,2.2930467656664417,0.0,2.555299230176854,30.941358024691358,0.0002886795087067112,57.66545484420854,6.782939405473979,2.2666996629073037,0.0,-0.015045140892945064,-2.0061728395061706,-1.9635728453258595e-05,-1.8657408299951541,-0.001611213504661535,-0.08783196621395817,0.0,-0.014696272453158077,-2.237654320987655,-1.1808300969941331e-05,-1.2163748914472663,0.056140929949417995,-0.06148486345482018,0.0
2013-04-02,27,True,1.8769128213427928,42.9783950617284,0.000544562338605619,54.42460373982039,13.866929628944407,2.065016792806298,0.0,1.8909955270787502,45.52469135802469,0.0005826771032192249,56.32750617710536,12.880105799317688,2.1649543558310222,0.0,1.8791313203494562,44.5216049382716,0.0005586619028986575,55.27841444660276,12.439374050944206,2.107227071232232,0.0,-0.01408270573595738,-2.5462962962962905,-3.8114764613605945e-05,-1.9029024372849719,0.9868238296267187,-0.09993756302472434,0.0,-0.002218499006663377,-1.5432098765432016,-1.4099564293038568e-05,-0.8538107067823688,1.4275555780002005,-0.04221027842593417,0.0
2013-04-03,27,True,3.117713958536127,12.268518518518517,0.00013692699370211495,53.349518705725764,3.678391481111181,2.1182842078052335,0.0,3.1239700400286825,12.577160493827158,0.00013859976039543872,54.79346582236378,3.708684009999998,2.1705840543460595,0.0,3.1420969821116453,12.422839506172838,0.0001375216373612014,53.57191769718632,3.7432125403576815,2.1393169810478394,0.0,-0.00625608149255541,-0.3086419753086407,-1.6727666933237712e-06,-1.4439471166380144,-0.03029252888881695,-0.05229984654082598,0.0,-0.024383023575518248,-0.15432098765432123,-5.946436590864536e-07,-0.2223989914605582,-0.06482105924650039,-0.021032773242605884,0.0
2013-04-04,27,True,2.7799021463401776,15.046296296296296,0.000164993653370477,62.57373795335561,3.6947961054084266,2.4707802830563934,0.0,2.784672821133457,15.58641975308642,0.00017721495590496846,64.85151277952795,3.718567024248685,2.565565380136606,0.0,2.7881119325853017,15.432098765432098,0.00017575953893502329,64.30389815575005,3.7954170125946205,2.5440589925954824,0.0,-0.004770674793279195,-0.5401234567901234,-1.2221302534491467e-05,-2.2777748261723403,-0.023770918840258393,-0.09478509708021265,0.0,-0.008209786245124029,-0.3858024691358022,-1.076588556454629e-05,-1.730160202394437,-0.10062090718619388,-0.073278709539089,0.0
2013-04-05,27,True,2.06064183220625,32.87037037037037,0.00039531989317397026,53.438459058482046,10.344182194637877,1.9171803437061081,0.0,2.0605241154312797,34.1820987654321,0.0004080496864349121,54.652864378786866,10.44882837845094,1.9687242988645277,0.0,2.0543793498319576,33.7962962962963,0.000393899556681018,53.905072378568136,9.97252884615343,1.9342070194459124,0.0,0.00011771677497041111,-1.3117283950617349,-1.2729793260941858e-05,-1.2144053203048202,-0.10464618381306323,-0.051543955158419585,0.0,0.0062624823742924995,-0.9259259259259309,1.4203364929522865e-06,-0.4666133200860898,0.37165334848444687,-0.01702667573980432,0.0
2013-04-06,27,True,2.8122225181564033,14.969135802469133,0.0001387700238155065,50.08337418720343,1.6167190047402769,1.84447900914915,0.0,2.8303585431941083,14.737654320987653,0.00015166852685766797,51.49725911348283,1.6137361193353645,1.8836105017205331,0.0,2.836495507294859,14.043209876543209,0.00014758726203429836,50.64446464576537,1.6715589066198127,1.8584829145707407,0.0,-0.01813602503770495,0.23148148148147918,-1.2898503042161458e-05,-1.413884926279401,0.0029828854049123166,-0.03913149257138304,0.0,-0.02427298913845588,0.9259259259259238,-8.817238218791854e-06,-0.5610904585619352,-0.0548399018795358,-0.014003905421590579,0.0
2013-04-07,27,True,2.4552888722727286,34.722222222222214,0.0005738802899557275,82.09320939762574,6.652589616129791,2.7906452874299026,0.0,2.470664315471431,34.41358024691358,0.0005935544520331333,83.4176583022542,6.70145636300832,2.863125404544082,0.0,2.4658637217394332,33.95061728395061,0.0005857241251119825,82.82081660195722,6.092799037560766,2.8348923906916665,0.0,-0.015375443198702321,0.3086419753086318,-1.9674162077405765e-05,-1.3244489046284542,-0.0488667468785291,-0.07248011711417934,0.0,-0.010574849466704617,0.7716049382716008,-1.1843835156255013e-05,-0.727607204331477,0.5597905785690243,-0.044247103261763954,0.0
2013-04-08,27,True,1.9454175113195844,35.95679012345679,0.0005019495201927411,70.73711249799778,10.226537355500122,2.1451525799119984,0.0,1.9667705510137903,37.73148148148148,0.0005247825834207478,73.35512027986098,10.485903326633284,2.249308996114971,0.0,1.9559447141192612,36.574074074074076,0.0005067068006186232,71.44966622704253,9.636002448103795,2.178023609671768,0.0,-0.021353039694205878,-1.7746913580246897,-2.2833063228006696e-05,-2.6180077818631986,-0.2593659711331622,-0.10415641620297267,0.0,-0.010527202799676783,-0.6172839506172849,-4.7572804258820415e-06,-0.7125537290447426,0.5905349073963269,-0.03287102975976941,0.0
2013-04-09,27,True,2.536302320778282,20.44753086419753,0.0002445690961184762,73.32902179392586,5.675820847300902,2.1523851365704116,0.0,2.5447386956833724,20.679012345679013,0.00025828091352719074,76.65061135321449,6.621545001235658,2.2675485070057118,0.0,2.5564629596373547,20.29320987654321,0.00025632804129995006,75.00842448268718,6.257534158526725,2.2219428573685436,0.0,-0.008436374905090194,-0.23148148148148096,-1.3711817408714518e-05,-3.3215895592886255,-0.9457241539347558,-0.11516337043530012,0.0,-0.02016063885907249,0.154320987654323,-1.1758945181473838e-05,-1.6794026887613143,-0.5817133112258226,-0.06955772079813194,0.0
2013-04-10,27,True,1.9401757413552194,37.26851851851852,0.00047836648260745257,75.2822297216151,10.257800387550132,2.217226036834766,0.0,1.9660014286611565,38.73456790123457,0.0005126293656411854,78.62703760768605,10.66985668515048,2.3675370311489266,0.0,1.9539924000374091,37.73148148148148,0.000492708592407693,77.31276138755271,10.07356108096696,2.302488614426216,0.0,-0.02582568730593704,-1.4660493827160508,-3.426288303373285e-05,-3.344807886070953,-0.4120562976003477,-0.1503109943141605,0.0,-0.01381665868218973,-0.4629629629629619,-1.4342109800240439e-05,-2.030531665937616,0.1842393065831729,-0.08526257759144995,0.0
2013-04-11,27,True,1.7329500872713055,36.95987654320987,0.0003678297486764282,59.69632822285963,7.084125808610421,1.6173572343316858,0.0,1.7405284499782394,38.58024691358025,0.00038369403599401345,62.85055918432284,6.954261713905933,1.6949824046877444,0.0,1.7314483353033685,37.191358024691354,0.0003611418564346562,60.442085521316784,5.855796267740611,1.6307219183470338,0.0,-0.0075783627069339055,-1.6203703703703738,-1.5864287317585233e-05,-3.154230961463213,0.12986409470448734,-0.07762517035605865,0.0,0.001501751967937004,-0.23148148148148096,6.687892241772015e-06,-0.745757298457157,1.2283295408698098,-0.013364684015348072,0.0
2013-04-12,27,True,2.0748304747585347,30.78703703703704,0.00029491349911160133,69.79620163023232,4.546152448025381,1.9868759437266315,0.0,2.0829120792806717,32.63888888888889,0.0003071022342597182,72.36338911854115,5.060753685040527,2.0768831863775445,0.0,2.0765388931211195,31.558641975308642,0.0002931913088653552,70.42119503667352,4.05421471077804,2.0115413354793192,0.0,-0.00808160452213702,-1.8518518518518512,-1.218873514811686e-05,-2.567187488308832,-0.5146012370151452,-0.09000724265091309,0.0,-0.0017084183625848404,-0.7716049382716008,1.7221902462461196e-06,-0.6249934064412059,0.49193773724734147,-0.024665391752687782,0.0
2013-04-13,27,True,2.1329586132898135,34.33641975308642,0.00037575722378416,72.55589190996461,5.691018514063038,2.071168141140771,0.0,2.1451641016520218,35.108024691358025,0.0003993619357785512,75.28162525867685,6.080416935643165,2.170404997560075,0.0,2.1348888803309443,33.95061728395061,0.00038080446457831787,73.06014714689411,5.775513860221057,2.0962945029589557,0.0,-0.01220548836220825,-0.7716049382716079,-2.360471199439122e-05,-2.7257333487122395,-0.38939842158012716,-0.0992368564193038,0.0,-0.001930267041130751,0.38580246913580396,-5.047240794157882e-06,-0.5042552369294953,-0.08449534615801912,-0.025126361818184506,0.0
2013-04-14,27,True,2.0849761090912664,27.00617283950617,0.00035748826937596076,67.28358706182419,4.329431551897467,1.927740862611504,0.0,2.105075684607373,28.78086419753086,0.00037724108227860765,69.5833867494079,4.426724983325362,2.0119628468614423,0.0,2.0963756461093004,28.240740740740737,0.0003659692571492828,68.01939525556998,4.42502426179657,1.9631186100159201,0.0,-0.020099575516106416,-1.7746913580246897,-1.9752812902646885e-05,-2.2997996875837003,-0.09729343142789482,-0.08422198424993832,0.0,-0.011399537018033978,-1.2345679012345663,-8.480987773322012e-06,-0.7358081937457825,-0.09559270989910296,-0.03537774740441613,0.0
2013-04-15,27,True,2.3658817190565506,20.833333333333336,0.0001409864632035681,64.6085955189799,1.0960635838626887,1.8529826256482185,0.0,2.3777766907482354,21.219135802469133,0.00016409200753417948,67.57490311687195,2.0912197678108804,1.960480535804878,0.0,2.38719845724002,20.910493827160494,0.0001532489381085504,65.74231290041196,1.2277357321045426,1.901367106854808,0.0,-0.011894971691684741,-0.38580246913579685,-2.310554433061139e-05,-2.9663075978920546,-0.9951561839481917,-0.10749791015665955,0.0,-0.021316738183469575,-0.07716049382715795,-1.2262474904982309e-05,-1.1337173814320636,-0.13167214824185391,-0.04838448120658945,0.0
2013-04-16,27,True,3.3698912092206847,14.969135802469136,0.00015135223383117152,84.07888911355539,0.0,3.021982452497959,0.0,3.3562418500441162,15.817901234567902,0.00015594075958440292,86.93862329029183,0.0,3.137919333420795,0.0,3.367971153307542,15.972222222222223,0.00015535719822769214,85.47243298213195,0.0,3.0928815097941054,0.0,0.01364935917656851,-0.8487654320987659,-4.588525753231401e-06,-2.8597341767364384,0.0,-0.11593688092283605,0.0,0.0019200559131427042,-1.003086419753087,-4.00496439652062e-06,-1.3935438685765575,0.0,-0.07089905729614632,0.0
2013-04-17,27,True,2.5259598515153243,29.01234567901234,0.0002806706583722475,86.39412604679752,4.897382809257125,2.9215091245471787,0.0,2.5524278692617504,31.86728395061728,0.0003209563404818696,89.51530605887892,5.578380994855177,3.1024635075453517,0.0,2.5399576935723065,31.17283950617284,0.00030209318480587744,87.94867461730297,4.80136091964598,3.031936407984185,0.0,-0.026468017746426042,-2.85493827160494,-4.028568210962208e-05,-3.121180012081396,-0.6809981855980523,-0.180954382998173,0.0,-0.01399784205698218,-2.160493827160497,-2.1422526433629923e-05,-1.554548570505446,0.0960218896111451,-0.11042728343700636,0.0
2013-04-18,27,True,2.395901017170866,23.996913580246915,0.0002085288847311037,78.90757348071837,3.7135766492934605,2.4654945253049645,0.0,2.4063681536285455,26.003086419753085,0.0002378919493000347,81.381711495391,3.741364595178785,2.5986413153533876,0.0,2.4117025405752295,24.76851851851852,0.00022699384181776544,80.00511848530242,3.7669709359061074,2.538310952373122,0.0,-0.010467136457679604,-2.0061728395061706,-2.9363064568930982e-05,-2.474138014672633,-0.027787945885324294,-0.1331467900484231,0.0,-0.015801523404363582,-0.7716049382716044,-1.8464957086661732e-05,-1.097545004584049,-0.05339428661264689,-0.07281642706815772,0.0
2013-04-19,27,False,nan,nan,nan,nan,nan,nan,nan,nan,nan,nan,nan,nan,nan,nan,nan,nan,nan,nan,nan,nan,nan,nan,nan,nan,nan,nan,nan,nan,nan,nan,nan,nan,nan,nan,nan
2013-04-20,27,False,nan,nan,nan,nan,nan,nan,nan,nan,nan,nan,nan,nan,nan,nan,nan,nan,nan,nan,nan,nan,nan,nan,nan,nan,nan,nan,nan,nan,nan,nan,nan,nan,nan,nan,nan
2013-04-21,27,False,nan,nan,nan,nan,nan,nan,nan,nan,nan,nan,nan,nan,nan,nan,nan,nan,nan,nan,nan,nan,nan,nan,nan,nan,nan,nan,nan,nan,nan,nan,nan,nan,nan,nan,nan
2013-04-22,27,False,nan,nan,nan,nan,nan,nan,nan,nan,nan,nan,nan,nan,nan,nan,nan,nan,nan,nan,nan,nan,nan,nan,nan,nan,nan,nan,nan,nan,nan,nan,nan,nan,nan,nan,nan
2013-04-23,27,False,nan,nan,nan,nan,nan,nan,nan,nan,nan,nan,nan,nan,nan,nan,nan,nan,nan,nan,nan,nan,nan,nan,nan,nan,nan,nan,nan,nan,nan,nan,nan,nan,nan,nan,nan
2013-04-24,27,False,nan,nan,nan,nan,nan,nan,nan,nan,nan,nan,nan,nan,nan,nan,nan,nan,nan,nan,nan,nan,nan,nan,nan,nan,nan,nan,nan,nan,nan,nan,nan,nan,nan,nan,nan
2013-04-25,27,False,nan,nan,nan,nan,nan,nan,nan,nan,nan,nan,nan,nan,nan,nan,nan,nan,nan,nan,nan,nan,nan,nan,nan,nan,nan,nan,nan,nan,nan,nan,nan,nan,nan,nan,nan
2013-04-26,27,False,nan,nan,nan,nan,nan,nan,nan,nan,nan,nan,nan,nan,nan,nan,nan,nan,nan,nan,nan,nan,nan,nan,nan,nan,nan,nan,nan,nan,nan,nan,nan,nan,nan,nan,nan
2013-04-27,27,False,nan,nan,nan,nan,nan,nan,nan,nan,nan,nan,nan,nan,nan,nan,nan,nan,nan,nan,nan,nan,nan,nan,nan,nan,nan,nan,nan,nan,nan,nan,nan,nan,nan,nan,nan
2013-04-28,27,True,2.6320123739297014,24.76851851851852,0.0002634253258624258,62.86754234966177,1.2848033189963548,2.4542120205527187,0.0,2.6491167776336875,24.768518518518515,0.00028294228220875295,65.42365752936803,2.3399219063934162,2.560440501845937,0.0,2.6428455924634497,24.845679012345677,0.00027211021289344614,63.84837752243486,1.36113581266586,2.49956721738262,0.0,-0.017104403703986026,3.552713678800501e-15,-1.951695634632713e-05,-2.5561151797062607,-1.0551185873970614,-0.10622848129321838,0.0,-0.010833218533748301,-0.07716049382715795,-8.684887031020318e-06,-0.9808351727730908,-0.07633249366950512,-0.04535519682990152,0.0
2013-04-29,27,True,2.394592422723158,26.697530864197528,0.0002739202110473826,69.65746109773897,3.0627360464642663,2.1905488471484658,0.0,2.4113368485915805,29.089506172839503,0.00031100574500749926,72.69907278950095,3.1749477140934763,2.3039371346259787,0.0,2.3998748890156385,28.39506172839506,0.0002913001947742857,70.85857391268402,3.176913388410263,2.2413277296536194,0.0,-0.016744425868422397,-2.3919753086419746,-3.708553396011664e-05,-3.0416116917619718,-0.11221166762920998,-0.11338828747751295,0.0,-0.0052824662924804144,-1.6975308641975317,-1.737998372690309e-05,-1.2011128149450485,-0.1141773419459966,-0.05077888250515361,0.0
2013-04-30,27,True,2.761828229057745,20.29320987654321,0.00021205516559213855,76.28936195846092,2.907230919896834,2.4554407093599306,0.0,2.7589675820503134,22.22222222222222,0.00022295503564936944,79.14032196488319,3.315227943434937,2.569953656316832,0.0,2.7706342402438815,20.833333333333336,0.0002188541136420503,77.45394017512638,3.033421315605147,2.520055898462112,0.0,0.002860647007431716,-1.9290123456790127,-1.0899870057230884e-05,-2.8509600064222695,-0.40799702353810297,-0.11451294695690128,0.0,-0.008806011186136331,-0.540123456790127,-6.79894804991174e-06,-1.1645782166654612,-0.12619039570831303,-0.06461518910218134,0.0
2013-05-01,27,True,2.3934901180734744,31.17283950617284,0.0002792760831767785,77.7995246851753,5.393014153747183,2.6519686431624137,0.0,2.419197746897482,32.56172839506173,0.00032201605024048235,81.27067992659858,7.278418248623167,2.842088680095321,0.0,2.4076377831936466,31.404320987654323,0.0003013317608213775,79.37561529313979,6.2994100420733385,2.750683669410116,0.0,-0.025707628824007678,-1.3888888888888893,-4.273996706370383e-05,-3.4711552414232756,-1.8854040948759838,-0.19012003693290724,0.0,-0.014147665120172181,-0.2314814814814845,-2.2055677644598954e-05,-1.5760906079644883,-0.9063958883261556,-0.09871502624770256,0.0
2013-05-02,27,True,2.618941516817235,22.916666666666664,0.00026211286548217654,85.13508493266563,5.014872144711033,2.8035826786713614,0.0,2.6189689164624417,25.23148148148148,0.00029125098875361816,88.28972075366023,5.196767443785213,2.969015738454122,0.0,2.6173767227713003,24.614197530864192,0.0002727630637296748,86.53967198391693,5.205418088317029,2.884433649887657,0.0,-2.739964520648286e-05,-2.3148148148148167,-2.9138123271441616e-05,-3.1546358209945993,-0.18189529907418045,-0.16543305978276068,0.0,0.001564794045934903,-1.6975308641975282,-1.065019824749824e-05,-1.4045870512512977,-0.1905459436059962,-0.0808509712162957,0.0
2013-05-03,27,True,2.6125336131928214,28.39506172839506,0.0002763184526475611,85.89668513282906,4.3465303664434405,3.14854999145401,0.0,2.638781755327275,28.93518518518518,0.00031161715262389224,89.5031342663255,5.271131176513001,3.3187255268040725,0.0,2.6263815603120806,29.320987654320984,0.0002958313820538952,87.54984708000428,4.116121694397325,3.236517810737624,0.0,-0.02624814213445381,-0.5401234567901199,-3.529869997633114e-05,-3.60644913349644,-0.9246008100695606,-0.17017553535006247,0.0,-0.013847947119259185,-0.9259259259259238,-1.951292940633408e-05,-1.6531619471752208,0.23040867204611537,-0.08796781928361375,0.0
2013-05-04,27,True,2.988144873200343,27.160493827160494,0.00022744058216471276,86.03426019317712,4.390699411873866,3.3245115941941794,0.0,2.9854339564048016,29.089506172839503,0.0002461521063896207,88.37353673589332,5.283642329169344,3.4416936936461795,0.0,2.9972147450259436,27.469135802469136,0.00023584401783387256,86.83188517729245,4.112130032810359,3.3715639877429853,0.0,0.0027109167955412516,-1.9290123456790091,-1.8711524224907953e-05,-2.339276542716206,-0.8929429172954775,-0.11718209945200009,0.0,-0.009069871825600817,-0.30864197530864246,-8.4034356691598e-06,-0.7976249841153304,0.2785693790635069,-0.04705239354880586,0.0
2013-05-05,27,True,2.71439183454341,30.864197530864196,0.0003074759678023384,82.28050632205826,5.998117874880048,3.1180652204015438,0.0,2.7307952888670246,32.71604938271605,0.0003406662098035779,84.568544074649,7.886683779175637,3.266170911446679,0.0,2.722821633225013,31.86728395061728,0.0003229425567483562,83.31064032797728,7.56409159388662,3.1921401365502255,0.0,-0.016403454323614675,-1.8518518518518547,-3.319024200123947e-05,-2.288037752590739,-1.8885659042955885,-0.14810569104513505,0.0,-0.008429798681603096,-1.0030864197530853,-1.5466588946017772e-05,-1.0301340059190238,-1.5659737190065721,-0.07407491614868178,0.0
2013-05-06,27,True,2.7983288821995638,27.469135802469136,0.0003301241969640955,82.35060027656029,3.9631240648593073,3.012336823354311,0.0,2.8186411805451375,29.398148148148145,0.00036094056203049785,85.34071460230028,4.796066387705045,3.170453091480366,0.0,2.809074793418159,28.703703703703702,0.0003440603219247305,83.64310037285884,3.999138611399231,3.0909559751239204,0.0,-0.020312298345573687,-1.9290123456790091,-3.081636506640237e-05,-2.990114325739995,-0.8329423228457373,-0.15811626812605528,0.0,-0.01074591121859525,-1.2345679012345663,-1.393612496063503e-05,-1.2925000962985536,-0.03601454653992375,-0.07861915176960954,0.0
2013-05-07,27,True,2.8567969449725905,26.15740740740741,0.0002621793548652828,88.27758106061589,1.6908082655487304,3.3101157409601645,0.0,2.867570908435649,28.39506172839506,0.00030407395689102304,91.47834998015996,2.1401599141591046,3.518499088166411,0.0,2.8667081161301127,27.85493827160494,0.00029004029624120077,90.52943135581167,2.178907542046427,3.455655191902238,0.0,-0.010773963463058589,-2.2376543209876516,-4.189460202574024e-05,-3.2007689195440747,-0.44935164861037413,-0.2083833472062464,0.0,-0.009911171157522158,-1.6975308641975317,-2.7860941375917967e-05,-2.25185029519578,-0.4880992764976966,-0.14553945094207332,0.0
2013-05-08,27,True,2.825454566063856,19.598765432098766,0.000164594913439658,84.75985515305017,3.8002259680242467,3.2222095621432336,0.0,2.837798809809197,22.762345679012345,0.0001969576176910638,87.85088541080044,4.199443277626376,3.4231685764771695,0.0,2.837510016011608,21.6820987654321,0.00018641998237294713,86.31339042439676,3.919383836928071,3.33645400338374,0.0,-0.012344243745340933,-3.163580246913579,-3.236270425140578e-05,-3.091030257750276,-0.399217309602129,-0.20095901433393593,0.0,-0.012055449947752095,-2.0833333333333357,-2.182506893328912e-05,-1.5535352713465898,-0.1191578689038244,-0.11424444124050659,0.0
2013-05-09,27,True,2.4437992836819116,33.7962962962963,0.00035466451476456954,81.67276486445304,5.986173018472156,3.1948816779675604,0.0,2.4681957640670475,35.879629629629626,0.0004104022443011553,84.25673305309813,6.73568896908103,3.402322168708057,0.0,2.4560257733926307,34.876543209876544,0.0003885974317728379,83.12837699474045,6.390654717291753,3.3241297257590627,0.0,-0.024396480385135977,-2.0833333333333286,-5.573772953658575e-05,-2.5839681886450876,-0.749515950608874,-0.20744049074049675,0.0,-0.012226489710719157,-1.0802469135802468,-3.393291700826834e-05,-1.455612130287406,-0.4044816988195965,-0.12924804779150234,0.0
2013-05-10,27,True,2.4837553917252193,29.938271604938272,0.00030293950002954935,83.25386929747661,6.545797258163478,3.2836753262754486,0.0,2.49446582612848,32.56172839506173,0.00033467838237197196,85.77671768730067,6.569731464576913,3.4251762202941736,0.0,2.488632912751063,30.09259259259259,0.00030985508184282797,83.91903929594046,6.593505302857876,3.3459702009207923,0.0,-0.010710434403260471,-2.6234567901234556,-3.173888234242261e-05,-2.5228483898240626,-0.023934206413435355,-0.141500894018725,0.0,-0.004877521025843823,-0.15432098765431945,-6.915581813278623e-06,-0.6651699984638526,-0.04770804469439849,-0.06229487464534378,0.0
2013-05-11,27,True,3.6563231041209736,17.28395061728395,0.00021612929942621558,86.4407668315922,3.3614387381913557,3.627241315063481,0.0,3.6443325819579644,17.824074074074073,0.00023173183462376715,88.72833182282218,3.5196913234618497,3.764141036868666,0.0,3.6650431363115796,17.20679012345679,0.000227245398482857,87.41501470701199,3.526638579925571,3.697216797092053,0.0,0.01199052216300922,-0.5401234567901234,-1.5602535197551564e-05,-2.287564991229985,-0.1582525852704939,-0.13689972180518506,0.0,-0.00872003219060602,0.07716049382715795,-1.1116099056641423e-05,-0.9742478754197919,-0.1651998417342151,-0.06997548202857207,0.0
2013-05-12,27,True,2.7262090876563434,33.4104938271605,0.0004031097909218636,90.44365627664426,7.543291140056838,3.3432222469678177,0.0,2.7529890673230457,35.26234567901234,0.0004265987400433658,92.80587696016974,8.14995294998884,3.502391463878402,0.0,2.740198656782828,34.33641975308642,0.00041315340226421123,91.68357919970747,7.513068002743834,3.4368481624193388,0.0,-0.026779979666702314,-1.8518518518518405,-2.3488949121502206e-05,-2.3622206835254786,-0.6066618099320022,-0.1591692169105845,0.0,-0.013989569126484636,-0.9259259259259167,-1.004361134234762e-05,-1.2399229230632045,0.030223137313003967,-0.0936259154515211,0.0
2013-05-13,27,True,3.139160337640729,15.277777777777777,0.00015398959357555337,85.89801499505285,1.7972751180034503,2.9924785073995723,0.0,3.1299354504269985,16.512345679012345,0.00016853311210201767,88.95760438211923,1.8269750297015053,3.1544770792528696,0.0,3.1451223520669993,16.203703703703702,0.00016291003952329788,87.81422870178287,1.8521943706485477,3.1049019041763097,0.0,0.009224887213730604,-1.234567901234568,-1.4543518526464306e-05,-3.0595893870663815,-0.02969991169805497,-0.16199857185329725,0.0,-0.005962014426270201,-0.9259259259259256,-8.920445947744514e-06,-1.9162137067300193,-0.05491925264509745,-0.1124233967767374,0.0
2013-05-14,27,True,3.4798596321684445,16.126543209876544,0.00015793534197860009,100.55151634753732,1.9945012885927982,3.8570960481640375,0.0,3.483419718597636,17.361111111111107,0.00017931359332300323,104.42001941262217,2.344258613072021,4.091112462961709,0.0,3.4881591369679334,17.05246913580247,0.00018049632812142864,103.80865220672054,2.326618430627871,4.0658224415853965,0.0,-0.003560086429191589,-1.2345679012345627,-2.1378251344403147e-05,-3.8685030650848518,-0.3497573244792229,-0.23401641479767132,0.0,-0.008299504799488933,-0.9259259259259238,-2.2560986142828557e-05,-3.2571358591832222,-0.3321171420350728,-0.208726393421359,0.0
2013-05-15,27,True,3.304340315844308,30.32407407407407,0.00038892840565211306,101.20129233287754,9.48133430204599,4.29376095427433,0.0,3.3278618134866345,32.56172839506173,0.00043628719225996884,103.86945929819036,9.976439573401853,4.518079962685644,0.0,3.3179413589545534,31.944444444444443,0.0004212937741945942,103.19468005717248,9.223162074519445,4.460951413483585,0.0,-0.023521497642326583,-2.2376543209876587,-4.7358786607855786e-05,-2.668166965312821,-0.4951052713558628,-0.2243190084113147,0.0,-0.01360104311024557,-1.6203703703703738,-3.2365368542481166e-05,-1.9933877242949336,0.25817222752654523,-0.16719045920925524,0.0
2013-05-16,27,True,3.501417201455163,20.138888888888886,0.0002706512997381765,93.9991280729236,3.3207811183204057,4.158049503172539,0.0,3.5143916443034375,22.145061728395063,0.0003140874156430705,97.97597931801381,3.7315873136539133,4.398891121484719,0.0,3.50991215719915,21.91358024691358,0.0003011421874427285,96.84687072125004,3.3379996882203757,4.324643750024423,0.0,-0.012974442848274315,-2.0061728395061778,-4.343611590489397e-05,-3.9768512450902165,-0.4108061953335076,-0.24084161831217976,0.0,-0.008494955743986843,-1.7746913580246932,-3.0490887704551998e-05,-2.847742648326445,-0.01721856989997006,-0.16659424685188373,0.0
2013-05-17,27,True,3.660613476066713,22.839506172839506,0.00025800067583396186,107.46002250752308,4.612895927106901,4.442456903449036,0.0,3.684449995984865,24.614197530864192,0.0003014380416388479,109.88275312176101,5.230304098541374,4.64139452482671,0.0,3.669153988666346,24.074074074074073,0.0002777475835209656,108.7466324390316,3.9345915381928918,4.546406641511332,0.0,-0.023836519918152277,-1.7746913580246861,-4.343736580488607e-05,-2.422730614237935,-0.6174081714344721,-0.19893762137767368,0.0,-0.008540512599632955,-1.2345679012345663,-1.974690768700375e-05,-1.2866099315085222,0.6783043889140097,-0.1039497380622958,0.0
2013-05-18,27,True,4.047364964451017,25.0,0.0003942185754749154,103.82186788087458,4.462508527482802,5.406027453681526,0.0,4.075280007566818,26.466049382716044,0.00043826542863280304,105.9218739984625,4.72783045531264,5.591306319188354,0.0,4.058969305179378,25.54012345679012,0.00041672924657233917,104.56701065841924,4.316977428529099,5.481381024942827,0.0,-0.02791504311580084,-1.4660493827160437,-4.404685315788766e-05,-2.100006117587924,-0.265321927829838,-0.18527886550682826,0.0,-0.011604340728361251,-0.5401234567901199,-2.251067109742378e-05,-0.7451427775446575,0.1455310989537031,-0.07535357126130116,0.0
2013-05-19,27,True,4.2998942457359925,20.061728395061728,0.00032770260064286555,100.53214370192488,2.4469744079405453,5.107316717629024,0.0,4.320793937949208,20.52469135802469,0.0003476836279033451,102.62487465618892,3.633106365858609,5.236431060770542,0.0,4.313355623512279,20.216049382716047,0.00033709281896729843,101.41027058138745,2.4834582529877975,5.167449537694329,0.0,-0.020899692213215637,-0.4629629629629619,-1.9981027260479543e-05,-2.0927309542640415,-1.1861319579180636,-0.12911434314151826,0.0,-0.013461377776286199,-0.15432098765431945,-9.390218324432876e-06,-0.8781268794625703,-0.03648384504725222,-0.06013282006530485,0.0
2013-05-20,27,True,4.076819070260632,23.688271604938272,0.00031516236828475335,102.31668480235169,5.812721292546776,4.986693025552206,0.0,4.103100354402035,25.154320987654323,0.0003620447514219927,104.43377894952806,6.148731634794145,5.1905701399000606,0.0,4.090356530083249,24.305555555555557,0.0003317823433532158,103.29719871749144,6.14109489643921,5.082374955017647,0.0,-0.02628128414140285,-1.4660493827160508,-4.688238313723937e-05,-2.117094147176374,-0.33601034224736903,-0.20387711434785416,0.0,-0.013537459822616782,-0.6172839506172849,-1.661997506846244e-05,-0.9805139151397526,-0.32837360389243386,-0.09568192946544052,0.0
2013-05-21,27,True,4.246407706919074,17.283950617283953,0.0002725561302524508,112.17597529472125,1.919377386731846,5.716657244214894,0.0,4.26678544530007,19.444444444444446,0.00031332937154741067,113.92679445024574,1.958792001748123,5.904144816328419,0.0,4.26072956958501,18.51851851851852,0.0002962159682947711,113.12697747057936,1.9857957968549966,5.8327617223069215,0.0,-0.020377738380996213,-2.1604938271604937,-4.0773241294959895e-05,-1.750819155524482,-0.03941461501627708,-0.18748757211352451,0.0,-0.014321862665935825,-1.2345679012345663,-2.365983804232031e-05,-0.9510021758581075,-0.06641841012315064,-0.11610447809202729,0.0
2013-05-22,27,True,4.954064104820089,11.111111111111112,0.00015517512899771,108.84721561560063,2.5050693195816645,5.89012506679156,0.0,4.9319156766232295,11.651234567901236,0.0001722553454868777,111.05537318508627,2.634022124513457,6.052488833372074,0.0,4.95210024374047,11.265432098765432,0.00016211729183483636,110.1297760121269,2.6852089145405063,5.988933722895533,0.0,0.022148428196859804,-0.5401234567901234,-1.7080216489167704e-05,-2.2081575694856355,-0.12895280493179273,-0.16236376658051377,0.0,0.0019638610796191003,-0.15432098765431945,-6.942162837126367e-06,-1.2825603965262644,-0.1801395949588418,-0.09880865610397294,0.0
2013-05-23,27,True,5.043196732990287,8.719135802469136,7.777778140475527e-05,115.32312409969218,0.0,5.938619114216879,0.0,5.032295097645412,9.645061728395062,8.573411282960424e-05,116.74026726407156,0.0,6.099165456434323,0.0,5.038798685300105,9.49074074074074,8.439129730732418e-05,116.34323806440577,0.0,6.068017138684246,0.0,0.010901635344874983,-0.9259259259259256,-7.956331424848967e-06,-1.4171431643793824,0.0,-0.16054634221744468,0.0,0.004398047690181706,-0.7716049382716044,-6.6135159025689145e-06,-1.0201139647135875,0.0,-0.12939802446736692,0.0
2013-05-24,27,True,4.1583106806202625,19.598765432098766,0.0002167648841465154,108.88561046183004,4.987259750506053,5.804770685273738,0.0,4.177829634565182,20.75617283950617,0.00023951286723059855,109.65004358014797,4.970915425351978,5.933023904146964,0.0,4.175162987510714,20.216049382716047,0.00023511290724184588,109.59188867495381,5.010789354975156,5.916800098628539,0.0,-0.019518953944919204,-1.1574074074074048,-2.274798308408315e-05,-0.7644331183179247,0.01634432515407447,-0.12825321887322616,0.0,-0.016852306890451807,-0.6172839506172814,-1.834802309533048e-05,-0.7062782131237668,-0.023529604469103127,-0.11202941335480165,0.0
2013-05-25,27,True,4.454958167747285,21.373456790123456,0.00034573808197127656,105.27453488766906,0.0,5.500071387205855,0.0,4.477556382179882,22.453703703703706,0.00036359863181610234,106.77023883936356,0.28917300486705927,5.65226829339569,0.0,4.474190784391565,22.376543209876544,0.00036058175467689786,106.56188608054069,0.07897889844852864,5.6316641131125325,0.0,-0.022598214432597352,-1.0802469135802504,-1.786054984482578e-05,-1.4957039516944945,-0.28917300486705927,-0.15219690618983517,0.0,-0.01923261664428022,-1.0030864197530889,-1.4843672705621303e-05,-1.2873511928716255,-0.07897889844852864,-0.13159272590667737,0.0
2013-05-26,27,True,4.048609589573705,22.685185185185187,0.00037530259975301683,102.56742357266312,5.556967860333076,5.45838151406045,0.0,4.06951445746458,23.30246913580247,0.00040632472567826646,104.26632284842651,5.697993934582297,5.592366362559064,0.0,4.062751000320693,23.22530864197531,0.0003971919607306405,103.75630096894592,5.7459827035751685,5.552716806561477,0.0,-0.020904867890874534,-0.6172839506172814,-3.102212592524963e-05,-1.6988992757633952,-0.1410260742492211,-0.13398484849861347,0.0,-0.014141410746987937,-0.5401234567901234,-2.1889360977623694e-05,-1.1888773962828054,-0.1890148432420924,-0.09433529250102701,0.0
2013-05-27,27,True,5.063049522245223,6.481481481481481,6.727489039522331e-05,107.52543389106906,0.0,5.480443987616809,0.0,5.046557003347921,7.870370370370369,7.746320350977728e-05,109.70921904287914,0.0,5.650461514175381,0.0,5.057914021564762,7.484567901234566,7.459386613093483e-05,109.04916857598698,0.0,5.599734266127484,0.0,0.01649251889730241,-1.3888888888888884,-1.018831311455397e-05,-2.183785151810085,0.0,-0.17001752655857238,0.0,0.0051355006804616465,-1.0030864197530853,-7.318975735711521e-06,-1.523734684917926,0.0,-0.11929027851067531,0.0
2013-05-28,27,True,4.312981915792734,21.604938271604937,0.00028796934468417644,112.08365476285401,9.453262334880804,5.836926230723056,0.0,4.323910990580731,22.99382716049383,0.00031892703007873447,113.4210670107256,9.709381950177114,5.999256534717124,0.0,4.324052116187925,22.993827160493826,0.0003183888220625451,113.39912683120335,9.794596053741481,5.993544730865432,0.0,-0.010929074787997095,-1.3888888888888928,-3.0957685394558026e-05,-1.3374122478715833,-0.2561196152963099,-0.162330303994068,0.0,-0.011070200395191243,-1.3888888888888893,-3.041947737836867e-05,-1.3154720683493366,-0.3413337188606764,-0.15661850014237633,0.0
2013-05-29,27,True,3.4552368273801815,29.320987654320984,0.0003244776166637192,115.94395514598602,6.492565030560492,5.047367665632847,0.0,3.491982592207169,31.17283950617284,0.00037817674722031864,117.48201201970795,7.42969129112036,5.261666898404823,0.0,3.485511049562194,31.17283950617284,0.0003679769686209047,117.2453576466366,6.727792210446591,5.228778951700286,0.0,-0.036745764826987326,-1.8518518518518547,-5.369913055659943e-05,-1.5380568737219278,-0.937126260559868,-0.21429923277197638,0.0,-0.0302742221820127,-1.8518518518518547,-4.349935195718547e-05,-1.3014025006505818,-0.23522717988609898,-0.18141128606743884,0.0
2013-05-30,27,True,3.3683719402819388,34.722222222222214,0.0004981567825185066,102.16261889879618,9.104464074045035,5.066558478760472,0.0,3.4037304354032107,36.03395061728394,0.0005488760625810226,103.73611772523098,9.114181058798694,5.242222383824486,0.0,3.3956495659177306,35.72530864197531,0.000540312371208431,103.48574328650992,9.155517501667953,5.219928309953924,0.0,-0.03535849512127198,-1.3117283950617278,-5.0719280062516e-05,-1.5734988264348004,-0.00971698475365912,-0.17566390506401408,0.0,-0.027277625635791836,-1.003086419753096,-4.215558868992438e-05,-1.323124387713733,-0.05105342762291798,-0.15336983119345238,0.0
2013-05-31,27,True,3.1200493121808877,32.25308641975309,0.0003678868187684075,104.1558555340973,8.631832219114235,4.547417325530208,0.0,3.147976954339245,35.03086419753087,0.00042352171829386373,106.38919753366581,8.839341853452307,4.758372561880858,0.0,3.1373169768479765,33.33333333333333,0.00040709134257839626,105.51590857822335,8.897663753882382,4.680701932924084,0.0,-0.02792764215835719,-2.7777777777777786,-5.563489952545623e-05,-2.233341999568509,-0.2075096343380718,-0.2109552363506495,0.0,-0.017267664667088845,-1.0802469135802397,-3.920452380998875e-05,-1.3600530441260474,-0.2658315347681466,-0.13328460739387538,0.0
2013-06-01,27,True,4.241207508939355,16.435185185185183,0.0001550331648814265,96.4681893694098,5.857571435901969,4.500743425368281,0.0,4.222830005248361,16.049382716049383,0.0001700797896825376,98.75043725056408,5.894301894042888,4.625957315629598,0.0,4.237550422163963,15.277777777777777,0.00016382271465695708,97.37983709582849,5.923477040108761,4.559575470758455,0.0,0.01837750369099389,0.3858024691358004,-1.5046624801111108e-05,-2.2822478811542766,-0.03673045814091935,-0.12521389026131668,0.0,0.0036570867753917824,1.1574074074074066,-8.789549775530588e-06,-0.9116477264186926,-0.06590560420679203,-0.05883204539017406,0.0
2013-06-02,27,True,5.946748387382511,6.635802469135803,5.72203498952518e-05,101.12279920180663,3.770480185302746,5.973481220568334,0.0,5.940090373237966,7.4074074074074066,6.628206080185273e-05,101.84683458332259,4.87512277676223,6.046507324138952,0.0,5.945512875208624,7.638888888888888,6.651107303531739e-05,101.65348651727808,4.952998386155143,6.034788580425346,0.0,0.0066580141445449215,-0.7716049382716035,-9.061710906600928e-06,-0.7240353815159608,-1.1046425914594837,-0.07302610357061834,0.0,0.0012355121738876207,-1.0030864197530853,-9.29072314006559e-06,-0.5306873154714538,-1.1825182008523973,-0.06130735985701197,0.0
2013-06-03,27,True,5.59577027507158,13.348765432098766,0.0001694586182857858,122.43182449257,2.796867952865728,7.28542377779382,0.0,5.615325953266904,13.88888888888889,0.00017969983478427864,122.98620887124042,3.1100086886744704,7.386245011296906,0.0,5.613769292660247,13.96604938271605,0.0001789896705899991,122.92865703723355,3.2685223767992952,7.381224459400017,0.0,-0.019555678195324333,-0.5401234567901234,-1.0241216498492825e-05,-0.5543843786704201,-0.3131407358087426,-0.10082123350308603,0.0,-0.017999017588667066,-0.6172839506172849,-9.531052304213275e-06,-0.49683254466354754,-0.4716544239335674,-0.09580068160619692,0.0
2013-06-04,27,True,4.9622231213952945,16.28086419753086,0.0002541924608851957,118.31502318352324,5.591840798232567,6.8270160177591075,0.0,4.978044385917942,17.05246913580247,0.0002683535952649921,119.49149763947048,5.976991363562149,6.969545350137748,0.0,4.974486776027699,16.589506172839506,0.0002682395247909371,119.3209528322005,6.091672307831173,6.949953883626961,0.0,-0.015821264522647205,-0.7716049382716079,-1.416113437979641e-05,-1.1764744559472433,-0.3851505653295826,-0.14252933237864074,0.0,-0.012263654632404197,-0.308641975308646,-1.4047063905741372e-05,-1.0059296486772666,-0.49983150959860634,-0.12293786586785327,0.0
2013-06-05,27,True,4.924611545831622,11.805555555555557,0.0001448683300657782,124.74236016329206,5.356613346923372,6.4892163870106,0.0,4.92782657115168,13.040123456790123,0.00015786541691572125,126.66000765744981,5.8247703257475045,6.667853485502734,0.0,4.930454114543671,12.422839506172838,0.00015345451625336108,126.23819911360415,5.8197978922875135,6.627252095715728,0.0,-0.003215025320058018,-1.2345679012345663,-1.2997086849943034e-05,-1.9176474941577482,-0.46815697882413243,-0.17863709849213372,0.0,-0.005842568712048468,-0.6172839506172814,-8.586186187582864e-06,-1.4958389503120912,-0.46318454536414144,-0.13803570870512782,0.0
2013-06-06,27,True,5.088940689461801,11.342592592592593,0.00011391470606306512,121.89767411446397,2.3573779138004234,6.565188518099812,0.0,5.093943831539632,11.959876543209875,0.00013657613636478458,123.43876263068962,3.877189376156886,6.718613635106411,0.0,5.09476628448276,11.959876543209878,0.0001345726850077059,123.15625839698728,3.4414799412409494,6.694436957057242,0.0,-0.0050031420778315905,-0.6172839506172814,-2.266143030171946e-05,-1.5410885162256562,-1.5198114623564627,-0.15342511700659944,0.0,-0.005825595020959362,-0.6172839506172849,-2.065797894464078e-05,-1.2585842825233158,-1.084102027440526,-0.12924843895743,0.0
2013-06-07,27,True,4.257540946055103,24.382716049382715,0.0003176334652092041,119.16161034067076,11.062120998992205,5.906813500217638,0.0,4.252044890457212,25.0,0.0003397601827891342,119.51615833093803,11.213595216317044,5.995770745168295,0.0,4.253342504538811,24.922839506172835,0.00034015649294879624,119.52850135447525,11.258033117047288,5.997257350979785,0.0,0.005496055597891569,-0.6172839506172849,-2.212671757993007e-05,-0.3545479902672639,-0.15147421732483934,-0.08895724495065771,0.0,0.0041984415162925615,-0.5401234567901199,-2.2523027739592132e-05,-0.36689101380449074,-0.1959121180550838,-0.09044385076214745,0.0
2013-06-08,27,True,4.517832993046373,15.89506172839506,0.00028289412475425007,113.25768523471831,8.271371653384275,5.78174635284457,0.0,4.520442879848812,16.049382716049383,0.0002964606885651314,113.77141154187623,8.362974290774346,5.847333653423474,0.0,4.523241547829871,16.049382716049383,0.0002985869315748149,113.83315863567675,8.441108227187732,5.86137402926546,0.0,-0.0026098868024382327,-0.154320987654323,-1.356656381088135e-05,-0.5137263071579241,-0.09160263739007135,-0.06558730057890472,0.0,-0.0054085547834974435,-0.154320987654323,-1.5692806820564824e-05,-0.5754734009584439,-0.16973657380345664,-0.0796276764208903,0.0
2013-06-09,27,True,4.450946623820671,25.07716049382716,0.0003521458539730562,115.2280893932249,12.17231324622193,6.702484467324829,0.0,4.470887311053566,24.922839506172835,0.0003735561751270805,115.2280893932249,12.437206459902725,6.784551051183319,0.0,4.469652705303859,24.845679012345677,0.00037238127699667166,115.2280893932249,12.49014180963043,6.775726735448163,0.0,-0.01994068723289555,0.15432098765432656,-2.14103211540243e-05,0.0,-0.26489321368079466,-0.08206658385849064,0.0,-0.018706081483188086,0.2314814814814845,-2.0235423023615444e-05,0.0,-0.31782856340849897,-0.07324226812333468,0.0
2013-06-10,27,True,5.099344698759244,12.191358024691358,0.00027696637368782067,110.34150137159948,0.5976348877372503,6.52820696982622,0.0,5.111289796070862,13.425925925925927,0.0003039217512368146,111.46614843832154,0.5922789520272443,6.649099388890105,0.0,5.110773752761346,13.503086419753085,0.0003029255742205059,111.46952053689479,0.6292996842848695,6.647941818890504,0.0,-0.011945097311618191,-1.2345679012345698,-2.6955377548993915e-05,-1.124647066722062,0.005355935710005921,-0.12089241906388448,0.0,-0.011429054002102035,-1.3117283950617278,-2.5959200532685224e-05,-1.1280191652953135,-0.03166479654761922,-0.119734849064284,0.0
2013-06-11,27,True,4.157770683347816,26.466049382716044,0.0003452046205389498,120.35004679683672,7.529375705132614,6.203613160178473,0.0,4.191136130792318,28.086419753086417,0.00037788001486594325,120.71561770752622,8.34622207012946,6.358610903530096,0.0,4.189593828524825,28.086419753086417,0.0003758910485554814,120.73614418111707,8.2598321905711,6.353778091874317,0.0,-0.03336544744450176,-1.6203703703703738,-3.267539432699344e-05,-0.3655709106894989,-0.8168463649968469,-0.15499774335162275,0.0,-0.03182314517700924,-1.6203703703703738,-3.06864280165316e-05,-0.38609738428034746,-0.7304564854384861,-0.15016493169584422,0.0
2013-06-12,27,True,5.853390258693487,9.104938271604938,0.00014858176804775813,126.50265986362558,0.0,7.309518329303735,0.0,5.841062648613558,9.645061728395062,0.00016082508450915352,127.83290584485987,0.0,7.476214809969186,0.0,5.849090051645293,9.5679012345679,0.00015969106738483797,127.42632745118391,0.0,7.429846936370107,0.0,0.012327610079928775,-0.5401234567901234,-1.224331646139539e-05,-1.3302459812342846,0.0,-0.1666964806654505,0.0,0.004300207048194338,-0.4629629629629619,-1.110929933707984e-05,-0.9236675875583273,0.0,-0.12032860706637205,0.0
2013-06-13,27,True,4.521548801245787,26.466049382716044,0.00031400817015159795,131.90778420782735,7.8372169103038685,7.246472940841283,0.0,4.55555437117074,27.546296296296298,0.00035349324582777895,132.0924902174787,8.916100651607534,7.415105467318911,0.0,4.551953362436764,27.546296296296298,0.0003515361660737011,132.1237841062788,9.025444108595,7.406775183764002,0.0,-0.03400556992495307,-1.080246913580254,-3.9485075676181e-05,-0.1847060096513644,-1.0788837413036658,-0.16863252647762828,0.0,-0.03040456119097712,-1.080246913580254,-3.752799592210318e-05,-0.21599989845145728,-1.1882271982911314,-0.160302242922719,0.0
2013-06-14,27,True,4.52795285135766,23.45679012345679,0.00035481971423017645,112.1659613041638,12.728025041945784,6.636597457102578,0.0,4.551754722097018,24.922839506172835,0.00038532405921143956,113.69279130794801,13.10680201190506,6.828900101355696,0.0,4.545625413305022,24.151234567901234,0.00037163102233428794,113.02556817727913,13.113354931762897,6.742067853656246,0.0,-0.02380187073935769,-1.4660493827160437,-3.050434498126311e-05,-1.5268300037842124,-0.3787769699592758,-0.19230264425311816,0.0,-0.017672561947361665,-0.6944444444444429,-1.681130810411149e-05,-0.8596068731153252,-0.3853298898171129,-0.10547039655366763,0.0
2013-06-15,27,True,4.738342176870862,11.188271604938272,0.00015741477697923037,98.85640950899167,2.497453926251281,5.378759041473403,0.0,4.7373848368407465,11.728395061728396,0.00016242759676485252,100.48215844960843,2.4956157884644594,5.523522177341401,0.0,4.737634526726401,11.651234567901234,0.0001624404356123889,100.06969933456494,2.5532115943924882,5.482335462930175,0.0,0.0009573400301157164,-0.5401234567901234,-5.0128197856221565e-06,-1.6257489406167593,0.0018381377868217363,-0.14476313586799794,0.0,0.0007076501444611694,-0.4629629629629619,-5.025658633158538e-06,-1.2132898255732698,-0.055757668141207084,-0.10357642145677204,0.0
2013-06-16,27,True,4.976683594217078,19.984567901234566,0.00034082850263497015,112.86854922410706,9.519472081305356,6.582466517864782,0.0,5.000227942517932,20.679012345679013,0.0003577457083433747,113.44424306999042,9.685284872868776,6.69184917838583,0.0,4.9923458946594055,20.37037037037037,0.0003536134273875162,113.25340677058243,9.698844147889968,6.661031476276211,0.0,-0.023544348300854168,-0.6944444444444464,-1.691720570840455e-05,-0.5756938458833645,-0.16581279156342,-0.10938266052104773,0.0,-0.015662300442327748,-0.38580246913580396,-1.2784924752546028e-05,-0.3848575464753736,-0.17937206658461236,-0.07856495841142852,0.0
2013-06-17,27,True,5.983139819593851,12.885802469135802,0.00019234042156518027,126.20469309785491,0.0,8.354341092971785,0.0,5.989390587159194,13.348765432098764,0.00021484648369555516,127.28461178982526,0.0,8.507188172871196,0.0,5.989373405483667,13.117283950617283,0.00020821482539575803,127.0148055234885,0.0,8.470015556390365,0.0,-0.006250767565343374,-0.4629629629629619,-2.2506062130374892e-05,-1.0799186919703487,0.0,-0.15284707989941104,0.0,-0.006233585889815707,-0.23148148148148096,-1.587440383057776e-05,-0.8101124256335908,0.0,-0.11567446341858023,0.0
2013-06-18,27,True,5.1628256960456405,21.75925925925926,0.0003328488852537669,120.95183355608725,5.238493123951717,7.3983111988853185,0.0,5.188986536805944,22.685185185185187,0.00038043554729744276,122.52439975561119,6.2053344462749305,7.620444947581305,0.0,5.181785081306611,22.608024691358022,0.00036759124079949304,122.10666047925162,6.082624779529052,7.567560708155137,0.0,-0.026160840760303117,-0.9259259259259274,-4.7586662043675864e-05,-1.5725661995239335,-0.9668413223232131,-0.22213374869598645,0.0,-0.018959385260970407,-0.8487654320987623,-3.474235554572615e-05,-1.1548269231643644,-0.8441316555773346,-0.16924950926981808,0.0
2013-06-19,27,True,6.292927156614969,11.342592592592593,0.0001778223194520733,124.39648766434865,0.0,7.778985853111081,0.0,6.292606330631222,11.728395061728396,0.00019419337740342907,126.03718101961117,0.0,7.94818150476151,0.0,6.298899810023779,11.342592592592593,0.0001871084094245556,125.48030772039314,0.0,7.878182105675887,0.0,0.00032082598374660876,-0.3858024691358022,-1.637105795135576e-05,-1.6406933552625134,0.0,-0.16919565165042894,0.0,-0.00597265340881048,0.0,-9.286089972482297e-06,-1.0838200560444875,0.0,-0.09919625256480646,0.0
2013-06-20,27,True,5.485126811514952,14.737654320987653,0.00018697139158526809,121.9656253299448,0.49757804026044733,6.91498659803809,0.0,5.4872383949621275,15.817901234567898,0.00021247275382149674,122.9045441696812,0.6798557173526266,7.074064308308096,0.0,5.488727252099673,15.663580246913577,0.0002067663048566763,122.78171192942777,0.7226634334332429,7.045378799372448,0.0,-0.0021115834471752137,-1.080246913580245,-2.5501362236228655e-05,-0.9389188397364023,-0.1822776770921793,-0.15907771027000628,0.0,-0.0036004405847203103,-0.9259259259259238,-1.9794913271408213e-05,-0.816086599482972,-0.22508539317279558,-0.1303922013343577,0.0
2013-06-21,27,True,5.703485631184889,16.666666666666664,0.00020321943151580872,121.40086918327195,2.476888622978657,7.56802983956304,0.0,5.708861519552634,16.589506172839506,0.00023175068610152647,121.90201981136435,3.828624795850357,7.722081360804096,0.0,5.708301615378968,16.512345679012345,0.00022163267148571497,121.7210968571252,3.8170932453850472,7.6753634823116945,0.0,-0.005375888367745496,0.07716049382715795,-2.8531254585717757e-05,-0.5011506280924038,-1.3517361728717003,-0.15405152124105648,0.0,-0.004815984194078915,0.15432098765431945,-1.8413239969906252e-05,-0.32022767385325324,-1.3402046224063904,-0.10733364274865487,0.0
2013-06-22,27,True,6.197215945634009,14.19753086419753,0.0002178605531878247,121.53333915006561,0.0,7.767945779074514,0.0,6.211680256641786,14.506172839506174,0.00023335513541190397,121.87373596739809,0.0,7.847448017087347,0.0,6.2084757449115555,14.274691358024691,0.0002318981232034316,121.87373596739809,0.0,7.840748483460539,0.0,-0.01446431100777712,-0.30864197530864423,-1.5494582224079263e-05,-0.3403968173324756,0.0,-0.0795022380128323,0.0,-0.011259799277546279,-0.0771604938271615,-1.4037570015606901e-05,-0.3403968173324756,0.0,-0.07280270438602443,0.0
2013-06-23,27,True,5.840732326317757,12.268518518518517,0.00026669466651574103,116.9425282293982,1.1796316539934724,6.902413633431598,0.0,5.831570344503139,12.80864197530864,0.0002896422088515053,118.54847082495442,1.4494838822465628,7.03871411648651,0.0,5.8371608784334414,12.577160493827158,0.0002864541937189193,117.8528832263669,1.4566791546353477,6.995784707564513,0.0,0.009161981814617803,-0.5401234567901234,-2.2947542335764292e-05,-1.6059425955562148,-0.2698522282530904,-0.13630048305491194,0.0,0.003571447884315404,-0.3086419753086407,-1.9759527203178247e-05,-0.9103549969686924,-0.27704750064187533,-0.09337107413291523,0.0
2013-06-24,27,True,5.530895046152749,14.120370370370368,0.00015542148103998824,130.02382378347096,3.662067422647555,7.499270756443395,0.0,5.544934204670325,14.814814814814813,0.00016333849729135711,130.02382378347096,4.191252794110142,7.589413006246466,0.0,5.543616308081676,14.969135802469136,0.00016437967717233725,130.02382378347096,4.331359046882999,7.589058432110665,0.0,-0.014039158517575423,-0.6944444444444446,-7.917016251368875e-06,0.0,-0.5291853714625865,-0.09014224980307084,0.0,-0.01272126192892653,-0.8487654320987676,-8.958196132349014e-06,0.0,-0.6692916242354436,-0.08978767566726997,0.0
2013-06-25,27,True,6.027794810197863,13.503086419753085,0.00020470585950693355,130.10073988058005,0.0,8.157002535874312,0.0,6.039074633853194,13.966049382716047,0.00021726185411965427,130.48972276784806,0.015103780729042228,8.246132469351874,0.0,6.040362562607396,14.043209876543209,0.0002169936703963136,130.47753933092136,0.2415612713154428,8.242782451077552,0.0,-0.011279823655331533,-0.4629629629629619,-1.255599461272072e-05,-0.3889828872680141,-0.015103780729042228,-0.0891299334775617,0.0,-0.012567752409533561,-0.5401234567901234,-1.2287810889380043e-05,-0.37679945034130924,-0.2415612713154428,-0.08577991520323991,0.0
2013-06-26,27,True,5.621267038685972,14.274691358024691,0.00026092393090070546,132.71931380502616,10.219107110380246,8.263941771366325,0.0,5.625809364432927,16.126543209876544,0.00028048831385106765,132.78308224250463,10.31066811089862,8.3733308441692,0.0,5.626209279452646,16.126543209876544,0.00027941959773108727,132.78308224250463,10.342948494658296,8.367615559281596,0.0,-0.0045423257469545675,-1.851851851851853,-1.9564382950362194e-05,-0.0637684374784726,-0.09156100051837335,-0.10938907280287502,0.0,-0.004942240766673933,-1.851851851851853,-1.849566683038181e-05,-0.0637684374784726,-0.12384138427804992,-0.10367378791527138,0.0
2013-06-27,27,True,5.582671742987232,9.336419753086417,0.00011405158238853242,122.40127262337721,4.232716692629966,7.438957380537673,0.0,5.573996773325269,10.339506172839506,0.00012485997796999918,123.2219873459097,4.465224463136632,7.556933320451585,0.0,5.579533395165204,10.339506172839506,0.00012479098220569056,123.05150590975803,4.486023605405819,7.535727342522838,0.0,0.008674969661963239,-1.0030864197530889,-1.0808395581466762e-05,-0.820714722532486,-0.2325077705066665,-0.11797593991391242,0.0,0.0031383478220279315,-1.0030864197530889,-1.0739399817158148e-05,-0.6502332863808249,-0.2533069127758534,-0.09676996198516541,0.0
2013-06-28,27,True,5.434246592732991,15.432098765432098,0.00020733823576365106,137.2599800633411,6.1384955573141795,7.6890548343028104,0.0,5.4328392843032605,15.740740740740739,0.00022527870423047337,137.42167484851097,6.38171680546555,7.760799493106448,0.0,5.433713060071408,15.817901234567898,0.00022540534144836345,137.41279277092212,6.385820341351027,7.76126004566893,0.0,0.0014073084297301364,-0.3086419753086407,-1.7940468466822308e-05,-0.16169478516988534,-0.2432212481513707,-0.07174465880363723,0.0,0.0005335326615822922,-0.3858024691358004,-1.8067105684712394e-05,-0.1528127075810346,-0.24732478403684777,-0.07220521136611957,0.0
2013-06-29,27,True,5.655806818671392,15.200617283950619,0.00033983020120912136,118.13095571420695,12.284695223788287,7.313068949096276,0.0,5.662317442965786,15.432098765432098,0.00033673050798607354,118.13095571420695,12.353265886279777,7.351817091275667,0.0,5.66351218322926,15.432098765432098,0.0003382011069053658,118.13095571420695,12.382182222222363,7.353743924205817,0.0,-0.00651062429439353,-0.23148148148147918,3.0996932230478182e-06,0.0,-0.06857066249149035,-0.03874814217939093,0.0,-0.007705364557867966,-0.23148148148147918,1.6290943037555673e-06,0.0,-0.09748699843407671,-0.040674975109541656,0.0
2013-06-30,27,True,5.606728056931754,8.564814814814813,9.80013513900424e-05,105.2539572244959,5.071182858149817,6.869748288592777,0.0,5.6119597842225275,8.950617283950617,9.915649211669867e-05,105.36886801574903,5.090587824814924,6.904052816302014,0.0,5.612516197818655,8.950617283950617,9.952629255977817e-05,105.38929066912593,5.138520329755851,6.907754728723917,0.0,-0.005231727290773591,-0.38580246913580396,-1.155140726656265e-06,-0.11491079125312353,-0.019404966665106826,-0.034304527709236865,0.0,-0.005788140886901161,-0.38580246913580396,-1.5249411697357686e-06,-0.13533344463002095,-0.06733747160603354,-0.03800644013114063,0.0
